type,material_a,material_b,i,j,sample_i,sample_j,mean_distance,max_distance,png
Al_board-Al_board,Al_board,Al_board,0,1,227,140,0.008229688521592685,0.024253273977455563,C:\Users\haru4\OneDrive - 学校法人立命館\ドキュメント\研究\研究コード\code\liquid_state_spike_filter_distance_pair_inputs_rep1\pair_plots_Al_board_vs_Al_board\Al_board_00_id227_vs_Al_board_01_id140.png
Al_board-Al_board,Al_board,Al_board,0,2,227,224,0.014025703954958715,0.029340992945856615,C:\Users\haru4\OneDrive - 学校法人立命館\ドキュメント\研究\研究コード\code\liquid_state_spike_filter_distance_pair_inputs_rep1\pair_plots_Al_board_vs_Al_board\Al_board_00_id227_vs_Al_board_02_id224.png
Al_board-Al_board,Al_board,Al_board,0,3,227,310,0.013380315236185302,0.03361517896166124,C:\Users\haru4\OneDrive - 学校法人立命館\ドキュメント\研究\研究コード\code\liquid_state_spike_filter_distance_pair_inputs_rep1\pair_plots_Al_board_vs_Al_board\Al_board_00_id227_vs_Al_board_03_id310.png
Al_board-Al_board,Al_board,Al_board,0,4,227,180,0.01134362324431453,0.0320102782724871,C:\Users\haru4\OneDrive - 学校法人立命館\ドキュメント\研究\研究コード\code\liquid_state_spike_filter_distance_pair_inputs_rep1\pair_plots_Al_board_vs_Al_board\Al_board_00_id227_vs_Al_board_04_id180.png
Al_board-Al_board,Al_board,Al_board,0,5,227,62,0.013460534396779786,0.02924548979159944,C:\Users\haru4\OneDrive - 学校法人立命館\ドキュメント\研究\研究コード\code\liquid_state_spike_filter_distance_pair_inputs_rep1\pair_plots_Al_board_vs_Al_board\Al_board_00_id227_vs_Al_board_05_id62.png
Al_board-Al_board,Al_board,Al_board,0,6,227,266,0.014205005598201264,0.035280469598361286,C:\Users\haru4\OneDrive - 学校法人立命館\ドキュメント\研究\研究コード\code\liquid_state_spike_filter_distance_pair_inputs_rep1\pair_plots_Al_board_vs_Al_board\Al_board_00_id227_vs_Al_board_06_id266.png
Al_board-Al_board,Al_board,Al_board,0,7,227,197,0.011577918377174036,0.02765762158639995,C:\Users\haru4\OneDrive - 学校法人立命館\ドキュメント\研究\研究コード\code\liquid_state_spike_filter_distance_pair_inputs_rep1\pair_plots_Al_board_vs_Al_board\Al_board_00_id227_vs_Al_board_07_id197.png
Al_board-Al_board,Al_board,Al_board,0,8,227,165,0.012290534708689939,0.026623166995292314,C:\Users\haru4\OneDrive - 学校法人立命館\ドキュメント\研究\研究コード\code\liquid_state_spike_filter_distance_pair_inputs_rep1\pair_plots_Al_board_vs_Al_board\Al_board_00_id227_vs_Al_board_08_id165.png
Al_board-Al_board,Al_board,Al_board,0,9,227,251,0.010295118487595954,0.03265691311807728,C:\Users\haru4\OneDrive - 学校法人立命館\ドキュメント\研究\研究コード\code\liquid_state_spike_filter_distance_pair_inputs_rep1\pair_plots_Al_board_vs_Al_board\Al_board_00_id227_vs_Al_board_09_id251.png
Al_board-Al_board,Al_board,Al_board,0,10,227,75,0.015461885079027404,0.034956763202477266,C:\Users\haru4\OneDrive - 学校法人立命館\ドキュメント\研究\研究コード\code\liquid_state_spike_filter_distance_pair_inputs_rep1\pair_plots_Al_board_vs_Al_board\Al_board_00_id227_vs_Al_board_10_id75.png
Al_board-Al_board,Al_board,Al_board,0,11,227,48,0.012603145987680128,0.02897120007274541,C:\Users\haru4\OneDrive - 学校法人立命館\ドキュメント\研究\研究コード\code\liquid_state_spike_filter_distance_pair_inputs_rep1\pair_plots_Al_board_vs_Al_board\Al_board_00_id227_vs_Al_board_11_id48.png
Al_board-Al_board,Al_board,Al_board,0,12,227,16,0.01397522688702543,0.035856606906668705,C:\Users\haru4\OneDrive - 学校法人立命館\ドキュメント\研究\研究コード\code\liquid_state_spike_filter_distance_pair_inputs_rep1\pair_plots_Al_board_vs_Al_board\Al_board_00_id227_vs_Al_board_12_id16.png
Al_board-Al_board,Al_board,Al_board,0,13,227,200,0.01465694669928942,0.03457951809711608,C:\Users\haru4\OneDrive - 学校法人立命館\ドキュメント\研究\研究コード\code\liquid_state_spike_filter_distance_pair_inputs_rep1\pair_plots_Al_board_vs_Al_board\Al_board_00_id227_vs_Al_board_13_id200.png
Al_board-Al_board,Al_board,Al_board,0,14,227,98,0.015035810353964897,0.03326672801493287,C:\Users\haru4\OneDrive - 学校法人立命館\ドキュメント\研究\研究コード\code\liquid_state_spike_filter_distance_pair_inputs_rep1\pair_plots_Al_board_vs_Al_board\Al_board_00_id227_vs_Al_board_14_id98.png
Al_board-Al_board,Al_board,Al_board,1,2,140,224,0.012232964199518729,0.029813750010501277,C:\Users\haru4\OneDrive - 学校法人立命館\ドキュメント\研究\研究コード\code\liquid_state_spike_filter_distance_pair_inputs_rep1\pair_plots_Al_board_vs_Al_board\Al_board_01_id140_vs_Al_board_02_id224.png
Al_board-Al_board,Al_board,Al_board,1,3,140,310,0.011750802763295123,0.028967304512385494,C:\Users\haru4\OneDrive - 学校法人立命館\ドキュメント\研究\研究コード\code\liquid_state_spike_filter_distance_pair_inputs_rep1\pair_plots_Al_board_vs_Al_board\Al_board_01_id140_vs_Al_board_03_id310.png
Al_board-Al_board,Al_board,Al_board,1,4,140,180,0.009975312132757066,0.030580658787388967,C:\Users\haru4\OneDrive - 学校法人立命館\ドキュメント\研究\研究コード\code\liquid_state_spike_filter_distance_pair_inputs_rep1\pair_plots_Al_board_vs_Al_board\Al_board_01_id140_vs_Al_board_04_id180.png
Al_board-Al_board,Al_board,Al_board,1,5,140,62,0.012078671404880094,0.023772883672885096,C:\Users\haru4\OneDrive - 学校法人立命館\ドキュメント\研究\研究コード\code\liquid_state_spike_filter_distance_pair_inputs_rep1\pair_plots_Al_board_vs_Al_board\Al_board_01_id140_vs_Al_board_05_id62.png
Al_board-Al_board,Al_board,Al_board,1,6,140,266,0.011646093521292524,0.028492509487929252,C:\Users\haru4\OneDrive - 学校法人立命館\ドキュメント\研究\研究コード\code\liquid_state_spike_filter_distance_pair_inputs_rep1\pair_plots_Al_board_vs_Al_board\Al_board_01_id140_vs_Al_board_06_id266.png
Al_board-Al_board,Al_board,Al_board,1,7,140,197,0.010987668273013436,0.03164086999946778,C:\Users\haru4\OneDrive - 学校法人立命館\ドキュメント\研究\研究コード\code\liquid_state_spike_filter_distance_pair_inputs_rep1\pair_plots_Al_board_vs_Al_board\Al_board_01_id140_vs_Al_board_07_id197.png
Al_board-Al_board,Al_board,Al_board,1,8,140,165,0.009451009472504672,0.028372180632568772,C:\Users\haru4\OneDrive - 学校法人立命館\ドキュメント\研究\研究コード\code\liquid_state_spike_filter_distance_pair_inputs_rep1\pair_plots_Al_board_vs_Al_board\Al_board_01_id140_vs_Al_board_08_id165.png
Al_board-Al_board,Al_board,Al_board,1,9,140,251,0.00883615457815357,0.023903497796718468,C:\Users\haru4\OneDrive - 学校法人立命館\ドキュメント\研究\研究コード\code\liquid_state_spike_filter_distance_pair_inputs_rep1\pair_plots_Al_board_vs_Al_board\Al_board_01_id140_vs_Al_board_09_id251.png
Al_board-Al_board,Al_board,Al_board,1,10,140,75,0.016512023243714143,0.03161427877487591,C:\Users\haru4\OneDrive - 学校法人立命館\ドキュメント\研究\研究コード\code\liquid_state_spike_filter_distance_pair_inputs_rep1\pair_plots_Al_board_vs_Al_board\Al_board_01_id140_vs_Al_board_10_id75.png
Al_board-Al_board,Al_board,Al_board,1,11,140,48,0.0118858117579708,0.030835848701105163,C:\Users\haru4\OneDrive - 学校法人立命館\ドキュメント\研究\研究コード\code\liquid_state_spike_filter_distance_pair_inputs_rep1\pair_plots_Al_board_vs_Al_board\Al_board_01_id140_vs_Al_board_11_id48.png
Al_board-Al_board,Al_board,Al_board,1,12,140,16,0.013645493414807142,0.03862623614400062,C:\Users\haru4\OneDrive - 学校法人立命館\ドキュメント\研究\研究コード\code\liquid_state_spike_filter_distance_pair_inputs_rep1\pair_plots_Al_board_vs_Al_board\Al_board_01_id140_vs_Al_board_12_id16.png
Al_board-Al_board,Al_board,Al_board,1,13,140,200,0.013097440644860606,0.03740067956727798,C:\Users\haru4\OneDrive - 学校法人立命館\ドキュメント\研究\研究コード\code\liquid_state_spike_filter_distance_pair_inputs_rep1\pair_plots_Al_board_vs_Al_board\Al_board_01_id140_vs_Al_board_13_id200.png
Al_board-Al_board,Al_board,Al_board,1,14,140,98,0.011736219169528198,0.029276052576436583,C:\Users\haru4\OneDrive - 学校法人立命館\ドキュメント\研究\研究コード\code\liquid_state_spike_filter_distance_pair_inputs_rep1\pair_plots_Al_board_vs_Al_board\Al_board_01_id140_vs_Al_board_14_id98.png
Al_board-Al_board,Al_board,Al_board,2,3,224,310,0.009678112359795935,0.025244051560530972,C:\Users\haru4\OneDrive - 学校法人立命館\ドキュメント\研究\研究コード\code\liquid_state_spike_filter_distance_pair_inputs_rep1\pair_plots_Al_board_vs_Al_board\Al_board_02_id224_vs_Al_board_03_id310.png
Al_board-Al_board,Al_board,Al_board,2,4,224,180,0.014481599719528065,0.028638460436390407,C:\Users\haru4\OneDrive - 学校法人立命館\ドキュメント\研究\研究コード\code\liquid_state_spike_filter_distance_pair_inputs_rep1\pair_plots_Al_board_vs_Al_board\Al_board_02_id224_vs_Al_board_04_id180.png
Al_board-Al_board,Al_board,Al_board,2,5,224,62,0.010933514767753585,0.023574878554538593,C:\Users\haru4\OneDrive - 学校法人立命館\ドキュメント\研究\研究コード\code\liquid_state_spike_filter_distance_pair_inputs_rep1\pair_plots_Al_board_vs_Al_board\Al_board_02_id224_vs_Al_board_05_id62.png
Al_board-Al_board,Al_board,Al_board,2,6,224,266,0.011454979931412396,0.030621480237991227,C:\Users\haru4\OneDrive - 学校法人立命館\ドキュメント\研究\研究コード\code\liquid_state_spike_filter_distance_pair_inputs_rep1\pair_plots_Al_board_vs_Al_board\Al_board_02_id224_vs_Al_board_06_id266.png
Al_board-Al_board,Al_board,Al_board,2,7,224,197,0.008984528656757916,0.023329735556327908,C:\Users\haru4\OneDrive - 学校法人立命館\ドキュメント\研究\研究コード\code\liquid_state_spike_filter_distance_pair_inputs_rep1\pair_plots_Al_board_vs_Al_board\Al_board_02_id224_vs_Al_board_07_id197.png
Al_board-Al_board,Al_board,Al_board,2,8,224,165,0.011412076554427863,0.03263261994154616,C:\Users\haru4\OneDrive - 学校法人立命館\ドキュメント\研究\研究コード\code\liquid_state_spike_filter_distance_pair_inputs_rep1\pair_plots_Al_board_vs_Al_board\Al_board_02_id224_vs_Al_board_08_id165.png
Al_board-Al_board,Al_board,Al_board,2,9,224,251,0.012352383131638686,0.03201039101462645,C:\Users\haru4\OneDrive - 学校法人立命館\ドキュメント\研究\研究コード\code\liquid_state_spike_filter_distance_pair_inputs_rep1\pair_plots_Al_board_vs_Al_board\Al_board_02_id224_vs_Al_board_09_id251.png
Al_board-Al_board,Al_board,Al_board,2,10,224,75,0.015610228142252505,0.03621782181123507,C:\Users\haru4\OneDrive - 学校法人立命館\ドキュメント\研究\研究コード\code\liquid_state_spike_filter_distance_pair_inputs_rep1\pair_plots_Al_board_vs_Al_board\Al_board_02_id224_vs_Al_board_10_id75.png
Al_board-Al_board,Al_board,Al_board,2,11,224,48,0.01267875165324801,0.035239425486335525,C:\Users\haru4\OneDrive - 学校法人立命館\ドキュメント\研究\研究コード\code\liquid_state_spike_filter_distance_pair_inputs_rep1\pair_plots_Al_board_vs_Al_board\Al_board_02_id224_vs_Al_board_11_id48.png
Al_board-Al_board,Al_board,Al_board,2,12,224,16,0.016132438572548296,0.03874722112839767,C:\Users\haru4\OneDrive - 学校法人立命館\ドキュメント\研究\研究コード\code\liquid_state_spike_filter_distance_pair_inputs_rep1\pair_plots_Al_board_vs_Al_board\Al_board_02_id224_vs_Al_board_12_id16.png
Al_board-Al_board,Al_board,Al_board,2,13,224,200,0.009453058478266132,0.026808635645087238,C:\Users\haru4\OneDrive - 学校法人立命館\ドキュメント\研究\研究コード\code\liquid_state_spike_filter_distance_pair_inputs_rep1\pair_plots_Al_board_vs_Al_board\Al_board_02_id224_vs_Al_board_13_id200.png
Al_board-Al_board,Al_board,Al_board,2,14,224,98,0.011951978785327777,0.03778506183173299,C:\Users\haru4\OneDrive - 学校法人立命館\ドキュメント\研究\研究コード\code\liquid_state_spike_filter_distance_pair_inputs_rep1\pair_plots_Al_board_vs_Al_board\Al_board_02_id224_vs_Al_board_14_id98.png
Al_board-Al_board,Al_board,Al_board,3,4,310,180,0.012114490570724301,0.03666427456609368,C:\Users\haru4\OneDrive - 学校法人立命館\ドキュメント\研究\研究コード\code\liquid_state_spike_filter_distance_pair_inputs_rep1\pair_plots_Al_board_vs_Al_board\Al_board_03_id310_vs_Al_board_04_id180.png
Al_board-Al_board,Al_board,Al_board,3,5,310,62,0.00838460544055148,0.023634070493048512,C:\Users\haru4\OneDrive - 学校法人立命館\ドキュメント\研究\研究コード\code\liquid_state_spike_filter_distance_pair_inputs_rep1\pair_plots_Al_board_vs_Al_board\Al_board_03_id310_vs_Al_board_05_id62.png
Al_board-Al_board,Al_board,Al_board,3,6,310,266,0.008969408186853994,0.023129847992100275,C:\Users\haru4\OneDrive - 学校法人立命館\ドキュメント\研究\研究コード\code\liquid_state_spike_filter_distance_pair_inputs_rep1\pair_plots_Al_board_vs_Al_board\Al_board_03_id310_vs_Al_board_06_id266.png
Al_board-Al_board,Al_board,Al_board,3,7,310,197,0.01057137753913155,0.028694606565402764,C:\Users\haru4\OneDrive - 学校法人立命館\ドキュメント\研究\研究コード\code\liquid_state_spike_filter_distance_pair_inputs_rep1\pair_plots_Al_board_vs_Al_board\Al_board_03_id310_vs_Al_board_07_id197.png
Al_board-Al_board,Al_board,Al_board,3,8,310,165,0.010718397234462386,0.03360492747018841,C:\Users\haru4\OneDrive - 学校法人立命館\ドキュメント\研究\研究コード\code\liquid_state_spike_filter_distance_pair_inputs_rep1\pair_plots_Al_board_vs_Al_board\Al_board_03_id310_vs_Al_board_08_id165.png
Al_board-Al_board,Al_board,Al_board,3,9,310,251,0.01047236290486568,0.029500821214628666,C:\Users\haru4\OneDrive - 学校法人立命館\ドキュメント\研究\研究コード\code\liquid_state_spike_filter_distance_pair_inputs_rep1\pair_plots_Al_board_vs_Al_board\Al_board_03_id310_vs_Al_board_09_id251.png
Al_board-Al_board,Al_board,Al_board,3,10,310,75,0.012650831316688628,0.03502798392003474,C:\Users\haru4\OneDrive - 学校法人立命館\ドキュメント\研究\研究コード\code\liquid_state_spike_filter_distance_pair_inputs_rep1\pair_plots_Al_board_vs_Al_board\Al_board_03_id310_vs_Al_board_10_id75.png
Al_board-Al_board,Al_board,Al_board,3,11,310,48,0.013266098849217449,0.04065669067666806,C:\Users\haru4\OneDrive - 学校法人立命館\ドキュメント\研究\研究コード\code\liquid_state_spike_filter_distance_pair_inputs_rep1\pair_plots_Al_board_vs_Al_board\Al_board_03_id310_vs_Al_board_11_id48.png
Al_board-Al_board,Al_board,Al_board,3,12,310,16,0.012555886515731347,0.03539607290003804,C:\Users\haru4\OneDrive - 学校法人立命館\ドキュメント\研究\研究コード\code\liquid_state_spike_filter_distance_pair_inputs_rep1\pair_plots_Al_board_vs_Al_board\Al_board_03_id310_vs_Al_board_12_id16.png
Al_board-Al_board,Al_board,Al_board,3,13,310,200,0.009293286909790161,0.025773633516921326,C:\Users\haru4\OneDrive - 学校法人立命館\ドキュメント\研究\研究コード\code\liquid_state_spike_filter_distance_pair_inputs_rep1\pair_plots_Al_board_vs_Al_board\Al_board_03_id310_vs_Al_board_13_id200.png
Al_board-Al_board,Al_board,Al_board,3,14,310,98,0.012171477919287842,0.04129167025201184,C:\Users\haru4\OneDrive - 学校法人立命館\ドキュメント\研究\研究コード\code\liquid_state_spike_filter_distance_pair_inputs_rep1\pair_plots_Al_board_vs_Al_board\Al_board_03_id310_vs_Al_board_14_id98.png
Al_board-Al_board,Al_board,Al_board,4,5,180,62,0.014480267201262581,0.03688858476775418,C:\Users\haru4\OneDrive - 学校法人立命館\ドキュメント\研究\研究コード\code\liquid_state_spike_filter_distance_pair_inputs_rep1\pair_plots_Al_board_vs_Al_board\Al_board_04_id180_vs_Al_board_05_id62.png
Al_board-Al_board,Al_board,Al_board,4,6,180,266,0.012068135843258313,0.03433259605884344,C:\Users\haru4\OneDrive - 学校法人立命館\ドキュメント\研究\研究コード\code\liquid_state_spike_filter_distance_pair_inputs_rep1\pair_plots_Al_board_vs_Al_board\Al_board_04_id180_vs_Al_board_06_id266.png
Al_board-Al_board,Al_board,Al_board,4,7,180,197,0.012262834851733736,0.025827520929618045,C:\Users\haru4\OneDrive - 学校法人立命館\ドキュメント\研究\研究コード\code\liquid_state_spike_filter_distance_pair_inputs_rep1\pair_plots_Al_board_vs_Al_board\Al_board_04_id180_vs_Al_board_07_id197.png
Al_board-Al_board,Al_board,Al_board,4,8,180,165,0.014600125350897863,0.03681424548204743,C:\Users\haru4\OneDrive - 学校法人立命館\ドキュメント\研究\研究コード\code\liquid_state_spike_filter_distance_pair_inputs_rep1\pair_plots_Al_board_vs_Al_board\Al_board_04_id180_vs_Al_board_08_id165.png
Al_board-Al_board,Al_board,Al_board,4,9,180,251,0.010371961912740842,0.025390968481337536,C:\Users\haru4\OneDrive - 学校法人立命館\ドキュメント\研究\研究コード\code\liquid_state_spike_filter_distance_pair_inputs_rep1\pair_plots_Al_board_vs_Al_board\Al_board_04_id180_vs_Al_board_09_id251.png
Al_board-Al_board,Al_board,Al_board,4,10,180,75,0.015308103353755804,0.03645189967293566,C:\Users\haru4\OneDrive - 学校法人立命館\ドキュメント\研究\研究コード\code\liquid_state_spike_filter_distance_pair_inputs_rep1\pair_plots_Al_board_vs_Al_board\Al_board_04_id180_vs_Al_board_10_id75.png
Al_board-Al_board,Al_board,Al_board,4,11,180,48,0.01525971619465132,0.03956235496508303,C:\Users\haru4\OneDrive - 学校法人立命館\ドキュメント\研究\研究コード\code\liquid_state_spike_filter_distance_pair_inputs_rep1\pair_plots_Al_board_vs_Al_board\Al_board_04_id180_vs_Al_board_11_id48.png
Al_board-Al_board,Al_board,Al_board,4,12,180,16,0.013952233485136701,0.034627386398425296,C:\Users\haru4\OneDrive - 学校法人立命館\ドキュメント\研究\研究コード\code\liquid_state_spike_filter_distance_pair_inputs_rep1\pair_plots_Al_board_vs_Al_board\Al_board_04_id180_vs_Al_board_12_id16.png
Al_board-Al_board,Al_board,Al_board,4,13,180,200,0.013402006422121315,0.02695868980434167,C:\Users\haru4\OneDrive - 学校法人立命館\ドキュメント\研究\研究コード\code\liquid_state_spike_filter_distance_pair_inputs_rep1\pair_plots_Al_board_vs_Al_board\Al_board_04_id180_vs_Al_board_13_id200.png
Al_board-Al_board,Al_board,Al_board,4,14,180,98,0.011613404575679593,0.0273891136047253,C:\Users\haru4\OneDrive - 学校法人立命館\ドキュメント\研究\研究コード\code\liquid_state_spike_filter_distance_pair_inputs_rep1\pair_plots_Al_board_vs_Al_board\Al_board_04_id180_vs_Al_board_14_id98.png
Al_board-Al_board,Al_board,Al_board,5,6,62,266,0.008716862435503214,0.022541373919316755,C:\Users\haru4\OneDrive - 学校法人立命館\ドキュメント\研究\研究コード\code\liquid_state_spike_filter_distance_pair_inputs_rep1\pair_plots_Al_board_vs_Al_board\Al_board_05_id62_vs_Al_board_06_id266.png
Al_board-Al_board,Al_board,Al_board,5,7,62,197,0.011834353753072447,0.027562275734181945,C:\Users\haru4\OneDrive - 学校法人立命館\ドキュメント\研究\研究コード\code\liquid_state_spike_filter_distance_pair_inputs_rep1\pair_plots_Al_board_vs_Al_board\Al_board_05_id62_vs_Al_board_07_id197.png
Al_board-Al_board,Al_board,Al_board,5,8,62,165,0.010144867770122617,0.026596880556738773,C:\Users\haru4\OneDrive - 学校法人立命館\ドキュメント\研究\研究コード\code\liquid_state_spike_filter_distance_pair_inputs_rep1\pair_plots_Al_board_vs_Al_board\Al_board_05_id62_vs_Al_board_08_id165.png
Al_board-Al_board,Al_board,Al_board,5,9,62,251,0.010751533941057354,0.03208210638555192,C:\Users\haru4\OneDrive - 学校法人立命館\ドキュメント\研究\研究コード\code\liquid_state_spike_filter_distance_pair_inputs_rep1\pair_plots_Al_board_vs_Al_board\Al_board_05_id62_vs_Al_board_09_id251.png
Al_board-Al_board,Al_board,Al_board,5,10,62,75,0.015049645230172404,0.04193527541540759,C:\Users\haru4\OneDrive - 学校法人立命館\ドキュメント\研究\研究コード\code\liquid_state_spike_filter_distance_pair_inputs_rep1\pair_plots_Al_board_vs_Al_board\Al_board_05_id62_vs_Al_board_10_id75.png
Al_board-Al_board,Al_board,Al_board,5,11,62,48,0.011026628782083407,0.038471126071788896,C:\Users\haru4\OneDrive - 学校法人立命館\ドキュメント\研究\研究コード\code\liquid_state_spike_filter_distance_pair_inputs_rep1\pair_plots_Al_board_vs_Al_board\Al_board_05_id62_vs_Al_board_11_id48.png
Al_board-Al_board,Al_board,Al_board,5,12,62,16,0.01653687942124601,0.04766493228582947,C:\Users\haru4\OneDrive - 学校法人立命館\ドキュメント\研究\研究コード\code\liquid_state_spike_filter_distance_pair_inputs_rep1\pair_plots_Al_board_vs_Al_board\Al_board_05_id62_vs_Al_board_12_id16.png
Al_board-Al_board,Al_board,Al_board,5,13,62,200,0.010043621521007124,0.02681406889799147,C:\Users\haru4\OneDrive - 学校法人立命館\ドキュメント\研究\研究コード\code\liquid_state_spike_filter_distance_pair_inputs_rep1\pair_plots_Al_board_vs_Al_board\Al_board_05_id62_vs_Al_board_13_id200.png
Al_board-Al_board,Al_board,Al_board,5,14,62,98,0.013454937487043041,0.04121449250337929,C:\Users\haru4\OneDrive - 学校法人立命館\ドキュメント\研究\研究コード\code\liquid_state_spike_filter_distance_pair_inputs_rep1\pair_plots_Al_board_vs_Al_board\Al_board_05_id62_vs_Al_board_14_id98.png
Al_board-Al_board,Al_board,Al_board,6,7,266,197,0.011317421740225734,0.031307081227988635,C:\Users\haru4\OneDrive - 学校法人立命館\ドキュメント\研究\研究コード\code\liquid_state_spike_filter_distance_pair_inputs_rep1\pair_plots_Al_board_vs_Al_board\Al_board_06_id266_vs_Al_board_07_id197.png
Al_board-Al_board,Al_board,Al_board,6,8,266,165,0.01035798981313804,0.03498728881776668,C:\Users\haru4\OneDrive - 学校法人立命館\ドキュメント\研究\研究コード\code\liquid_state_spike_filter_distance_pair_inputs_rep1\pair_plots_Al_board_vs_Al_board\Al_board_06_id266_vs_Al_board_08_id165.png
Al_board-Al_board,Al_board,Al_board,6,9,266,251,0.011086670892847546,0.0301837956876449,C:\Users\haru4\OneDrive - 学校法人立命館\ドキュメント\研究\研究コード\code\liquid_state_spike_filter_distance_pair_inputs_rep1\pair_plots_Al_board_vs_Al_board\Al_board_06_id266_vs_Al_board_09_id251.png
Al_board-Al_board,Al_board,Al_board,6,10,266,75,0.01554520219609069,0.039105172039252976,C:\Users\haru4\OneDrive - 学校法人立命館\ドキュメント\研究\研究コード\code\liquid_state_spike_filter_distance_pair_inputs_rep1\pair_plots_Al_board_vs_Al_board\Al_board_06_id266_vs_Al_board_10_id75.png
Al_board-Al_board,Al_board,Al_board,6,11,266,48,0.009562922572959029,0.04233701114855268,C:\Users\haru4\OneDrive - 学校法人立命館\ドキュメント\研究\研究コード\code\liquid_state_spike_filter_distance_pair_inputs_rep1\pair_plots_Al_board_vs_Al_board\Al_board_06_id266_vs_Al_board_11_id48.png
Al_board-Al_board,Al_board,Al_board,6,12,266,16,0.014146264576316334,0.044734069250840884,C:\Users\haru4\OneDrive - 学校法人立命館\ドキュメント\研究\研究コード\code\liquid_state_spike_filter_distance_pair_inputs_rep1\pair_plots_Al_board_vs_Al_board\Al_board_06_id266_vs_Al_board_12_id16.png
Al_board-Al_board,Al_board,Al_board,6,13,266,200,0.009388839649536521,0.023358895527469406,C:\Users\haru4\OneDrive - 学校法人立命館\ドキュメント\研究\研究コード\code\liquid_state_spike_filter_distance_pair_inputs_rep1\pair_plots_Al_board_vs_Al_board\Al_board_06_id266_vs_Al_board_13_id200.png
Al_board-Al_board,Al_board,Al_board,6,14,266,98,0.012060499063287848,0.0294884756652964,C:\Users\haru4\OneDrive - 学校法人立命館\ドキュメント\研究\研究コード\code\liquid_state_spike_filter_distance_pair_inputs_rep1\pair_plots_Al_board_vs_Al_board\Al_board_06_id266_vs_Al_board_14_id98.png
Al_board-Al_board,Al_board,Al_board,7,8,197,165,0.011614308385868135,0.03467867958503862,C:\Users\haru4\OneDrive - 学校法人立命館\ドキュメント\研究\研究コード\code\liquid_state_spike_filter_distance_pair_inputs_rep1\pair_plots_Al_board_vs_Al_board\Al_board_07_id197_vs_Al_board_08_id165.png
Al_board-Al_board,Al_board,Al_board,7,9,197,251,0.01109605760574024,0.02738849957689294,C:\Users\haru4\OneDrive - 学校法人立命館\ドキュメント\研究\研究コード\code\liquid_state_spike_filter_distance_pair_inputs_rep1\pair_plots_Al_board_vs_Al_board\Al_board_07_id197_vs_Al_board_09_id251.png
Al_board-Al_board,Al_board,Al_board,7,10,197,75,0.01561555525468173,0.039174854693715754,C:\Users\haru4\OneDrive - 学校法人立命館\ドキュメント\研究\研究コード\code\liquid_state_spike_filter_distance_pair_inputs_rep1\pair_plots_Al_board_vs_Al_board\Al_board_07_id197_vs_Al_board_10_id75.png
Al_board-Al_board,Al_board,Al_board,7,11,197,48,0.012058311505304582,0.03149737380495842,C:\Users\haru4\OneDrive - 学校法人立命館\ドキュメント\研究\研究コード\code\liquid_state_spike_filter_distance_pair_inputs_rep1\pair_plots_Al_board_vs_Al_board\Al_board_07_id197_vs_Al_board_11_id48.png
Al_board-Al_board,Al_board,Al_board,7,12,197,16,0.015180545789224028,0.04500381589897,C:\Users\haru4\OneDrive - 学校法人立命館\ドキュメント\研究\研究コード\code\liquid_state_spike_filter_distance_pair_inputs_rep1\pair_plots_Al_board_vs_Al_board\Al_board_07_id197_vs_Al_board_12_id16.png
Al_board-Al_board,Al_board,Al_board,7,13,197,200,0.010454261812358008,0.025997785136449736,C:\Users\haru4\OneDrive - 学校法人立命館\ドキュメント\研究\研究コード\code\liquid_state_spike_filter_distance_pair_inputs_rep1\pair_plots_Al_board_vs_Al_board\Al_board_07_id197_vs_Al_board_13_id200.png
Al_board-Al_board,Al_board,Al_board,7,14,197,98,0.01243111411834696,0.03313109887215403,C:\Users\haru4\OneDrive - 学校法人立命館\ドキュメント\研究\研究コード\code\liquid_state_spike_filter_distance_pair_inputs_rep1\pair_plots_Al_board_vs_Al_board\Al_board_07_id197_vs_Al_board_14_id98.png
Al_board-Al_board,Al_board,Al_board,8,9,165,251,0.010386668590716353,0.028723961466417924,C:\Users\haru4\OneDrive - 学校法人立命館\ドキュメント\研究\研究コード\code\liquid_state_spike_filter_distance_pair_inputs_rep1\pair_plots_Al_board_vs_Al_board\Al_board_08_id165_vs_Al_board_09_id251.png
Al_board-Al_board,Al_board,Al_board,8,10,165,75,0.016002140847671358,0.03751615176487067,C:\Users\haru4\OneDrive - 学校法人立命館\ドキュメント\研究\研究コード\code\liquid_state_spike_filter_distance_pair_inputs_rep1\pair_plots_Al_board_vs_Al_board\Al_board_08_id165_vs_Al_board_10_id75.png
Al_board-Al_board,Al_board,Al_board,8,11,165,48,0.011752166922567173,0.030773965268334362,C:\Users\haru4\OneDrive - 学校法人立命館\ドキュメント\研究\研究コード\code\liquid_state_spike_filter_distance_pair_inputs_rep1\pair_plots_Al_board_vs_Al_board\Al_board_08_id165_vs_Al_board_11_id48.png
Al_board-Al_board,Al_board,Al_board,8,12,165,16,0.013719999417353704,0.044959920060609934,C:\Users\haru4\OneDrive - 学校法人立命館\ドキュメント\研究\研究コード\code\liquid_state_spike_filter_distance_pair_inputs_rep1\pair_plots_Al_board_vs_Al_board\Al_board_08_id165_vs_Al_board_12_id16.png
Al_board-Al_board,Al_board,Al_board,8,13,165,200,0.0104398593416607,0.04241611762521565,C:\Users\haru4\OneDrive - 学校法人立命館\ドキュメント\研究\研究コード\code\liquid_state_spike_filter_distance_pair_inputs_rep1\pair_plots_Al_board_vs_Al_board\Al_board_08_id165_vs_Al_board_13_id200.png
Al_board-Al_board,Al_board,Al_board,8,14,165,98,0.012466447555313582,0.039656781657866146,C:\Users\haru4\OneDrive - 学校法人立命館\ドキュメント\研究\研究コード\code\liquid_state_spike_filter_distance_pair_inputs_rep1\pair_plots_Al_board_vs_Al_board\Al_board_08_id165_vs_Al_board_14_id98.png
Al_board-Al_board,Al_board,Al_board,9,10,251,75,0.014247960386196188,0.036178894567865515,C:\Users\haru4\OneDrive - 学校法人立命館\ドキュメント\研究\研究コード\code\liquid_state_spike_filter_distance_pair_inputs_rep1\pair_plots_Al_board_vs_Al_board\Al_board_09_id251_vs_Al_board_10_id75.png
Al_board-Al_board,Al_board,Al_board,9,11,251,48,0.013196902696904381,0.03899582032217036,C:\Users\haru4\OneDrive - 学校法人立命館\ドキュメント\研究\研究コード\code\liquid_state_spike_filter_distance_pair_inputs_rep1\pair_plots_Al_board_vs_Al_board\Al_board_09_id251_vs_Al_board_11_id48.png
Al_board-Al_board,Al_board,Al_board,9,12,251,16,0.013008928995861412,0.04035082586956769,C:\Users\haru4\OneDrive - 学校法人立命館\ドキュメント\研究\研究コード\code\liquid_state_spike_filter_distance_pair_inputs_rep1\pair_plots_Al_board_vs_Al_board\Al_board_09_id251_vs_Al_board_12_id16.png
Al_board-Al_board,Al_board,Al_board,9,13,251,200,0.012025029696145495,0.030155124523727858,C:\Users\haru4\OneDrive - 学校法人立命館\ドキュメント\研究\研究コード\code\liquid_state_spike_filter_distance_pair_inputs_rep1\pair_plots_Al_board_vs_Al_board\Al_board_09_id251_vs_Al_board_13_id200.png
Al_board-Al_board,Al_board,Al_board,9,14,251,98,0.012856918103606611,0.03378042271635259,C:\Users\haru4\OneDrive - 学校法人立命館\ドキュメント\研究\研究コード\code\liquid_state_spike_filter_distance_pair_inputs_rep1\pair_plots_Al_board_vs_Al_board\Al_board_09_id251_vs_Al_board_14_id98.png
Al_board-Al_board,Al_board,Al_board,10,11,75,48,0.01895003327149545,0.043211263635318214,C:\Users\haru4\OneDrive - 学校法人立命館\ドキュメント\研究\研究コード\code\liquid_state_spike_filter_distance_pair_inputs_rep1\pair_plots_Al_board_vs_Al_board\Al_board_10_id75_vs_Al_board_11_id48.png
Al_board-Al_board,Al_board,Al_board,10,12,75,16,0.011659779480476315,0.028198447744439956,C:\Users\haru4\OneDrive - 学校法人立命館\ドキュメント\研究\研究コード\code\liquid_state_spike_filter_distance_pair_inputs_rep1\pair_plots_Al_board_vs_Al_board\Al_board_10_id75_vs_Al_board_12_id16.png
Al_board-Al_board,Al_board,Al_board,10,13,75,200,0.01656057272021255,0.04042896813681703,C:\Users\haru4\OneDrive - 学校法人立命館\ドキュメント\研究\研究コード\code\liquid_state_spike_filter_distance_pair_inputs_rep1\pair_plots_Al_board_vs_Al_board\Al_board_10_id75_vs_Al_board_13_id200.png
Al_board-Al_board,Al_board,Al_board,10,14,75,98,0.016910443563698627,0.03721579526820244,C:\Users\haru4\OneDrive - 学校法人立命館\ドキュメント\研究\研究コード\code\liquid_state_spike_filter_distance_pair_inputs_rep1\pair_plots_Al_board_vs_Al_board\Al_board_10_id75_vs_Al_board_14_id98.png
Al_board-Al_board,Al_board,Al_board,11,12,48,16,0.017823933006206143,0.04404677872564685,C:\Users\haru4\OneDrive - 学校法人立命館\ドキュメント\研究\研究コード\code\liquid_state_spike_filter_distance_pair_inputs_rep1\pair_plots_Al_board_vs_Al_board\Al_board_11_id48_vs_Al_board_12_id16.png
Al_board-Al_board,Al_board,Al_board,11,13,48,200,0.01377058780833438,0.03928497689557759,C:\Users\haru4\OneDrive - 学校法人立命館\ドキュメント\研究\研究コード\code\liquid_state_spike_filter_distance_pair_inputs_rep1\pair_plots_Al_board_vs_Al_board\Al_board_11_id48_vs_Al_board_13_id200.png
Al_board-Al_board,Al_board,Al_board,11,14,48,98,0.014104534724713447,0.04090837777608934,C:\Users\haru4\OneDrive - 学校法人立命館\ドキュメント\研究\研究コード\code\liquid_state_spike_filter_distance_pair_inputs_rep1\pair_plots_Al_board_vs_Al_board\Al_board_11_id48_vs_Al_board_14_id98.png
Al_board-Al_board,Al_board,Al_board,12,13,16,200,0.014910115487484474,0.04641017036792295,C:\Users\haru4\OneDrive - 学校法人立命館\ドキュメント\研究\研究コード\code\liquid_state_spike_filter_distance_pair_inputs_rep1\pair_plots_Al_board_vs_Al_board\Al_board_12_id16_vs_Al_board_13_id200.png
Al_board-Al_board,Al_board,Al_board,12,14,16,98,0.014141326982691344,0.03906062614333734,C:\Users\haru4\OneDrive - 学校法人立命館\ドキュメント\研究\研究コード\code\liquid_state_spike_filter_distance_pair_inputs_rep1\pair_plots_Al_board_vs_Al_board\Al_board_12_id16_vs_Al_board_14_id98.png
Al_board-Al_board,Al_board,Al_board,13,14,200,98,0.012667956549747426,0.03917157041277596,C:\Users\haru4\OneDrive - 学校法人立命館\ドキュメント\研究\研究コード\code\liquid_state_spike_filter_distance_pair_inputs_rep1\pair_plots_Al_board_vs_Al_board\Al_board_13_id200_vs_Al_board_14_id98.png
Al_board-wood_board,Al_board,wood_board,0,0,227,227,0.010634964925255584,0.02263322338297457,C:\Users\haru4\OneDrive - 学校法人立命館\ドキュメント\研究\研究コード\code\liquid_state_spike_filter_distance_pair_inputs_rep1\pair_plots_Al_board_vs_wood_board\Al_board_00_id227_vs_wood_board_00_id227.png
Al_board-wood_board,Al_board,wood_board,0,1,227,140,0.01131130233470404,0.029262689875866315,C:\Users\haru4\OneDrive - 学校法人立命館\ドキュメント\研究\研究コード\code\liquid_state_spike_filter_distance_pair_inputs_rep1\pair_plots_Al_board_vs_wood_board\Al_board_00_id227_vs_wood_board_01_id140.png
Al_board-wood_board,Al_board,wood_board,0,2,227,224,0.010296867327910882,0.024822421489549974,C:\Users\haru4\OneDrive - 学校法人立命館\ドキュメント\研究\研究コード\code\liquid_state_spike_filter_distance_pair_inputs_rep1\pair_plots_Al_board_vs_wood_board\Al_board_00_id227_vs_wood_board_02_id224.png
Al_board-wood_board,Al_board,wood_board,0,3,227,310,0.012323961957089513,0.023802992344422458,C:\Users\haru4\OneDrive - 学校法人立命館\ドキュメント\研究\研究コード\code\liquid_state_spike_filter_distance_pair_inputs_rep1\pair_plots_Al_board_vs_wood_board\Al_board_00_id227_vs_wood_board_03_id310.png
Al_board-wood_board,Al_board,wood_board,0,4,227,180,0.010636485476556129,0.02458537459318047,C:\Users\haru4\OneDrive - 学校法人立命館\ドキュメント\研究\研究コード\code\liquid_state_spike_filter_distance_pair_inputs_rep1\pair_plots_Al_board_vs_wood_board\Al_board_00_id227_vs_wood_board_04_id180.png
Al_board-wood_board,Al_board,wood_board,0,5,227,62,0.010717360357638891,0.028444045424852894,C:\Users\haru4\OneDrive - 学校法人立命館\ドキュメント\研究\研究コード\code\liquid_state_spike_filter_distance_pair_inputs_rep1\pair_plots_Al_board_vs_wood_board\Al_board_00_id227_vs_wood_board_05_id62.png
Al_board-wood_board,Al_board,wood_board,0,6,227,266,0.008851454408419022,0.019924195318663285,C:\Users\haru4\OneDrive - 学校法人立命館\ドキュメント\研究\研究コード\code\liquid_state_spike_filter_distance_pair_inputs_rep1\pair_plots_Al_board_vs_wood_board\Al_board_00_id227_vs_wood_board_06_id266.png
Al_board-wood_board,Al_board,wood_board,0,7,227,197,0.009704463872833176,0.02471635649368733,C:\Users\haru4\OneDrive - 学校法人立命館\ドキュメント\研究\研究コード\code\liquid_state_spike_filter_distance_pair_inputs_rep1\pair_plots_Al_board_vs_wood_board\Al_board_00_id227_vs_wood_board_07_id197.png
Al_board-wood_board,Al_board,wood_board,0,8,227,165,0.010752761102162308,0.027355934254806036,C:\Users\haru4\OneDrive - 学校法人立命館\ドキュメント\研究\研究コード\code\liquid_state_spike_filter_distance_pair_inputs_rep1\pair_plots_Al_board_vs_wood_board\Al_board_00_id227_vs_wood_board_08_id165.png
Al_board-wood_board,Al_board,wood_board,0,9,227,251,0.010783237960866736,0.02176543347494672,C:\Users\haru4\OneDrive - 学校法人立命館\ドキュメント\研究\研究コード\code\liquid_state_spike_filter_distance_pair_inputs_rep1\pair_plots_Al_board_vs_wood_board\Al_board_00_id227_vs_wood_board_09_id251.png
Al_board-wood_board,Al_board,wood_board,0,10,227,75,0.011068972289943536,0.028152289293622006,C:\Users\haru4\OneDrive - 学校法人立命館\ドキュメント\研究\研究コード\code\liquid_state_spike_filter_distance_pair_inputs_rep1\pair_plots_Al_board_vs_wood_board\Al_board_00_id227_vs_wood_board_10_id75.png
Al_board-wood_board,Al_board,wood_board,0,11,227,48,0.010739167981179076,0.036927490269045966,C:\Users\haru4\OneDrive - 学校法人立命館\ドキュメント\研究\研究コード\code\liquid_state_spike_filter_distance_pair_inputs_rep1\pair_plots_Al_board_vs_wood_board\Al_board_00_id227_vs_wood_board_11_id48.png
Al_board-wood_board,Al_board,wood_board,0,12,227,16,0.009851066612038845,0.029223515537455745,C:\Users\haru4\OneDrive - 学校法人立命館\ドキュメント\研究\研究コード\code\liquid_state_spike_filter_distance_pair_inputs_rep1\pair_plots_Al_board_vs_wood_board\Al_board_00_id227_vs_wood_board_12_id16.png
Al_board-wood_board,Al_board,wood_board,0,13,227,200,0.01003733002796888,0.024134024480772488,C:\Users\haru4\OneDrive - 学校法人立命館\ドキュメント\研究\研究コード\code\liquid_state_spike_filter_distance_pair_inputs_rep1\pair_plots_Al_board_vs_wood_board\Al_board_00_id227_vs_wood_board_13_id200.png
Al_board-wood_board,Al_board,wood_board,0,14,227,98,0.01103681708868932,0.032859107194512134,C:\Users\haru4\OneDrive - 学校法人立命館\ドキュメント\研究\研究コード\code\liquid_state_spike_filter_distance_pair_inputs_rep1\pair_plots_Al_board_vs_wood_board\Al_board_00_id227_vs_wood_board_14_id98.png
Al_board-wood_board,Al_board,wood_board,1,0,140,227,0.010081341351250607,0.02166572862630732,C:\Users\haru4\OneDrive - 学校法人立命館\ドキュメント\研究\研究コード\code\liquid_state_spike_filter_distance_pair_inputs_rep1\pair_plots_Al_board_vs_wood_board\Al_board_01_id140_vs_wood_board_00_id227.png
Al_board-wood_board,Al_board,wood_board,1,1,140,140,0.011594805346092241,0.023259062201279185,C:\Users\haru4\OneDrive - 学校法人立命館\ドキュメント\研究\研究コード\code\liquid_state_spike_filter_distance_pair_inputs_rep1\pair_plots_Al_board_vs_wood_board\Al_board_01_id140_vs_wood_board_01_id140.png
Al_board-wood_board,Al_board,wood_board,1,2,140,224,0.009504131894655118,0.018448601063681607,C:\Users\haru4\OneDrive - 学校法人立命館\ドキュメント\研究\研究コード\code\liquid_state_spike_filter_distance_pair_inputs_rep1\pair_plots_Al_board_vs_wood_board\Al_board_01_id140_vs_wood_board_02_id224.png
Al_board-wood_board,Al_board,wood_board,1,3,140,310,0.012702621197389989,0.021846209488929944,C:\Users\haru4\OneDrive - 学校法人立命館\ドキュメント\研究\研究コード\code\liquid_state_spike_filter_distance_pair_inputs_rep1\pair_plots_Al_board_vs_wood_board\Al_board_01_id140_vs_wood_board_03_id310.png
Al_board-wood_board,Al_board,wood_board,1,4,140,180,0.011016495362654824,0.022481099817172095,C:\Users\haru4\OneDrive - 学校法人立命館\ドキュメント\研究\研究コード\code\liquid_state_spike_filter_distance_pair_inputs_rep1\pair_plots_Al_board_vs_wood_board\Al_board_01_id140_vs_wood_board_04_id180.png
Al_board-wood_board,Al_board,wood_board,1,5,140,62,0.009719716193110241,0.020454820640931935,C:\Users\haru4\OneDrive - 学校法人立命館\ドキュメント\研究\研究コード\code\liquid_state_spike_filter_distance_pair_inputs_rep1\pair_plots_Al_board_vs_wood_board\Al_board_01_id140_vs_wood_board_05_id62.png
Al_board-wood_board,Al_board,wood_board,1,6,140,266,0.009397590267469752,0.026111771532574612,C:\Users\haru4\OneDrive - 学校法人立命館\ドキュメント\研究\研究コード\code\liquid_state_spike_filter_distance_pair_inputs_rep1\pair_plots_Al_board_vs_wood_board\Al_board_01_id140_vs_wood_board_06_id266.png
Al_board-wood_board,Al_board,wood_board,1,7,140,197,0.01063675762922413,0.029980146943404104,C:\Users\haru4\OneDrive - 学校法人立命館\ドキュメント\研究\研究コード\code\liquid_state_spike_filter_distance_pair_inputs_rep1\pair_plots_Al_board_vs_wood_board\Al_board_01_id140_vs_wood_board_07_id197.png
Al_board-wood_board,Al_board,wood_board,1,8,140,165,0.009712039347309517,0.027730135896297893,C:\Users\haru4\OneDrive - 学校法人立命館\ドキュメント\研究\研究コード\code\liquid_state_spike_filter_distance_pair_inputs_rep1\pair_plots_Al_board_vs_wood_board\Al_board_01_id140_vs_wood_board_08_id165.png
Al_board-wood_board,Al_board,wood_board,1,9,140,251,0.012131038827497553,0.02614939985339319,C:\Users\haru4\OneDrive - 学校法人立命館\ドキュメント\研究\研究コード\code\liquid_state_spike_filter_distance_pair_inputs_rep1\pair_plots_Al_board_vs_wood_board\Al_board_01_id140_vs_wood_board_09_id251.png
Al_board-wood_board,Al_board,wood_board,1,10,140,75,0.00950633059021578,0.030078470851789114,C:\Users\haru4\OneDrive - 学校法人立命館\ドキュメント\研究\研究コード\code\liquid_state_spike_filter_distance_pair_inputs_rep1\pair_plots_Al_board_vs_wood_board\Al_board_01_id140_vs_wood_board_10_id75.png
Al_board-wood_board,Al_board,wood_board,1,11,140,48,0.009737316586619886,0.030815776263944952,C:\Users\haru4\OneDrive - 学校法人立命館\ドキュメント\研究\研究コード\code\liquid_state_spike_filter_distance_pair_inputs_rep1\pair_plots_Al_board_vs_wood_board\Al_board_01_id140_vs_wood_board_11_id48.png
Al_board-wood_board,Al_board,wood_board,1,12,140,16,0.010456437563004153,0.0262973820242349,C:\Users\haru4\OneDrive - 学校法人立命館\ドキュメント\研究\研究コード\code\liquid_state_spike_filter_distance_pair_inputs_rep1\pair_plots_Al_board_vs_wood_board\Al_board_01_id140_vs_wood_board_12_id16.png
Al_board-wood_board,Al_board,wood_board,1,13,140,200,0.011646360568666362,0.030517112174161875,C:\Users\haru4\OneDrive - 学校法人立命館\ドキュメント\研究\研究コード\code\liquid_state_spike_filter_distance_pair_inputs_rep1\pair_plots_Al_board_vs_wood_board\Al_board_01_id140_vs_wood_board_13_id200.png
Al_board-wood_board,Al_board,wood_board,1,14,140,98,0.010000722291187508,0.02632261982595894,C:\Users\haru4\OneDrive - 学校法人立命館\ドキュメント\研究\研究コード\code\liquid_state_spike_filter_distance_pair_inputs_rep1\pair_plots_Al_board_vs_wood_board\Al_board_01_id140_vs_wood_board_14_id98.png
Al_board-wood_board,Al_board,wood_board,2,0,224,227,0.01175611403127038,0.024091569271993022,C:\Users\haru4\OneDrive - 学校法人立命館\ドキュメント\研究\研究コード\code\liquid_state_spike_filter_distance_pair_inputs_rep1\pair_plots_Al_board_vs_wood_board\Al_board_02_id224_vs_wood_board_00_id227.png
Al_board-wood_board,Al_board,wood_board,2,1,224,140,0.014396987269987446,0.028724715143148883,C:\Users\haru4\OneDrive - 学校法人立命館\ドキュメント\研究\研究コード\code\liquid_state_spike_filter_distance_pair_inputs_rep1\pair_plots_Al_board_vs_wood_board\Al_board_02_id224_vs_wood_board_01_id140.png
Al_board-wood_board,Al_board,wood_board,2,2,224,224,0.012574974368145172,0.024420371417985136,C:\Users\haru4\OneDrive - 学校法人立命館\ドキュメント\研究\研究コード\code\liquid_state_spike_filter_distance_pair_inputs_rep1\pair_plots_Al_board_vs_wood_board\Al_board_02_id224_vs_wood_board_02_id224.png
Al_board-wood_board,Al_board,wood_board,2,3,224,310,0.015004399483206605,0.030091297920019206,C:\Users\haru4\OneDrive - 学校法人立命館\ドキュメント\研究\研究コード\code\liquid_state_spike_filter_distance_pair_inputs_rep1\pair_plots_Al_board_vs_wood_board\Al_board_02_id224_vs_wood_board_03_id310.png
Al_board-wood_board,Al_board,wood_board,2,4,224,180,0.01445933257995132,0.028147973846945396,C:\Users\haru4\OneDrive - 学校法人立命館\ドキュメント\研究\研究コード\code\liquid_state_spike_filter_distance_pair_inputs_rep1\pair_plots_Al_board_vs_wood_board\Al_board_02_id224_vs_wood_board_04_id180.png
Al_board-wood_board,Al_board,wood_board,2,5,224,62,0.011256851613301986,0.02878176785391833,C:\Users\haru4\OneDrive - 学校法人立命館\ドキュメント\研究\研究コード\code\liquid_state_spike_filter_distance_pair_inputs_rep1\pair_plots_Al_board_vs_wood_board\Al_board_02_id224_vs_wood_board_05_id62.png
Al_board-wood_board,Al_board,wood_board,2,6,224,266,0.01344952112472405,0.029055102484241587,C:\Users\haru4\OneDrive - 学校法人立命館\ドキュメント\研究\研究コード\code\liquid_state_spike_filter_distance_pair_inputs_rep1\pair_plots_Al_board_vs_wood_board\Al_board_02_id224_vs_wood_board_06_id266.png
Al_board-wood_board,Al_board,wood_board,2,7,224,197,0.012198867729042096,0.02103818331456432,C:\Users\haru4\OneDrive - 学校法人立命館\ドキュメント\研究\研究コード\code\liquid_state_spike_filter_distance_pair_inputs_rep1\pair_plots_Al_board_vs_wood_board\Al_board_02_id224_vs_wood_board_07_id197.png
Al_board-wood_board,Al_board,wood_board,2,8,224,165,0.011104523137255332,0.027437473637200453,C:\Users\haru4\OneDrive - 学校法人立命館\ドキュメント\研究\研究コード\code\liquid_state_spike_filter_distance_pair_inputs_rep1\pair_plots_Al_board_vs_wood_board\Al_board_02_id224_vs_wood_board_08_id165.png
Al_board-wood_board,Al_board,wood_board,2,9,224,251,0.01558388648689067,0.029244662515778206,C:\Users\haru4\OneDrive - 学校法人立命館\ドキュメント\研究\研究コード\code\liquid_state_spike_filter_distance_pair_inputs_rep1\pair_plots_Al_board_vs_wood_board\Al_board_02_id224_vs_wood_board_09_id251.png
Al_board-wood_board,Al_board,wood_board,2,10,224,75,0.012492002982934828,0.026523640407656996,C:\Users\haru4\OneDrive - 学校法人立命館\ドキュメント\研究\研究コード\code\liquid_state_spike_filter_distance_pair_inputs_rep1\pair_plots_Al_board_vs_wood_board\Al_board_02_id224_vs_wood_board_10_id75.png
Al_board-wood_board,Al_board,wood_board,2,11,224,48,0.012362015418169373,0.026793589786938975,C:\Users\haru4\OneDrive - 学校法人立命館\ドキュメント\研究\研究コード\code\liquid_state_spike_filter_distance_pair_inputs_rep1\pair_plots_Al_board_vs_wood_board\Al_board_02_id224_vs_wood_board_11_id48.png
Al_board-wood_board,Al_board,wood_board,2,12,224,16,0.012394655595763086,0.024712931569891603,C:\Users\haru4\OneDrive - 学校法人立命館\ドキュメント\研究\研究コード\code\liquid_state_spike_filter_distance_pair_inputs_rep1\pair_plots_Al_board_vs_wood_board\Al_board_02_id224_vs_wood_board_12_id16.png
Al_board-wood_board,Al_board,wood_board,2,13,224,200,0.014396402538478802,0.027438078816423676,C:\Users\haru4\OneDrive - 学校法人立命館\ドキュメント\研究\研究コード\code\liquid_state_spike_filter_distance_pair_inputs_rep1\pair_plots_Al_board_vs_wood_board\Al_board_02_id224_vs_wood_board_13_id200.png
Al_board-wood_board,Al_board,wood_board,2,14,224,98,0.012302182826678184,0.024443621184551158,C:\Users\haru4\OneDrive - 学校法人立命館\ドキュメント\研究\研究コード\code\liquid_state_spike_filter_distance_pair_inputs_rep1\pair_plots_Al_board_vs_wood_board\Al_board_02_id224_vs_wood_board_14_id98.png
Al_board-wood_board,Al_board,wood_board,3,0,310,227,0.012822275707510924,0.02813757875602321,C:\Users\haru4\OneDrive - 学校法人立命館\ドキュメント\研究\研究コード\code\liquid_state_spike_filter_distance_pair_inputs_rep1\pair_plots_Al_board_vs_wood_board\Al_board_03_id310_vs_wood_board_00_id227.png
Al_board-wood_board,Al_board,wood_board,3,1,310,140,0.014535364489878732,0.030471805969266352,C:\Users\haru4\OneDrive - 学校法人立命館\ドキュメント\研究\研究コード\code\liquid_state_spike_filter_distance_pair_inputs_rep1\pair_plots_Al_board_vs_wood_board\Al_board_03_id310_vs_wood_board_01_id140.png
Al_board-wood_board,Al_board,wood_board,3,2,310,224,0.011896738558897082,0.03104675454966247,C:\Users\haru4\OneDrive - 学校法人立命館\ドキュメント\研究\研究コード\code\liquid_state_spike_filter_distance_pair_inputs_rep1\pair_plots_Al_board_vs_wood_board\Al_board_03_id310_vs_wood_board_02_id224.png
Al_board-wood_board,Al_board,wood_board,3,3,310,310,0.016152891441505057,0.034343405053031496,C:\Users\haru4\OneDrive - 学校法人立命館\ドキュメント\研究\研究コード\code\liquid_state_spike_filter_distance_pair_inputs_rep1\pair_plots_Al_board_vs_wood_board\Al_board_03_id310_vs_wood_board_03_id310.png
Al_board-wood_board,Al_board,wood_board,3,4,310,180,0.015156256177138417,0.034093657737911474,C:\Users\haru4\OneDrive - 学校法人立命館\ドキュメント\研究\研究コード\code\liquid_state_spike_filter_distance_pair_inputs_rep1\pair_plots_Al_board_vs_wood_board\Al_board_03_id310_vs_wood_board_04_id180.png
Al_board-wood_board,Al_board,wood_board,3,5,310,62,0.013045767205900423,0.029903939347968016,C:\Users\haru4\OneDrive - 学校法人立命館\ドキュメント\研究\研究コード\code\liquid_state_spike_filter_distance_pair_inputs_rep1\pair_plots_Al_board_vs_wood_board\Al_board_03_id310_vs_wood_board_05_id62.png
Al_board-wood_board,Al_board,wood_board,3,6,310,266,0.012277790069306939,0.027658084291198027,C:\Users\haru4\OneDrive - 学校法人立命館\ドキュメント\研究\研究コード\code\liquid_state_spike_filter_distance_pair_inputs_rep1\pair_plots_Al_board_vs_wood_board\Al_board_03_id310_vs_wood_board_06_id266.png
Al_board-wood_board,Al_board,wood_board,3,7,310,197,0.011803280812598125,0.02394700723463824,C:\Users\haru4\OneDrive - 学校法人立命館\ドキュメント\研究\研究コード\code\liquid_state_spike_filter_distance_pair_inputs_rep1\pair_plots_Al_board_vs_wood_board\Al_board_03_id310_vs_wood_board_07_id197.png
Al_board-wood_board,Al_board,wood_board,3,8,310,165,0.011407622214634695,0.02689375177623728,C:\Users\haru4\OneDrive - 学校法人立命館\ドキュメント\研究\研究コード\code\liquid_state_spike_filter_distance_pair_inputs_rep1\pair_plots_Al_board_vs_wood_board\Al_board_03_id310_vs_wood_board_08_id165.png
Al_board-wood_board,Al_board,wood_board,3,9,310,251,0.016048653113754394,0.032812279024371636,C:\Users\haru4\OneDrive - 学校法人立命館\ドキュメント\研究\研究コード\code\liquid_state_spike_filter_distance_pair_inputs_rep1\pair_plots_Al_board_vs_wood_board\Al_board_03_id310_vs_wood_board_09_id251.png
Al_board-wood_board,Al_board,wood_board,3,10,310,75,0.010222479333001582,0.02228666215199605,C:\Users\haru4\OneDrive - 学校法人立命館\ドキュメント\研究\研究コード\code\liquid_state_spike_filter_distance_pair_inputs_rep1\pair_plots_Al_board_vs_wood_board\Al_board_03_id310_vs_wood_board_10_id75.png
Al_board-wood_board,Al_board,wood_board,3,11,310,48,0.009884193417193194,0.02212767262798961,C:\Users\haru4\OneDrive - 学校法人立命館\ドキュメント\研究\研究コード\code\liquid_state_spike_filter_distance_pair_inputs_rep1\pair_plots_Al_board_vs_wood_board\Al_board_03_id310_vs_wood_board_11_id48.png
Al_board-wood_board,Al_board,wood_board,3,12,310,16,0.011282492604729286,0.026572679745524446,C:\Users\haru4\OneDrive - 学校法人立命館\ドキュメント\研究\研究コード\code\liquid_state_spike_filter_distance_pair_inputs_rep1\pair_plots_Al_board_vs_wood_board\Al_board_03_id310_vs_wood_board_12_id16.png
Al_board-wood_board,Al_board,wood_board,3,13,310,200,0.014672862842001097,0.031055222731344832,C:\Users\haru4\OneDrive - 学校法人立命館\ドキュメント\研究\研究コード\code\liquid_state_spike_filter_distance_pair_inputs_rep1\pair_plots_Al_board_vs_wood_board\Al_board_03_id310_vs_wood_board_13_id200.png
Al_board-wood_board,Al_board,wood_board,3,14,310,98,0.011194621436958882,0.024396608744492388,C:\Users\haru4\OneDrive - 学校法人立命館\ドキュメント\研究\研究コード\code\liquid_state_spike_filter_distance_pair_inputs_rep1\pair_plots_Al_board_vs_wood_board\Al_board_03_id310_vs_wood_board_14_id98.png
Al_board-wood_board,Al_board,wood_board,4,0,180,227,0.012018230891611519,0.02701121990501198,C:\Users\haru4\OneDrive - 学校法人立命館\ドキュメント\研究\研究コード\code\liquid_state_spike_filter_distance_pair_inputs_rep1\pair_plots_Al_board_vs_wood_board\Al_board_04_id180_vs_wood_board_00_id227.png
Al_board-wood_board,Al_board,wood_board,4,1,180,140,0.011423836804117956,0.02149978743449366,C:\Users\haru4\OneDrive - 学校法人立命館\ドキュメント\研究\研究コード\code\liquid_state_spike_filter_distance_pair_inputs_rep1\pair_plots_Al_board_vs_wood_board\Al_board_04_id180_vs_wood_board_01_id140.png
Al_board-wood_board,Al_board,wood_board,4,2,180,224,0.00965485176596739,0.020926533663469013,C:\Users\haru4\OneDrive - 学校法人立命館\ドキュメント\研究\研究コード\code\liquid_state_spike_filter_distance_pair_inputs_rep1\pair_plots_Al_board_vs_wood_board\Al_board_04_id180_vs_wood_board_02_id224.png
Al_board-wood_board,Al_board,wood_board,4,3,180,310,0.011378971567054884,0.025951189453942043,C:\Users\haru4\OneDrive - 学校法人立命館\ドキュメント\研究\研究コード\code\liquid_state_spike_filter_distance_pair_inputs_rep1\pair_plots_Al_board_vs_wood_board\Al_board_04_id180_vs_wood_board_03_id310.png
Al_board-wood_board,Al_board,wood_board,4,4,180,180,0.01071762220672595,0.023335330265956626,C:\Users\haru4\OneDrive - 学校法人立命館\ドキュメント\研究\研究コード\code\liquid_state_spike_filter_distance_pair_inputs_rep1\pair_plots_Al_board_vs_wood_board\Al_board_04_id180_vs_wood_board_04_id180.png
Al_board-wood_board,Al_board,wood_board,4,5,180,62,0.01168853845798029,0.028874505524158642,C:\Users\haru4\OneDrive - 学校法人立命館\ドキュメント\研究\研究コード\code\liquid_state_spike_filter_distance_pair_inputs_rep1\pair_plots_Al_board_vs_wood_board\Al_board_04_id180_vs_wood_board_05_id62.png
Al_board-wood_board,Al_board,wood_board,4,6,180,266,0.011662373403973934,0.02639505198433052,C:\Users\haru4\OneDrive - 学校法人立命館\ドキュメント\研究\研究コード\code\liquid_state_spike_filter_distance_pair_inputs_rep1\pair_plots_Al_board_vs_wood_board\Al_board_04_id180_vs_wood_board_06_id266.png
Al_board-wood_board,Al_board,wood_board,4,7,180,197,0.011139105519712256,0.02666719610600243,C:\Users\haru4\OneDrive - 学校法人立命館\ドキュメント\研究\研究コード\code\liquid_state_spike_filter_distance_pair_inputs_rep1\pair_plots_Al_board_vs_wood_board\Al_board_04_id180_vs_wood_board_07_id197.png
Al_board-wood_board,Al_board,wood_board,4,8,180,165,0.012172440108262461,0.027110002588899486,C:\Users\haru4\OneDrive - 学校法人立命館\ドキュメント\研究\研究コード\code\liquid_state_spike_filter_distance_pair_inputs_rep1\pair_plots_Al_board_vs_wood_board\Al_board_04_id180_vs_wood_board_08_id165.png
Al_board-wood_board,Al_board,wood_board,4,9,180,251,0.01212047508305521,0.02423497287008795,C:\Users\haru4\OneDrive - 学校法人立命館\ドキュメント\研究\研究コード\code\liquid_state_spike_filter_distance_pair_inputs_rep1\pair_plots_Al_board_vs_wood_board\Al_board_04_id180_vs_wood_board_09_id251.png
Al_board-wood_board,Al_board,wood_board,4,10,180,75,0.012501322604314472,0.031151204170127057,C:\Users\haru4\OneDrive - 学校法人立命館\ドキュメント\研究\研究コード\code\liquid_state_spike_filter_distance_pair_inputs_rep1\pair_plots_Al_board_vs_wood_board\Al_board_04_id180_vs_wood_board_10_id75.png
Al_board-wood_board,Al_board,wood_board,4,11,180,48,0.009680095115237123,0.021261300069146574,C:\Users\haru4\OneDrive - 学校法人立命館\ドキュメント\研究\研究コード\code\liquid_state_spike_filter_distance_pair_inputs_rep1\pair_plots_Al_board_vs_wood_board\Al_board_04_id180_vs_wood_board_11_id48.png
Al_board-wood_board,Al_board,wood_board,4,12,180,16,0.009731278107940399,0.026506891533201633,C:\Users\haru4\OneDrive - 学校法人立命館\ドキュメント\研究\研究コード\code\liquid_state_spike_filter_distance_pair_inputs_rep1\pair_plots_Al_board_vs_wood_board\Al_board_04_id180_vs_wood_board_12_id16.png
Al_board-wood_board,Al_board,wood_board,4,13,180,200,0.010152372517974483,0.023798534097650984,C:\Users\haru4\OneDrive - 学校法人立命館\ドキュメント\研究\研究コード\code\liquid_state_spike_filter_distance_pair_inputs_rep1\pair_plots_Al_board_vs_wood_board\Al_board_04_id180_vs_wood_board_13_id200.png
Al_board-wood_board,Al_board,wood_board,4,14,180,98,0.009394616686136795,0.021866786192303637,C:\Users\haru4\OneDrive - 学校法人立命館\ドキュメント\研究\研究コード\code\liquid_state_spike_filter_distance_pair_inputs_rep1\pair_plots_Al_board_vs_wood_board\Al_board_04_id180_vs_wood_board_14_id98.png
Al_board-wood_board,Al_board,wood_board,5,0,62,227,0.01396970763194409,0.02821195670443793,C:\Users\haru4\OneDrive - 学校法人立命館\ドキュメント\研究\研究コード\code\liquid_state_spike_filter_distance_pair_inputs_rep1\pair_plots_Al_board_vs_wood_board\Al_board_05_id62_vs_wood_board_00_id227.png
Al_board-wood_board,Al_board,wood_board,5,1,62,140,0.01721271203917577,0.034744401128654054,C:\Users\haru4\OneDrive - 学校法人立命館\ドキュメント\研究\研究コード\code\liquid_state_spike_filter_distance_pair_inputs_rep1\pair_plots_Al_board_vs_wood_board\Al_board_05_id62_vs_wood_board_01_id140.png
Al_board-wood_board,Al_board,wood_board,5,2,62,224,0.01326694084158998,0.030238171845447172,C:\Users\haru4\OneDrive - 学校法人立命館\ドキュメント\研究\研究コード\code\liquid_state_spike_filter_distance_pair_inputs_rep1\pair_plots_Al_board_vs_wood_board\Al_board_05_id62_vs_wood_board_02_id224.png
Al_board-wood_board,Al_board,wood_board,5,3,62,310,0.018589323898493135,0.03650260564150276,C:\Users\haru4\OneDrive - 学校法人立命館\ドキュメント\研究\研究コード\code\liquid_state_spike_filter_distance_pair_inputs_rep1\pair_plots_Al_board_vs_wood_board\Al_board_05_id62_vs_wood_board_03_id310.png
Al_board-wood_board,Al_board,wood_board,5,4,62,180,0.01683519887777926,0.03322923080753512,C:\Users\haru4\OneDrive - 学校法人立命館\ドキュメント\研究\研究コード\code\liquid_state_spike_filter_distance_pair_inputs_rep1\pair_plots_Al_board_vs_wood_board\Al_board_05_id62_vs_wood_board_04_id180.png
Al_board-wood_board,Al_board,wood_board,5,5,62,62,0.013900303066218936,0.025846303192127388,C:\Users\haru4\OneDrive - 学校法人立命館\ドキュメント\研究\研究コード\code\liquid_state_spike_filter_distance_pair_inputs_rep1\pair_plots_Al_board_vs_wood_board\Al_board_05_id62_vs_wood_board_05_id62.png
Al_board-wood_board,Al_board,wood_board,5,6,62,266,0.01500884650415646,0.02978651357419515,C:\Users\haru4\OneDrive - 学校法人立命館\ドキュメント\研究\研究コード\code\liquid_state_spike_filter_distance_pair_inputs_rep1\pair_plots_Al_board_vs_wood_board\Al_board_05_id62_vs_wood_board_06_id266.png
Al_board-wood_board,Al_board,wood_board,5,7,62,197,0.014591977506251663,0.030623495706185486,C:\Users\haru4\OneDrive - 学校法人立命館\ドキュメント\研究\研究コード\code\liquid_state_spike_filter_distance_pair_inputs_rep1\pair_plots_Al_board_vs_wood_board\Al_board_05_id62_vs_wood_board_07_id197.png
Al_board-wood_board,Al_board,wood_board,5,8,62,165,0.013089057220555849,0.026414297555263287,C:\Users\haru4\OneDrive - 学校法人立命館\ドキュメント\研究\研究コード\code\liquid_state_spike_filter_distance_pair_inputs_rep1\pair_plots_Al_board_vs_wood_board\Al_board_05_id62_vs_wood_board_08_id165.png
Al_board-wood_board,Al_board,wood_board,5,9,62,251,0.018532653783646925,0.032363042424683006,C:\Users\haru4\OneDrive - 学校法人立命館\ドキュメント\研究\研究コード\code\liquid_state_spike_filter_distance_pair_inputs_rep1\pair_plots_Al_board_vs_wood_board\Al_board_05_id62_vs_wood_board_09_id251.png
Al_board-wood_board,Al_board,wood_board,5,10,62,75,0.010218453650358965,0.024639167476328255,C:\Users\haru4\OneDrive - 学校法人立命館\ドキュメント\研究\研究コード\code\liquid_state_spike_filter_distance_pair_inputs_rep1\pair_plots_Al_board_vs_wood_board\Al_board_05_id62_vs_wood_board_10_id75.png
Al_board-wood_board,Al_board,wood_board,5,11,62,48,0.009930619705120035,0.02440472359603625,C:\Users\haru4\OneDrive - 学校法人立命館\ドキュメント\研究\研究コード\code\liquid_state_spike_filter_distance_pair_inputs_rep1\pair_plots_Al_board_vs_wood_board\Al_board_05_id62_vs_wood_board_11_id48.png
Al_board-wood_board,Al_board,wood_board,5,12,62,16,0.013280596541988304,0.02597117267573526,C:\Users\haru4\OneDrive - 学校法人立命館\ドキュメント\研究\研究コード\code\liquid_state_spike_filter_distance_pair_inputs_rep1\pair_plots_Al_board_vs_wood_board\Al_board_05_id62_vs_wood_board_12_id16.png
Al_board-wood_board,Al_board,wood_board,5,13,62,200,0.016272122818130005,0.030717365576271805,C:\Users\haru4\OneDrive - 学校法人立命館\ドキュメント\研究\研究コード\code\liquid_state_spike_filter_distance_pair_inputs_rep1\pair_plots_Al_board_vs_wood_board\Al_board_05_id62_vs_wood_board_13_id200.png
Al_board-wood_board,Al_board,wood_board,5,14,62,98,0.013117420383832786,0.02864868267510953,C:\Users\haru4\OneDrive - 学校法人立命館\ドキュメント\研究\研究コード\code\liquid_state_spike_filter_distance_pair_inputs_rep1\pair_plots_Al_board_vs_wood_board\Al_board_05_id62_vs_wood_board_14_id98.png
Al_board-wood_board,Al_board,wood_board,6,0,266,227,0.013308279529830411,0.024237769223030427,C:\Users\haru4\OneDrive - 学校法人立命館\ドキュメント\研究\研究コード\code\liquid_state_spike_filter_distance_pair_inputs_rep1\pair_plots_Al_board_vs_wood_board\Al_board_06_id266_vs_wood_board_00_id227.png
Al_board-wood_board,Al_board,wood_board,6,1,266,140,0.015502585201822907,0.0332036516008733,C:\Users\haru4\OneDrive - 学校法人立命館\ドキュメント\研究\研究コード\code\liquid_state_spike_filter_distance_pair_inputs_rep1\pair_plots_Al_board_vs_wood_board\Al_board_06_id266_vs_wood_board_01_id140.png
Al_board-wood_board,Al_board,wood_board,6,2,266,224,0.011902894981100798,0.022674616091514953,C:\Users\haru4\OneDrive - 学校法人立命館\ドキュメント\研究\研究コード\code\liquid_state_spike_filter_distance_pair_inputs_rep1\pair_plots_Al_board_vs_wood_board\Al_board_06_id266_vs_wood_board_02_id224.png
Al_board-wood_board,Al_board,wood_board,6,3,266,310,0.017127066204891097,0.03464345160924289,C:\Users\haru4\OneDrive - 学校法人立命館\ドキュメント\研究\研究コード\code\liquid_state_spike_filter_distance_pair_inputs_rep1\pair_plots_Al_board_vs_wood_board\Al_board_06_id266_vs_wood_board_03_id310.png
Al_board-wood_board,Al_board,wood_board,6,4,266,180,0.015870542395091503,0.02659310682300294,C:\Users\haru4\OneDrive - 学校法人立命館\ドキュメント\研究\研究コード\code\liquid_state_spike_filter_distance_pair_inputs_rep1\pair_plots_Al_board_vs_wood_board\Al_board_06_id266_vs_wood_board_04_id180.png
Al_board-wood_board,Al_board,wood_board,6,5,266,62,0.011944390266882729,0.031196018775012716,C:\Users\haru4\OneDrive - 学校法人立命館\ドキュメント\研究\研究コード\code\liquid_state_spike_filter_distance_pair_inputs_rep1\pair_plots_Al_board_vs_wood_board\Al_board_06_id266_vs_wood_board_05_id62.png
Al_board-wood_board,Al_board,wood_board,6,6,266,266,0.01464642510272845,0.02927894023930249,C:\Users\haru4\OneDrive - 学校法人立命館\ドキュメント\研究\研究コード\code\liquid_state_spike_filter_distance_pair_inputs_rep1\pair_plots_Al_board_vs_wood_board\Al_board_06_id266_vs_wood_board_06_id266.png
Al_board-wood_board,Al_board,wood_board,6,7,266,197,0.01435301197200255,0.027994391452327957,C:\Users\haru4\OneDrive - 学校法人立命館\ドキュメント\研究\研究コード\code\liquid_state_spike_filter_distance_pair_inputs_rep1\pair_plots_Al_board_vs_wood_board\Al_board_06_id266_vs_wood_board_07_id197.png
Al_board-wood_board,Al_board,wood_board,6,8,266,165,0.011148694777243088,0.026956365134416252,C:\Users\haru4\OneDrive - 学校法人立命館\ドキュメント\研究\研究コード\code\liquid_state_spike_filter_distance_pair_inputs_rep1\pair_plots_Al_board_vs_wood_board\Al_board_06_id266_vs_wood_board_08_id165.png
Al_board-wood_board,Al_board,wood_board,6,9,266,251,0.017110699903399557,0.029948917014810957,C:\Users\haru4\OneDrive - 学校法人立命館\ドキュメント\研究\研究コード\code\liquid_state_spike_filter_distance_pair_inputs_rep1\pair_plots_Al_board_vs_wood_board\Al_board_06_id266_vs_wood_board_09_id251.png
Al_board-wood_board,Al_board,wood_board,6,10,266,75,0.010848236361595123,0.02454737153578262,C:\Users\haru4\OneDrive - 学校法人立命館\ドキュメント\研究\研究コード\code\liquid_state_spike_filter_distance_pair_inputs_rep1\pair_plots_Al_board_vs_wood_board\Al_board_06_id266_vs_wood_board_10_id75.png
Al_board-wood_board,Al_board,wood_board,6,11,266,48,0.009438016252879109,0.022387433361722425,C:\Users\haru4\OneDrive - 学校法人立命館\ドキュメント\研究\研究コード\code\liquid_state_spike_filter_distance_pair_inputs_rep1\pair_plots_Al_board_vs_wood_board\Al_board_06_id266_vs_wood_board_11_id48.png
Al_board-wood_board,Al_board,wood_board,6,12,266,16,0.012603950851601644,0.026550001963111833,C:\Users\haru4\OneDrive - 学校法人立命館\ドキュメント\研究\研究コード\code\liquid_state_spike_filter_distance_pair_inputs_rep1\pair_plots_Al_board_vs_wood_board\Al_board_06_id266_vs_wood_board_12_id16.png
Al_board-wood_board,Al_board,wood_board,6,13,266,200,0.015236227654584579,0.029287643975421572,C:\Users\haru4\OneDrive - 学校法人立命館\ドキュメント\研究\研究コード\code\liquid_state_spike_filter_distance_pair_inputs_rep1\pair_plots_Al_board_vs_wood_board\Al_board_06_id266_vs_wood_board_13_id200.png
Al_board-wood_board,Al_board,wood_board,6,14,266,98,0.01189883198412044,0.026045244766581595,C:\Users\haru4\OneDrive - 学校法人立命館\ドキュメント\研究\研究コード\code\liquid_state_spike_filter_distance_pair_inputs_rep1\pair_plots_Al_board_vs_wood_board\Al_board_06_id266_vs_wood_board_14_id98.png
Al_board-wood_board,Al_board,wood_board,7,0,197,227,0.009881713648823268,0.023964193849356906,C:\Users\haru4\OneDrive - 学校法人立命館\ドキュメント\研究\研究コード\code\liquid_state_spike_filter_distance_pair_inputs_rep1\pair_plots_Al_board_vs_wood_board\Al_board_07_id197_vs_wood_board_00_id227.png
Al_board-wood_board,Al_board,wood_board,7,1,197,140,0.012794710712674469,0.029367675171887556,C:\Users\haru4\OneDrive - 学校法人立命館\ドキュメント\研究\研究コード\code\liquid_state_spike_filter_distance_pair_inputs_rep1\pair_plots_Al_board_vs_wood_board\Al_board_07_id197_vs_wood_board_01_id140.png
Al_board-wood_board,Al_board,wood_board,7,2,197,224,0.011375051385904717,0.022838017265400808,C:\Users\haru4\OneDrive - 学校法人立命館\ドキュメント\研究\研究コード\code\liquid_state_spike_filter_distance_pair_inputs_rep1\pair_plots_Al_board_vs_wood_board\Al_board_07_id197_vs_wood_board_02_id224.png
Al_board-wood_board,Al_board,wood_board,7,3,197,310,0.012262034205965134,0.026540738572945373,C:\Users\haru4\OneDrive - 学校法人立命館\ドキュメント\研究\研究コード\code\liquid_state_spike_filter_distance_pair_inputs_rep1\pair_plots_Al_board_vs_wood_board\Al_board_07_id197_vs_wood_board_03_id310.png
Al_board-wood_board,Al_board,wood_board,7,4,197,180,0.011621571167666902,0.02612996240607384,C:\Users\haru4\OneDrive - 学校法人立命館\ドキュメント\研究\研究コード\code\liquid_state_spike_filter_distance_pair_inputs_rep1\pair_plots_Al_board_vs_wood_board\Al_board_07_id197_vs_wood_board_04_id180.png
Al_board-wood_board,Al_board,wood_board,7,5,197,62,0.010203455057126906,0.02473879401404911,C:\Users\haru4\OneDrive - 学校法人立命館\ドキュメント\研究\研究コード\code\liquid_state_spike_filter_distance_pair_inputs_rep1\pair_plots_Al_board_vs_wood_board\Al_board_07_id197_vs_wood_board_05_id62.png
Al_board-wood_board,Al_board,wood_board,7,6,197,266,0.01117534123116252,0.027609108361128818,C:\Users\haru4\OneDrive - 学校法人立命館\ドキュメント\研究\研究コード\code\liquid_state_spike_filter_distance_pair_inputs_rep1\pair_plots_Al_board_vs_wood_board\Al_board_07_id197_vs_wood_board_06_id266.png
Al_board-wood_board,Al_board,wood_board,7,7,197,197,0.01025088015177787,0.026212036911767714,C:\Users\haru4\OneDrive - 学校法人立命館\ドキュメント\研究\研究コード\code\liquid_state_spike_filter_distance_pair_inputs_rep1\pair_plots_Al_board_vs_wood_board\Al_board_07_id197_vs_wood_board_07_id197.png
Al_board-wood_board,Al_board,wood_board,7,8,197,165,0.010724513290782705,0.02767438007988221,C:\Users\haru4\OneDrive - 学校法人立命館\ドキュメント\研究\研究コード\code\liquid_state_spike_filter_distance_pair_inputs_rep1\pair_plots_Al_board_vs_wood_board\Al_board_07_id197_vs_wood_board_08_id165.png
Al_board-wood_board,Al_board,wood_board,7,9,197,251,0.013448064892121973,0.026373139593164202,C:\Users\haru4\OneDrive - 学校法人立命館\ドキュメント\研究\研究コード\code\liquid_state_spike_filter_distance_pair_inputs_rep1\pair_plots_Al_board_vs_wood_board\Al_board_07_id197_vs_wood_board_09_id251.png
Al_board-wood_board,Al_board,wood_board,7,10,197,75,0.012322679558033128,0.026721804591364473,C:\Users\haru4\OneDrive - 学校法人立命館\ドキュメント\研究\研究コード\code\liquid_state_spike_filter_distance_pair_inputs_rep1\pair_plots_Al_board_vs_wood_board\Al_board_07_id197_vs_wood_board_10_id75.png
Al_board-wood_board,Al_board,wood_board,7,11,197,48,0.011087040673238789,0.024316543073407092,C:\Users\haru4\OneDrive - 学校法人立命館\ドキュメント\研究\研究コード\code\liquid_state_spike_filter_distance_pair_inputs_rep1\pair_plots_Al_board_vs_wood_board\Al_board_07_id197_vs_wood_board_11_id48.png
Al_board-wood_board,Al_board,wood_board,7,12,197,16,0.00958542139571705,0.021589563796886625,C:\Users\haru4\OneDrive - 学校法人立命館\ドキュメント\研究\研究コード\code\liquid_state_spike_filter_distance_pair_inputs_rep1\pair_plots_Al_board_vs_wood_board\Al_board_07_id197_vs_wood_board_12_id16.png
Al_board-wood_board,Al_board,wood_board,7,13,197,200,0.011236871493574406,0.023116683710208814,C:\Users\haru4\OneDrive - 学校法人立命館\ドキュメント\研究\研究コード\code\liquid_state_spike_filter_distance_pair_inputs_rep1\pair_plots_Al_board_vs_wood_board\Al_board_07_id197_vs_wood_board_13_id200.png
Al_board-wood_board,Al_board,wood_board,7,14,197,98,0.01175805232484579,0.02550264567480415,C:\Users\haru4\OneDrive - 学校法人立命館\ドキュメント\研究\研究コード\code\liquid_state_spike_filter_distance_pair_inputs_rep1\pair_plots_Al_board_vs_wood_board\Al_board_07_id197_vs_wood_board_14_id98.png
Al_board-wood_board,Al_board,wood_board,8,0,165,227,0.011878324465187976,0.026373739419739393,C:\Users\haru4\OneDrive - 学校法人立命館\ドキュメント\研究\研究コード\code\liquid_state_spike_filter_distance_pair_inputs_rep1\pair_plots_Al_board_vs_wood_board\Al_board_08_id165_vs_wood_board_00_id227.png
Al_board-wood_board,Al_board,wood_board,8,1,165,140,0.014222451338088844,0.02978082647426303,C:\Users\haru4\OneDrive - 学校法人立命館\ドキュメント\研究\研究コード\code\liquid_state_spike_filter_distance_pair_inputs_rep1\pair_plots_Al_board_vs_wood_board\Al_board_08_id165_vs_wood_board_01_id140.png
Al_board-wood_board,Al_board,wood_board,8,2,165,224,0.01215032212172623,0.02835307207771137,C:\Users\haru4\OneDrive - 学校法人立命館\ドキュメント\研究\研究コード\code\liquid_state_spike_filter_distance_pair_inputs_rep1\pair_plots_Al_board_vs_wood_board\Al_board_08_id165_vs_wood_board_02_id224.png
Al_board-wood_board,Al_board,wood_board,8,3,165,310,0.015307208139275554,0.029809762446851986,C:\Users\haru4\OneDrive - 学校法人立命館\ドキュメント\研究\研究コード\code\liquid_state_spike_filter_distance_pair_inputs_rep1\pair_plots_Al_board_vs_wood_board\Al_board_08_id165_vs_wood_board_03_id310.png
Al_board-wood_board,Al_board,wood_board,8,4,165,180,0.014344771112903085,0.031809456017273516,C:\Users\haru4\OneDrive - 学校法人立命館\ドキュメント\研究\研究コード\code\liquid_state_spike_filter_distance_pair_inputs_rep1\pair_plots_Al_board_vs_wood_board\Al_board_08_id165_vs_wood_board_04_id180.png
Al_board-wood_board,Al_board,wood_board,8,5,165,62,0.011292032698353417,0.022854245430734485,C:\Users\haru4\OneDrive - 学校法人立命館\ドキュメント\研究\研究コード\code\liquid_state_spike_filter_distance_pair_inputs_rep1\pair_plots_Al_board_vs_wood_board\Al_board_08_id165_vs_wood_board_05_id62.png
Al_board-wood_board,Al_board,wood_board,8,6,165,266,0.012321969880475852,0.025236633012529902,C:\Users\haru4\OneDrive - 学校法人立命館\ドキュメント\研究\研究コード\code\liquid_state_spike_filter_distance_pair_inputs_rep1\pair_plots_Al_board_vs_wood_board\Al_board_08_id165_vs_wood_board_06_id266.png
Al_board-wood_board,Al_board,wood_board,8,7,165,197,0.012833916132579755,0.03530018401903041,C:\Users\haru4\OneDrive - 学校法人立命館\ドキュメント\研究\研究コード\code\liquid_state_spike_filter_distance_pair_inputs_rep1\pair_plots_Al_board_vs_wood_board\Al_board_08_id165_vs_wood_board_07_id197.png
Al_board-wood_board,Al_board,wood_board,8,8,165,165,0.009882825323799782,0.024300711468061325,C:\Users\haru4\OneDrive - 学校法人立命館\ドキュメント\研究\研究コード\code\liquid_state_spike_filter_distance_pair_inputs_rep1\pair_plots_Al_board_vs_wood_board\Al_board_08_id165_vs_wood_board_08_id165.png
Al_board-wood_board,Al_board,wood_board,8,9,165,251,0.015461127641406943,0.031110136043787495,C:\Users\haru4\OneDrive - 学校法人立命館\ドキュメント\研究\研究コード\code\liquid_state_spike_filter_distance_pair_inputs_rep1\pair_plots_Al_board_vs_wood_board\Al_board_08_id165_vs_wood_board_09_id251.png
Al_board-wood_board,Al_board,wood_board,8,10,165,75,0.009546181008778864,0.020560578956478805,C:\Users\haru4\OneDrive - 学校法人立命館\ドキュメント\研究\研究コード\code\liquid_state_spike_filter_distance_pair_inputs_rep1\pair_plots_Al_board_vs_wood_board\Al_board_08_id165_vs_wood_board_10_id75.png
Al_board-wood_board,Al_board,wood_board,8,11,165,48,0.012706720991752941,0.03550750421943452,C:\Users\haru4\OneDrive - 学校法人立命館\ドキュメント\研究\研究コード\code\liquid_state_spike_filter_distance_pair_inputs_rep1\pair_plots_Al_board_vs_wood_board\Al_board_08_id165_vs_wood_board_11_id48.png
Al_board-wood_board,Al_board,wood_board,8,12,165,16,0.01310473286755785,0.03131054069533601,C:\Users\haru4\OneDrive - 学校法人立命館\ドキュメント\研究\研究コード\code\liquid_state_spike_filter_distance_pair_inputs_rep1\pair_plots_Al_board_vs_wood_board\Al_board_08_id165_vs_wood_board_12_id16.png
Al_board-wood_board,Al_board,wood_board,8,13,165,200,0.015195258445119058,0.03701259393971535,C:\Users\haru4\OneDrive - 学校法人立命館\ドキュメント\研究\研究コード\code\liquid_state_spike_filter_distance_pair_inputs_rep1\pair_plots_Al_board_vs_wood_board\Al_board_08_id165_vs_wood_board_13_id200.png
Al_board-wood_board,Al_board,wood_board,8,14,165,98,0.012372674109317944,0.032747710999722186,C:\Users\haru4\OneDrive - 学校法人立命館\ドキュメント\研究\研究コード\code\liquid_state_spike_filter_distance_pair_inputs_rep1\pair_plots_Al_board_vs_wood_board\Al_board_08_id165_vs_wood_board_14_id98.png
Al_board-wood_board,Al_board,wood_board,9,0,251,227,0.011185254900258354,0.02624973741135747,C:\Users\haru4\OneDrive - 学校法人立命館\ドキュメント\研究\研究コード\code\liquid_state_spike_filter_distance_pair_inputs_rep1\pair_plots_Al_board_vs_wood_board\Al_board_09_id251_vs_wood_board_00_id227.png
Al_board-wood_board,Al_board,wood_board,9,1,251,140,0.012414542403622313,0.026173649442721374,C:\Users\haru4\OneDrive - 学校法人立命館\ドキュメント\研究\研究コード\code\liquid_state_spike_filter_distance_pair_inputs_rep1\pair_plots_Al_board_vs_wood_board\Al_board_09_id251_vs_wood_board_01_id140.png
Al_board-wood_board,Al_board,wood_board,9,2,251,224,0.010489490192854353,0.023773166176399654,C:\Users\haru4\OneDrive - 学校法人立命館\ドキュメント\研究\研究コード\code\liquid_state_spike_filter_distance_pair_inputs_rep1\pair_plots_Al_board_vs_wood_board\Al_board_09_id251_vs_wood_board_02_id224.png
Al_board-wood_board,Al_board,wood_board,9,3,251,310,0.013189226563604137,0.027115252637104185,C:\Users\haru4\OneDrive - 学校法人立命館\ドキュメント\研究\研究コード\code\liquid_state_spike_filter_distance_pair_inputs_rep1\pair_plots_Al_board_vs_wood_board\Al_board_09_id251_vs_wood_board_03_id310.png
Al_board-wood_board,Al_board,wood_board,9,4,251,180,0.012095311073040849,0.02769253225249598,C:\Users\haru4\OneDrive - 学校法人立命館\ドキュメント\研究\研究コード\code\liquid_state_spike_filter_distance_pair_inputs_rep1\pair_plots_Al_board_vs_wood_board\Al_board_09_id251_vs_wood_board_04_id180.png
Al_board-wood_board,Al_board,wood_board,9,5,251,62,0.011241294335306965,0.028029325527017406,C:\Users\haru4\OneDrive - 学校法人立命館\ドキュメント\研究\研究コード\code\liquid_state_spike_filter_distance_pair_inputs_rep1\pair_plots_Al_board_vs_wood_board\Al_board_09_id251_vs_wood_board_05_id62.png
Al_board-wood_board,Al_board,wood_board,9,6,251,266,0.011136881966648374,0.02671280953032612,C:\Users\haru4\OneDrive - 学校法人立命館\ドキュメント\研究\研究コード\code\liquid_state_spike_filter_distance_pair_inputs_rep1\pair_plots_Al_board_vs_wood_board\Al_board_09_id251_vs_wood_board_06_id266.png
Al_board-wood_board,Al_board,wood_board,9,7,251,197,0.010772547689282428,0.021534856844525014,C:\Users\haru4\OneDrive - 学校法人立命館\ドキュメント\研究\研究コード\code\liquid_state_spike_filter_distance_pair_inputs_rep1\pair_plots_Al_board_vs_wood_board\Al_board_09_id251_vs_wood_board_07_id197.png
Al_board-wood_board,Al_board,wood_board,9,8,251,165,0.01137363136077858,0.0285720095801376,C:\Users\haru4\OneDrive - 学校法人立命館\ドキュメント\研究\研究コード\code\liquid_state_spike_filter_distance_pair_inputs_rep1\pair_plots_Al_board_vs_wood_board\Al_board_09_id251_vs_wood_board_08_id165.png
Al_board-wood_board,Al_board,wood_board,9,9,251,251,0.013592274950677758,0.029152664186287758,C:\Users\haru4\OneDrive - 学校法人立命館\ドキュメント\研究\研究コード\code\liquid_state_spike_filter_distance_pair_inputs_rep1\pair_plots_Al_board_vs_wood_board\Al_board_09_id251_vs_wood_board_09_id251.png
Al_board-wood_board,Al_board,wood_board,9,10,251,75,0.01061266119670682,0.024066091856017557,C:\Users\haru4\OneDrive - 学校法人立命館\ドキュメント\研究\研究コード\code\liquid_state_spike_filter_distance_pair_inputs_rep1\pair_plots_Al_board_vs_wood_board\Al_board_09_id251_vs_wood_board_10_id75.png
Al_board-wood_board,Al_board,wood_board,9,11,251,48,0.008411907430958805,0.01878195626139278,C:\Users\haru4\OneDrive - 学校法人立命館\ドキュメント\研究\研究コード\code\liquid_state_spike_filter_distance_pair_inputs_rep1\pair_plots_Al_board_vs_wood_board\Al_board_09_id251_vs_wood_board_11_id48.png
Al_board-wood_board,Al_board,wood_board,9,12,251,16,0.010775917263592762,0.02586561388165009,C:\Users\haru4\OneDrive - 学校法人立命館\ドキュメント\研究\研究コード\code\liquid_state_spike_filter_distance_pair_inputs_rep1\pair_plots_Al_board_vs_wood_board\Al_board_09_id251_vs_wood_board_12_id16.png
Al_board-wood_board,Al_board,wood_board,9,13,251,200,0.012765707149348346,0.02636916523670806,C:\Users\haru4\OneDrive - 学校法人立命館\ドキュメント\研究\研究コード\code\liquid_state_spike_filter_distance_pair_inputs_rep1\pair_plots_Al_board_vs_wood_board\Al_board_09_id251_vs_wood_board_13_id200.png
Al_board-wood_board,Al_board,wood_board,9,14,251,98,0.009248316915616235,0.02230560851901619,C:\Users\haru4\OneDrive - 学校法人立命館\ドキュメント\研究\研究コード\code\liquid_state_spike_filter_distance_pair_inputs_rep1\pair_plots_Al_board_vs_wood_board\Al_board_09_id251_vs_wood_board_14_id98.png
Al_board-wood_board,Al_board,wood_board,10,0,75,227,0.015597225969099689,0.03365860206590124,C:\Users\haru4\OneDrive - 学校法人立命館\ドキュメント\研究\研究コード\code\liquid_state_spike_filter_distance_pair_inputs_rep1\pair_plots_Al_board_vs_wood_board\Al_board_10_id75_vs_wood_board_00_id227.png
Al_board-wood_board,Al_board,wood_board,10,1,75,140,0.013906049671865414,0.025200550183781763,C:\Users\haru4\OneDrive - 学校法人立命館\ドキュメント\研究\研究コード\code\liquid_state_spike_filter_distance_pair_inputs_rep1\pair_plots_Al_board_vs_wood_board\Al_board_10_id75_vs_wood_board_01_id140.png
Al_board-wood_board,Al_board,wood_board,10,2,75,224,0.015064986903729743,0.03491079060635687,C:\Users\haru4\OneDrive - 学校法人立命館\ドキュメント\研究\研究コード\code\liquid_state_spike_filter_distance_pair_inputs_rep1\pair_plots_Al_board_vs_wood_board\Al_board_10_id75_vs_wood_board_02_id224.png
Al_board-wood_board,Al_board,wood_board,10,3,75,310,0.01688841724540237,0.03451241642250899,C:\Users\haru4\OneDrive - 学校法人立命館\ドキュメント\研究\研究コード\code\liquid_state_spike_filter_distance_pair_inputs_rep1\pair_plots_Al_board_vs_wood_board\Al_board_10_id75_vs_wood_board_03_id310.png
Al_board-wood_board,Al_board,wood_board,10,4,75,180,0.016301264879282375,0.032613147163710686,C:\Users\haru4\OneDrive - 学校法人立命館\ドキュメント\研究\研究コード\code\liquid_state_spike_filter_distance_pair_inputs_rep1\pair_plots_Al_board_vs_wood_board\Al_board_10_id75_vs_wood_board_04_id180.png
Al_board-wood_board,Al_board,wood_board,10,5,75,62,0.01876146574457399,0.034448968569184946,C:\Users\haru4\OneDrive - 学校法人立命館\ドキュメント\研究\研究コード\code\liquid_state_spike_filter_distance_pair_inputs_rep1\pair_plots_Al_board_vs_wood_board\Al_board_10_id75_vs_wood_board_05_id62.png
Al_board-wood_board,Al_board,wood_board,10,6,75,266,0.01366628325686729,0.02748349697116624,C:\Users\haru4\OneDrive - 学校法人立命館\ドキュメント\研究\研究コード\code\liquid_state_spike_filter_distance_pair_inputs_rep1\pair_plots_Al_board_vs_wood_board\Al_board_10_id75_vs_wood_board_06_id266.png
Al_board-wood_board,Al_board,wood_board,10,7,75,197,0.013387302636555064,0.028086903967225164,C:\Users\haru4\OneDrive - 学校法人立命館\ドキュメント\研究\研究コード\code\liquid_state_spike_filter_distance_pair_inputs_rep1\pair_plots_Al_board_vs_wood_board\Al_board_10_id75_vs_wood_board_07_id197.png
Al_board-wood_board,Al_board,wood_board,10,8,75,165,0.016335528864130217,0.03049666405213502,C:\Users\haru4\OneDrive - 学校法人立命館\ドキュメント\研究\研究コード\code\liquid_state_spike_filter_distance_pair_inputs_rep1\pair_plots_Al_board_vs_wood_board\Al_board_10_id75_vs_wood_board_08_id165.png
Al_board-wood_board,Al_board,wood_board,10,9,75,251,0.014935952940040647,0.027597162234102312,C:\Users\haru4\OneDrive - 学校法人立命館\ドキュメント\研究\研究コード\code\liquid_state_spike_filter_distance_pair_inputs_rep1\pair_plots_Al_board_vs_wood_board\Al_board_10_id75_vs_wood_board_09_id251.png
Al_board-wood_board,Al_board,wood_board,10,10,75,75,0.014687536342266681,0.03388131379963113,C:\Users\haru4\OneDrive - 学校法人立命館\ドキュメント\研究\研究コード\code\liquid_state_spike_filter_distance_pair_inputs_rep1\pair_plots_Al_board_vs_wood_board\Al_board_10_id75_vs_wood_board_10_id75.png
Al_board-wood_board,Al_board,wood_board,10,11,75,48,0.014732816734561434,0.03740684863757738,C:\Users\haru4\OneDrive - 学校法人立命館\ドキュメント\研究\研究コード\code\liquid_state_spike_filter_distance_pair_inputs_rep1\pair_plots_Al_board_vs_wood_board\Al_board_10_id75_vs_wood_board_11_id48.png
Al_board-wood_board,Al_board,wood_board,10,12,75,16,0.013490785135298534,0.026096278491496337,C:\Users\haru4\OneDrive - 学校法人立命館\ドキュメント\研究\研究コード\code\liquid_state_spike_filter_distance_pair_inputs_rep1\pair_plots_Al_board_vs_wood_board\Al_board_10_id75_vs_wood_board_12_id16.png
Al_board-wood_board,Al_board,wood_board,10,13,75,200,0.01589176079559772,0.030121326329572363,C:\Users\haru4\OneDrive - 学校法人立命館\ドキュメント\研究\研究コード\code\liquid_state_spike_filter_distance_pair_inputs_rep1\pair_plots_Al_board_vs_wood_board\Al_board_10_id75_vs_wood_board_13_id200.png
Al_board-wood_board,Al_board,wood_board,10,14,75,98,0.015758908527611238,0.04333494496021576,C:\Users\haru4\OneDrive - 学校法人立命館\ドキュメント\研究\研究コード\code\liquid_state_spike_filter_distance_pair_inputs_rep1\pair_plots_Al_board_vs_wood_board\Al_board_10_id75_vs_wood_board_14_id98.png
Al_board-wood_board,Al_board,wood_board,11,0,48,227,0.013269457257874802,0.0314918690527867,C:\Users\haru4\OneDrive - 学校法人立命館\ドキュメント\研究\研究コード\code\liquid_state_spike_filter_distance_pair_inputs_rep1\pair_plots_Al_board_vs_wood_board\Al_board_11_id48_vs_wood_board_00_id227.png
Al_board-wood_board,Al_board,wood_board,11,1,48,140,0.01609018398776447,0.03644213580307581,C:\Users\haru4\OneDrive - 学校法人立命館\ドキュメント\研究\研究コード\code\liquid_state_spike_filter_distance_pair_inputs_rep1\pair_plots_Al_board_vs_wood_board\Al_board_11_id48_vs_wood_board_01_id140.png
Al_board-wood_board,Al_board,wood_board,11,2,48,224,0.012507421666422281,0.034903012303396326,C:\Users\haru4\OneDrive - 学校法人立命館\ドキュメント\研究\研究コード\code\liquid_state_spike_filter_distance_pair_inputs_rep1\pair_plots_Al_board_vs_wood_board\Al_board_11_id48_vs_wood_board_02_id224.png
Al_board-wood_board,Al_board,wood_board,11,3,48,310,0.01648307246796742,0.03416444306371755,C:\Users\haru4\OneDrive - 学校法人立命館\ドキュメント\研究\研究コード\code\liquid_state_spike_filter_distance_pair_inputs_rep1\pair_plots_Al_board_vs_wood_board\Al_board_11_id48_vs_wood_board_03_id310.png
Al_board-wood_board,Al_board,wood_board,11,4,48,180,0.015871984073603806,0.033151228645247624,C:\Users\haru4\OneDrive - 学校法人立命館\ドキュメント\研究\研究コード\code\liquid_state_spike_filter_distance_pair_inputs_rep1\pair_plots_Al_board_vs_wood_board\Al_board_11_id48_vs_wood_board_04_id180.png
Al_board-wood_board,Al_board,wood_board,11,5,48,62,0.01003774320140747,0.02322086153998352,C:\Users\haru4\OneDrive - 学校法人立命館\ドキュメント\研究\研究コード\code\liquid_state_spike_filter_distance_pair_inputs_rep1\pair_plots_Al_board_vs_wood_board\Al_board_11_id48_vs_wood_board_05_id62.png
Al_board-wood_board,Al_board,wood_board,11,6,48,266,0.014362365090890125,0.029901602841593742,C:\Users\haru4\OneDrive - 学校法人立命館\ドキュメント\研究\研究コード\code\liquid_state_spike_filter_distance_pair_inputs_rep1\pair_plots_Al_board_vs_wood_board\Al_board_11_id48_vs_wood_board_06_id266.png
Al_board-wood_board,Al_board,wood_board,11,7,48,197,0.015332872474914664,0.031727495487266416,C:\Users\haru4\OneDrive - 学校法人立命館\ドキュメント\研究\研究コード\code\liquid_state_spike_filter_distance_pair_inputs_rep1\pair_plots_Al_board_vs_wood_board\Al_board_11_id48_vs_wood_board_07_id197.png
Al_board-wood_board,Al_board,wood_board,11,8,48,165,0.010346720902358011,0.025972992639419303,C:\Users\haru4\OneDrive - 学校法人立命館\ドキュメント\研究\研究コード\code\liquid_state_spike_filter_distance_pair_inputs_rep1\pair_plots_Al_board_vs_wood_board\Al_board_11_id48_vs_wood_board_08_id165.png
Al_board-wood_board,Al_board,wood_board,11,9,48,251,0.01689799588026628,0.03025094652475333,C:\Users\haru4\OneDrive - 学校法人立命館\ドキュメント\研究\研究コード\code\liquid_state_spike_filter_distance_pair_inputs_rep1\pair_plots_Al_board_vs_wood_board\Al_board_11_id48_vs_wood_board_09_id251.png
Al_board-wood_board,Al_board,wood_board,11,10,48,75,0.012208315513659605,0.031017396661698234,C:\Users\haru4\OneDrive - 学校法人立命館\ドキュメント\研究\研究コード\code\liquid_state_spike_filter_distance_pair_inputs_rep1\pair_plots_Al_board_vs_wood_board\Al_board_11_id48_vs_wood_board_10_id75.png
Al_board-wood_board,Al_board,wood_board,11,11,48,48,0.013136358463702348,0.04456647171553054,C:\Users\haru4\OneDrive - 学校法人立命館\ドキュメント\研究\研究コード\code\liquid_state_spike_filter_distance_pair_inputs_rep1\pair_plots_Al_board_vs_wood_board\Al_board_11_id48_vs_wood_board_11_id48.png
Al_board-wood_board,Al_board,wood_board,11,12,48,16,0.013919980106336846,0.03638849163333351,C:\Users\haru4\OneDrive - 学校法人立命館\ドキュメント\研究\研究コード\code\liquid_state_spike_filter_distance_pair_inputs_rep1\pair_plots_Al_board_vs_wood_board\Al_board_11_id48_vs_wood_board_12_id16.png
Al_board-wood_board,Al_board,wood_board,11,13,48,200,0.016142742983428125,0.0308377360494736,C:\Users\haru4\OneDrive - 学校法人立命館\ドキュメント\研究\研究コード\code\liquid_state_spike_filter_distance_pair_inputs_rep1\pair_plots_Al_board_vs_wood_board\Al_board_11_id48_vs_wood_board_13_id200.png
Al_board-wood_board,Al_board,wood_board,11,14,48,98,0.013647423896236483,0.03912573704844271,C:\Users\haru4\OneDrive - 学校法人立命館\ドキュメント\研究\研究コード\code\liquid_state_spike_filter_distance_pair_inputs_rep1\pair_plots_Al_board_vs_wood_board\Al_board_11_id48_vs_wood_board_14_id98.png
Al_board-wood_board,Al_board,wood_board,12,0,16,227,0.012903817545392219,0.03845613240299758,C:\Users\haru4\OneDrive - 学校法人立命館\ドキュメント\研究\研究コード\code\liquid_state_spike_filter_distance_pair_inputs_rep1\pair_plots_Al_board_vs_wood_board\Al_board_12_id16_vs_wood_board_00_id227.png
Al_board-wood_board,Al_board,wood_board,12,1,16,140,0.01158752249895467,0.026152164768396585,C:\Users\haru4\OneDrive - 学校法人立命館\ドキュメント\研究\研究コード\code\liquid_state_spike_filter_distance_pair_inputs_rep1\pair_plots_Al_board_vs_wood_board\Al_board_12_id16_vs_wood_board_01_id140.png
Al_board-wood_board,Al_board,wood_board,12,2,16,224,0.01272223355639421,0.030328925553838933,C:\Users\haru4\OneDrive - 学校法人立命館\ドキュメント\研究\研究コード\code\liquid_state_spike_filter_distance_pair_inputs_rep1\pair_plots_Al_board_vs_wood_board\Al_board_12_id16_vs_wood_board_02_id224.png
Al_board-wood_board,Al_board,wood_board,12,3,16,310,0.014751830630701037,0.031519374296178244,C:\Users\haru4\OneDrive - 学校法人立命館\ドキュメント\研究\研究コード\code\liquid_state_spike_filter_distance_pair_inputs_rep1\pair_plots_Al_board_vs_wood_board\Al_board_12_id16_vs_wood_board_03_id310.png
Al_board-wood_board,Al_board,wood_board,12,4,16,180,0.013801486569163328,0.032497578561966306,C:\Users\haru4\OneDrive - 学校法人立命館\ドキュメント\研究\研究コード\code\liquid_state_spike_filter_distance_pair_inputs_rep1\pair_plots_Al_board_vs_wood_board\Al_board_12_id16_vs_wood_board_04_id180.png
Al_board-wood_board,Al_board,wood_board,12,5,16,62,0.014138414470747478,0.03900325790720836,C:\Users\haru4\OneDrive - 学校法人立命館\ドキュメント\研究\研究コード\code\liquid_state_spike_filter_distance_pair_inputs_rep1\pair_plots_Al_board_vs_wood_board\Al_board_12_id16_vs_wood_board_05_id62.png
Al_board-wood_board,Al_board,wood_board,12,6,16,266,0.01183429666648812,0.028085117185707095,C:\Users\haru4\OneDrive - 学校法人立命館\ドキュメント\研究\研究コード\code\liquid_state_spike_filter_distance_pair_inputs_rep1\pair_plots_Al_board_vs_wood_board\Al_board_12_id16_vs_wood_board_06_id266.png
Al_board-wood_board,Al_board,wood_board,12,7,16,197,0.011992996703132999,0.024136196197853354,C:\Users\haru4\OneDrive - 学校法人立命館\ドキュメント\研究\研究コード\code\liquid_state_spike_filter_distance_pair_inputs_rep1\pair_plots_Al_board_vs_wood_board\Al_board_12_id16_vs_wood_board_07_id197.png
Al_board-wood_board,Al_board,wood_board,12,8,16,165,0.0132178607765863,0.030825432575162248,C:\Users\haru4\OneDrive - 学校法人立命館\ドキュメント\研究\研究コード\code\liquid_state_spike_filter_distance_pair_inputs_rep1\pair_plots_Al_board_vs_wood_board\Al_board_12_id16_vs_wood_board_08_id165.png
Al_board-wood_board,Al_board,wood_board,12,9,16,251,0.012729200411885822,0.02717712927230105,C:\Users\haru4\OneDrive - 学校法人立命館\ドキュメント\研究\研究コード\code\liquid_state_spike_filter_distance_pair_inputs_rep1\pair_plots_Al_board_vs_wood_board\Al_board_12_id16_vs_wood_board_09_id251.png
Al_board-wood_board,Al_board,wood_board,12,10,16,75,0.01312351265936096,0.04101645532581808,C:\Users\haru4\OneDrive - 学校法人立命館\ドキュメント\研究\研究コード\code\liquid_state_spike_filter_distance_pair_inputs_rep1\pair_plots_Al_board_vs_wood_board\Al_board_12_id16_vs_wood_board_10_id75.png
Al_board-wood_board,Al_board,wood_board,12,11,16,48,0.014027985988135278,0.04066873182663413,C:\Users\haru4\OneDrive - 学校法人立命館\ドキュメント\研究\研究コード\code\liquid_state_spike_filter_distance_pair_inputs_rep1\pair_plots_Al_board_vs_wood_board\Al_board_12_id16_vs_wood_board_11_id48.png
Al_board-wood_board,Al_board,wood_board,12,12,16,16,0.013346624837697099,0.030898297022606172,C:\Users\haru4\OneDrive - 学校法人立命館\ドキュメント\研究\研究コード\code\liquid_state_spike_filter_distance_pair_inputs_rep1\pair_plots_Al_board_vs_wood_board\Al_board_12_id16_vs_wood_board_12_id16.png
Al_board-wood_board,Al_board,wood_board,12,13,16,200,0.013883720995403189,0.0327995584413234,C:\Users\haru4\OneDrive - 学校法人立命館\ドキュメント\研究\研究コード\code\liquid_state_spike_filter_distance_pair_inputs_rep1\pair_plots_Al_board_vs_wood_board\Al_board_12_id16_vs_wood_board_13_id200.png
Al_board-wood_board,Al_board,wood_board,12,14,16,98,0.013383256595437322,0.03283772214383929,C:\Users\haru4\OneDrive - 学校法人立命館\ドキュメント\研究\研究コード\code\liquid_state_spike_filter_distance_pair_inputs_rep1\pair_plots_Al_board_vs_wood_board\Al_board_12_id16_vs_wood_board_14_id98.png
Al_board-wood_board,Al_board,wood_board,13,0,200,227,0.01221864127146465,0.026964164016587598,C:\Users\haru4\OneDrive - 学校法人立命館\ドキュメント\研究\研究コード\code\liquid_state_spike_filter_distance_pair_inputs_rep1\pair_plots_Al_board_vs_wood_board\Al_board_13_id200_vs_wood_board_00_id227.png
Al_board-wood_board,Al_board,wood_board,13,1,200,140,0.01511053230243267,0.03345278899515684,C:\Users\haru4\OneDrive - 学校法人立命館\ドキュメント\研究\研究コード\code\liquid_state_spike_filter_distance_pair_inputs_rep1\pair_plots_Al_board_vs_wood_board\Al_board_13_id200_vs_wood_board_01_id140.png
Al_board-wood_board,Al_board,wood_board,13,2,200,224,0.013135802114750768,0.029851130714824002,C:\Users\haru4\OneDrive - 学校法人立命館\ドキュメント\研究\研究コード\code\liquid_state_spike_filter_distance_pair_inputs_rep1\pair_plots_Al_board_vs_wood_board\Al_board_13_id200_vs_wood_board_02_id224.png
Al_board-wood_board,Al_board,wood_board,13,3,200,310,0.01566089885825057,0.028455931659168012,C:\Users\haru4\OneDrive - 学校法人立命館\ドキュメント\研究\研究コード\code\liquid_state_spike_filter_distance_pair_inputs_rep1\pair_plots_Al_board_vs_wood_board\Al_board_13_id200_vs_wood_board_03_id310.png
Al_board-wood_board,Al_board,wood_board,13,4,200,180,0.01509398864878087,0.03099608230239002,C:\Users\haru4\OneDrive - 学校法人立命館\ドキュメント\研究\研究コード\code\liquid_state_spike_filter_distance_pair_inputs_rep1\pair_plots_Al_board_vs_wood_board\Al_board_13_id200_vs_wood_board_04_id180.png
Al_board-wood_board,Al_board,wood_board,13,5,200,62,0.01224990176702614,0.030473737754827528,C:\Users\haru4\OneDrive - 学校法人立命館\ドキュメント\研究\研究コード\code\liquid_state_spike_filter_distance_pair_inputs_rep1\pair_plots_Al_board_vs_wood_board\Al_board_13_id200_vs_wood_board_05_id62.png
Al_board-wood_board,Al_board,wood_board,13,6,200,266,0.014485358357220013,0.03436560193189898,C:\Users\haru4\OneDrive - 学校法人立命館\ドキュメント\研究\研究コード\code\liquid_state_spike_filter_distance_pair_inputs_rep1\pair_plots_Al_board_vs_wood_board\Al_board_13_id200_vs_wood_board_06_id266.png
Al_board-wood_board,Al_board,wood_board,13,7,200,197,0.012204673282840502,0.02884663905137786,C:\Users\haru4\OneDrive - 学校法人立命館\ドキュメント\研究\研究コード\code\liquid_state_spike_filter_distance_pair_inputs_rep1\pair_plots_Al_board_vs_wood_board\Al_board_13_id200_vs_wood_board_07_id197.png
Al_board-wood_board,Al_board,wood_board,13,8,200,165,0.012316530665461478,0.029991346020043663,C:\Users\haru4\OneDrive - 学校法人立命館\ドキュメント\研究\研究コード\code\liquid_state_spike_filter_distance_pair_inputs_rep1\pair_plots_Al_board_vs_wood_board\Al_board_13_id200_vs_wood_board_08_id165.png
Al_board-wood_board,Al_board,wood_board,13,9,200,251,0.016151065887319432,0.030372849063716276,C:\Users\haru4\OneDrive - 学校法人立命館\ドキュメント\研究\研究コード\code\liquid_state_spike_filter_distance_pair_inputs_rep1\pair_plots_Al_board_vs_wood_board\Al_board_13_id200_vs_wood_board_09_id251.png
Al_board-wood_board,Al_board,wood_board,13,10,200,75,0.01274042283767979,0.029109260997704726,C:\Users\haru4\OneDrive - 学校法人立命館\ドキュメント\研究\研究コード\code\liquid_state_spike_filter_distance_pair_inputs_rep1\pair_plots_Al_board_vs_wood_board\Al_board_13_id200_vs_wood_board_10_id75.png
Al_board-wood_board,Al_board,wood_board,13,11,200,48,0.010971875369221281,0.026137980217984958,C:\Users\haru4\OneDrive - 学校法人立命館\ドキュメント\研究\研究コード\code\liquid_state_spike_filter_distance_pair_inputs_rep1\pair_plots_Al_board_vs_wood_board\Al_board_13_id200_vs_wood_board_11_id48.png
Al_board-wood_board,Al_board,wood_board,13,12,200,16,0.012646090442330312,0.02402415741744505,C:\Users\haru4\OneDrive - 学校法人立命館\ドキュメント\研究\研究コード\code\liquid_state_spike_filter_distance_pair_inputs_rep1\pair_plots_Al_board_vs_wood_board\Al_board_13_id200_vs_wood_board_12_id16.png
Al_board-wood_board,Al_board,wood_board,13,13,200,200,0.014313273038282184,0.025140094253431774,C:\Users\haru4\OneDrive - 学校法人立命館\ドキュメント\研究\研究コード\code\liquid_state_spike_filter_distance_pair_inputs_rep1\pair_plots_Al_board_vs_wood_board\Al_board_13_id200_vs_wood_board_13_id200.png
Al_board-wood_board,Al_board,wood_board,13,14,200,98,0.011506229219234531,0.026799895954300292,C:\Users\haru4\OneDrive - 学校法人立命館\ドキュメント\研究\研究コード\code\liquid_state_spike_filter_distance_pair_inputs_rep1\pair_plots_Al_board_vs_wood_board\Al_board_13_id200_vs_wood_board_14_id98.png
Al_board-wood_board,Al_board,wood_board,14,0,98,227,0.011351894454160478,0.024015599280089152,C:\Users\haru4\OneDrive - 学校法人立命館\ドキュメント\研究\研究コード\code\liquid_state_spike_filter_distance_pair_inputs_rep1\pair_plots_Al_board_vs_wood_board\Al_board_14_id98_vs_wood_board_00_id227.png
Al_board-wood_board,Al_board,wood_board,14,1,98,140,0.012732104680135116,0.026284289961091473,C:\Users\haru4\OneDrive - 学校法人立命館\ドキュメント\研究\研究コード\code\liquid_state_spike_filter_distance_pair_inputs_rep1\pair_plots_Al_board_vs_wood_board\Al_board_14_id98_vs_wood_board_01_id140.png
Al_board-wood_board,Al_board,wood_board,14,2,98,224,0.010796205818147083,0.02337424909402363,C:\Users\haru4\OneDrive - 学校法人立命館\ドキュメント\研究\研究コード\code\liquid_state_spike_filter_distance_pair_inputs_rep1\pair_plots_Al_board_vs_wood_board\Al_board_14_id98_vs_wood_board_02_id224.png
Al_board-wood_board,Al_board,wood_board,14,3,98,310,0.013508312222368556,0.026767823927349915,C:\Users\haru4\OneDrive - 学校法人立命館\ドキュメント\研究\研究コード\code\liquid_state_spike_filter_distance_pair_inputs_rep1\pair_plots_Al_board_vs_wood_board\Al_board_14_id98_vs_wood_board_03_id310.png
Al_board-wood_board,Al_board,wood_board,14,4,98,180,0.012248467671374266,0.025216189971647054,C:\Users\haru4\OneDrive - 学校法人立命館\ドキュメント\研究\研究コード\code\liquid_state_spike_filter_distance_pair_inputs_rep1\pair_plots_Al_board_vs_wood_board\Al_board_14_id98_vs_wood_board_04_id180.png
Al_board-wood_board,Al_board,wood_board,14,5,98,62,0.011473714239098537,0.029568442107703506,C:\Users\haru4\OneDrive - 学校法人立命館\ドキュメント\研究\研究コード\code\liquid_state_spike_filter_distance_pair_inputs_rep1\pair_plots_Al_board_vs_wood_board\Al_board_14_id98_vs_wood_board_05_id62.png
Al_board-wood_board,Al_board,wood_board,14,6,98,266,0.012756534661285682,0.026605389203757625,C:\Users\haru4\OneDrive - 学校法人立命館\ドキュメント\研究\研究コード\code\liquid_state_spike_filter_distance_pair_inputs_rep1\pair_plots_Al_board_vs_wood_board\Al_board_14_id98_vs_wood_board_06_id266.png
Al_board-wood_board,Al_board,wood_board,14,7,98,197,0.01345893684941378,0.03181090285808984,C:\Users\haru4\OneDrive - 学校法人立命館\ドキュメント\研究\研究コード\code\liquid_state_spike_filter_distance_pair_inputs_rep1\pair_plots_Al_board_vs_wood_board\Al_board_14_id98_vs_wood_board_07_id197.png
Al_board-wood_board,Al_board,wood_board,14,8,98,165,0.010568904288617387,0.02367076644367451,C:\Users\haru4\OneDrive - 学校法人立命館\ドキュメント\研究\研究コード\code\liquid_state_spike_filter_distance_pair_inputs_rep1\pair_plots_Al_board_vs_wood_board\Al_board_14_id98_vs_wood_board_08_id165.png
Al_board-wood_board,Al_board,wood_board,14,9,98,251,0.014578323759933799,0.031090908014809144,C:\Users\haru4\OneDrive - 学校法人立命館\ドキュメント\研究\研究コード\code\liquid_state_spike_filter_distance_pair_inputs_rep1\pair_plots_Al_board_vs_wood_board\Al_board_14_id98_vs_wood_board_09_id251.png
Al_board-wood_board,Al_board,wood_board,14,10,98,75,0.012082758570368906,0.034407786079122586,C:\Users\haru4\OneDrive - 学校法人立命館\ドキュメント\研究\研究コード\code\liquid_state_spike_filter_distance_pair_inputs_rep1\pair_plots_Al_board_vs_wood_board\Al_board_14_id98_vs_wood_board_10_id75.png
Al_board-wood_board,Al_board,wood_board,14,11,98,48,0.011619718131902674,0.029707786976388435,C:\Users\haru4\OneDrive - 学校法人立命館\ドキュメント\研究\研究コード\code\liquid_state_spike_filter_distance_pair_inputs_rep1\pair_plots_Al_board_vs_wood_board\Al_board_14_id98_vs_wood_board_11_id48.png
Al_board-wood_board,Al_board,wood_board,14,12,98,16,0.011610327874596194,0.02711093583250563,C:\Users\haru4\OneDrive - 学校法人立命館\ドキュメント\研究\研究コード\code\liquid_state_spike_filter_distance_pair_inputs_rep1\pair_plots_Al_board_vs_wood_board\Al_board_14_id98_vs_wood_board_12_id16.png
Al_board-wood_board,Al_board,wood_board,14,13,98,200,0.013557991705709694,0.02723355265465304,C:\Users\haru4\OneDrive - 学校法人立命館\ドキュメント\研究\研究コード\code\liquid_state_spike_filter_distance_pair_inputs_rep1\pair_plots_Al_board_vs_wood_board\Al_board_14_id98_vs_wood_board_13_id200.png
Al_board-wood_board,Al_board,wood_board,14,14,98,98,0.010919365389949372,0.029978483894671015,C:\Users\haru4\OneDrive - 学校法人立命館\ドキュメント\研究\研究コード\code\liquid_state_spike_filter_distance_pair_inputs_rep1\pair_plots_Al_board_vs_wood_board\Al_board_14_id98_vs_wood_board_14_id98.png
Al_board-washi,Al_board,washi,0,0,227,227,0.028609932915352274,0.053642932059586486,C:\Users\haru4\OneDrive - 学校法人立命館\ドキュメント\研究\研究コード\code\liquid_state_spike_filter_distance_pair_inputs_rep1\pair_plots_Al_board_vs_washi\Al_board_00_id227_vs_washi_00_id227.png
Al_board-washi,Al_board,washi,0,1,227,140,0.03820029810235524,0.0641457502195054,C:\Users\haru4\OneDrive - 学校法人立命館\ドキュメント\研究\研究コード\code\liquid_state_spike_filter_distance_pair_inputs_rep1\pair_plots_Al_board_vs_washi\Al_board_00_id227_vs_washi_01_id140.png
Al_board-washi,Al_board,washi,0,2,227,224,0.02816256184531471,0.05258357822772128,C:\Users\haru4\OneDrive - 学校法人立命館\ドキュメント\研究\研究コード\code\liquid_state_spike_filter_distance_pair_inputs_rep1\pair_plots_Al_board_vs_washi\Al_board_00_id227_vs_washi_02_id224.png
Al_board-washi,Al_board,washi,0,3,227,310,0.04381180472278862,0.06345845565002549,C:\Users\haru4\OneDrive - 学校法人立命館\ドキュメント\研究\研究コード\code\liquid_state_spike_filter_distance_pair_inputs_rep1\pair_plots_Al_board_vs_washi\Al_board_00_id227_vs_washi_03_id310.png
Al_board-washi,Al_board,washi,0,4,227,180,0.039115420309224755,0.061642726822592635,C:\Users\haru4\OneDrive - 学校法人立命館\ドキュメント\研究\研究コード\code\liquid_state_spike_filter_distance_pair_inputs_rep1\pair_plots_Al_board_vs_washi\Al_board_00_id227_vs_washi_04_id180.png
Al_board-washi,Al_board,washi,0,5,227,62,0.025150117466917324,0.04852042092888227,C:\Users\haru4\OneDrive - 学校法人立命館\ドキュメント\研究\研究コード\code\liquid_state_spike_filter_distance_pair_inputs_rep1\pair_plots_Al_board_vs_washi\Al_board_00_id227_vs_washi_05_id62.png
Al_board-washi,Al_board,washi,0,6,227,266,0.0285299163235169,0.05396717974347715,C:\Users\haru4\OneDrive - 学校法人立命館\ドキュメント\研究\研究コード\code\liquid_state_spike_filter_distance_pair_inputs_rep1\pair_plots_Al_board_vs_washi\Al_board_00_id227_vs_washi_06_id266.png
Al_board-washi,Al_board,washi,0,7,227,197,0.03328095735703344,0.06264143840925537,C:\Users\haru4\OneDrive - 学校法人立命館\ドキュメント\研究\研究コード\code\liquid_state_spike_filter_distance_pair_inputs_rep1\pair_plots_Al_board_vs_washi\Al_board_00_id227_vs_washi_07_id197.png
Al_board-washi,Al_board,washi,0,8,227,165,0.0362826468124444,0.06654768710504187,C:\Users\haru4\OneDrive - 学校法人立命館\ドキュメント\研究\研究コード\code\liquid_state_spike_filter_distance_pair_inputs_rep1\pair_plots_Al_board_vs_washi\Al_board_00_id227_vs_washi_08_id165.png
Al_board-washi,Al_board,washi,0,9,227,251,0.04847720200278014,0.07107509305945457,C:\Users\haru4\OneDrive - 学校法人立命館\ドキュメント\研究\研究コード\code\liquid_state_spike_filter_distance_pair_inputs_rep1\pair_plots_Al_board_vs_washi\Al_board_00_id227_vs_washi_09_id251.png
Al_board-washi,Al_board,washi,0,10,227,75,0.011087722384997977,0.02627934000495071,C:\Users\haru4\OneDrive - 学校法人立命館\ドキュメント\研究\研究コード\code\liquid_state_spike_filter_distance_pair_inputs_rep1\pair_plots_Al_board_vs_washi\Al_board_00_id227_vs_washi_10_id75.png
Al_board-washi,Al_board,washi,0,11,227,48,0.020924898663247423,0.040857990889931674,C:\Users\haru4\OneDrive - 学校法人立命館\ドキュメント\研究\研究コード\code\liquid_state_spike_filter_distance_pair_inputs_rep1\pair_plots_Al_board_vs_washi\Al_board_00_id227_vs_washi_11_id48.png
Al_board-washi,Al_board,washi,0,12,227,16,0.023631049697008057,0.05059057891081744,C:\Users\haru4\OneDrive - 学校法人立命館\ドキュメント\研究\研究コード\code\liquid_state_spike_filter_distance_pair_inputs_rep1\pair_plots_Al_board_vs_washi\Al_board_00_id227_vs_washi_12_id16.png
Al_board-washi,Al_board,washi,0,13,227,200,0.034515412932873656,0.06551351460879136,C:\Users\haru4\OneDrive - 学校法人立命館\ドキュメント\研究\研究コード\code\liquid_state_spike_filter_distance_pair_inputs_rep1\pair_plots_Al_board_vs_washi\Al_board_00_id227_vs_washi_13_id200.png
Al_board-washi,Al_board,washi,0,14,227,98,0.025806901526918936,0.04988301914879494,C:\Users\haru4\OneDrive - 学校法人立命館\ドキュメント\研究\研究コード\code\liquid_state_spike_filter_distance_pair_inputs_rep1\pair_plots_Al_board_vs_washi\Al_board_00_id227_vs_washi_14_id98.png
Al_board-washi,Al_board,washi,1,0,140,227,0.030313048038409444,0.05415081094056199,C:\Users\haru4\OneDrive - 学校法人立命館\ドキュメント\研究\研究コード\code\liquid_state_spike_filter_distance_pair_inputs_rep1\pair_plots_Al_board_vs_washi\Al_board_01_id140_vs_washi_00_id227.png
Al_board-washi,Al_board,washi,1,1,140,140,0.04028956171300806,0.06669747321094434,C:\Users\haru4\OneDrive - 学校法人立命館\ドキュメント\研究\研究コード\code\liquid_state_spike_filter_distance_pair_inputs_rep1\pair_plots_Al_board_vs_washi\Al_board_01_id140_vs_washi_01_id140.png
Al_board-washi,Al_board,washi,1,2,140,224,0.029582014053085443,0.0526489713907828,C:\Users\haru4\OneDrive - 学校法人立命館\ドキュメント\研究\研究コード\code\liquid_state_spike_filter_distance_pair_inputs_rep1\pair_plots_Al_board_vs_washi\Al_board_01_id140_vs_washi_02_id224.png
Al_board-washi,Al_board,washi,1,3,140,310,0.045787422723005115,0.06680613653668944,C:\Users\haru4\OneDrive - 学校法人立命館\ドキュメント\研究\研究コード\code\liquid_state_spike_filter_distance_pair_inputs_rep1\pair_plots_Al_board_vs_washi\Al_board_01_id140_vs_washi_03_id310.png
Al_board-washi,Al_board,washi,1,4,140,180,0.04122590107328565,0.06420871290455789,C:\Users\haru4\OneDrive - 学校法人立命館\ドキュメント\研究\研究コード\code\liquid_state_spike_filter_distance_pair_inputs_rep1\pair_plots_Al_board_vs_washi\Al_board_01_id140_vs_washi_04_id180.png
Al_board-washi,Al_board,washi,1,5,140,62,0.02716510115785046,0.05434974291799302,C:\Users\haru4\OneDrive - 学校法人立命館\ドキュメント\研究\研究コード\code\liquid_state_spike_filter_distance_pair_inputs_rep1\pair_plots_Al_board_vs_washi\Al_board_01_id140_vs_washi_05_id62.png
Al_board-washi,Al_board,washi,1,6,140,266,0.030239400730956226,0.054492420730986924,C:\Users\haru4\OneDrive - 学校法人立命館\ドキュメント\研究\研究コード\code\liquid_state_spike_filter_distance_pair_inputs_rep1\pair_plots_Al_board_vs_washi\Al_board_01_id140_vs_washi_06_id266.png
Al_board-washi,Al_board,washi,1,7,140,197,0.03499048127270989,0.061370606980118036,C:\Users\haru4\OneDrive - 学校法人立命館\ドキュメント\研究\研究コード\code\liquid_state_spike_filter_distance_pair_inputs_rep1\pair_plots_Al_board_vs_washi\Al_board_01_id140_vs_washi_07_id197.png
Al_board-washi,Al_board,washi,1,8,140,165,0.03791118002360751,0.06523814155128888,C:\Users\haru4\OneDrive - 学校法人立命館\ドキュメント\研究\研究コード\code\liquid_state_spike_filter_distance_pair_inputs_rep1\pair_plots_Al_board_vs_washi\Al_board_01_id140_vs_washi_08_id165.png
Al_board-washi,Al_board,washi,1,9,140,251,0.05045495753472694,0.07382899912861036,C:\Users\haru4\OneDrive - 学校法人立命館\ドキュメント\研究\研究コード\code\liquid_state_spike_filter_distance_pair_inputs_rep1\pair_plots_Al_board_vs_washi\Al_board_01_id140_vs_washi_09_id251.png
Al_board-washi,Al_board,washi,1,10,140,75,0.011662424315052421,0.023262361954055927,C:\Users\haru4\OneDrive - 学校法人立命館\ドキュメント\研究\研究コード\code\liquid_state_spike_filter_distance_pair_inputs_rep1\pair_plots_Al_board_vs_washi\Al_board_01_id140_vs_washi_10_id75.png
Al_board-washi,Al_board,washi,1,11,140,48,0.022136201020843065,0.04232954533511654,C:\Users\haru4\OneDrive - 学校法人立命館\ドキュメント\研究\研究コード\code\liquid_state_spike_filter_distance_pair_inputs_rep1\pair_plots_Al_board_vs_washi\Al_board_01_id140_vs_washi_11_id48.png
Al_board-washi,Al_board,washi,1,12,140,16,0.025411282131530332,0.04839973248318982,C:\Users\haru4\OneDrive - 学校法人立命館\ドキュメント\研究\研究コード\code\liquid_state_spike_filter_distance_pair_inputs_rep1\pair_plots_Al_board_vs_washi\Al_board_01_id140_vs_washi_12_id16.png
Al_board-washi,Al_board,washi,1,13,140,200,0.03618445427550708,0.06428759992755714,C:\Users\haru4\OneDrive - 学校法人立命館\ドキュメント\研究\研究コード\code\liquid_state_spike_filter_distance_pair_inputs_rep1\pair_plots_Al_board_vs_washi\Al_board_01_id140_vs_washi_13_id200.png
Al_board-washi,Al_board,washi,1,14,140,98,0.02799652793072093,0.05434181431672089,C:\Users\haru4\OneDrive - 学校法人立命館\ドキュメント\研究\研究コード\code\liquid_state_spike_filter_distance_pair_inputs_rep1\pair_plots_Al_board_vs_washi\Al_board_01_id140_vs_washi_14_id98.png
Al_board-washi,Al_board,washi,2,0,224,227,0.03250560279511829,0.06421853421207076,C:\Users\haru4\OneDrive - 学校法人立命館\ドキュメント\研究\研究コード\code\liquid_state_spike_filter_distance_pair_inputs_rep1\pair_plots_Al_board_vs_washi\Al_board_02_id224_vs_washi_00_id227.png
Al_board-washi,Al_board,washi,2,1,224,140,0.041868079174257375,0.06669573443446894,C:\Users\haru4\OneDrive - 学校法人立命館\ドキュメント\研究\研究コード\code\liquid_state_spike_filter_distance_pair_inputs_rep1\pair_plots_Al_board_vs_washi\Al_board_02_id224_vs_washi_01_id140.png
Al_board-washi,Al_board,washi,2,2,224,224,0.031134075622893356,0.056875306039548684,C:\Users\haru4\OneDrive - 学校法人立命館\ドキュメント\研究\研究コード\code\liquid_state_spike_filter_distance_pair_inputs_rep1\pair_plots_Al_board_vs_washi\Al_board_02_id224_vs_washi_02_id224.png
Al_board-washi,Al_board,washi,2,3,224,310,0.047455942223620214,0.06937749445191603,C:\Users\haru4\OneDrive - 学校法人立命館\ドキュメント\研究\研究コード\code\liquid_state_spike_filter_distance_pair_inputs_rep1\pair_plots_Al_board_vs_washi\Al_board_02_id224_vs_washi_03_id310.png
Al_board-washi,Al_board,washi,2,4,224,180,0.04282020655986834,0.06414110393890553,C:\Users\haru4\OneDrive - 学校法人立命館\ドキュメント\研究\研究コード\code\liquid_state_spike_filter_distance_pair_inputs_rep1\pair_plots_Al_board_vs_washi\Al_board_02_id224_vs_washi_04_id180.png
Al_board-washi,Al_board,washi,2,5,224,62,0.02856715342606284,0.04727798978307307,C:\Users\haru4\OneDrive - 学校法人立命館\ドキュメント\研究\研究コード\code\liquid_state_spike_filter_distance_pair_inputs_rep1\pair_plots_Al_board_vs_washi\Al_board_02_id224_vs_washi_05_id62.png
Al_board-washi,Al_board,washi,2,6,224,266,0.03259240500670423,0.06323322853544149,C:\Users\haru4\OneDrive - 学校法人立命館\ドキュメント\研究\研究コード\code\liquid_state_spike_filter_distance_pair_inputs_rep1\pair_plots_Al_board_vs_washi\Al_board_02_id224_vs_washi_06_id266.png
Al_board-washi,Al_board,washi,2,7,224,197,0.03654279148453046,0.06348002607078135,C:\Users\haru4\OneDrive - 学校法人立命館\ドキュメント\研究\研究コード\code\liquid_state_spike_filter_distance_pair_inputs_rep1\pair_plots_Al_board_vs_washi\Al_board_02_id224_vs_washi_07_id197.png
Al_board-washi,Al_board,washi,2,8,224,165,0.03933331776920555,0.06528150217467392,C:\Users\haru4\OneDrive - 学校法人立命館\ドキュメント\研究\研究コード\code\liquid_state_spike_filter_distance_pair_inputs_rep1\pair_plots_Al_board_vs_washi\Al_board_02_id224_vs_washi_08_id165.png
Al_board-washi,Al_board,washi,2,9,224,251,0.05195365937057198,0.0737093128302512,C:\Users\haru4\OneDrive - 学校法人立命館\ドキュメント\研究\研究コード\code\liquid_state_spike_filter_distance_pair_inputs_rep1\pair_plots_Al_board_vs_washi\Al_board_02_id224_vs_washi_09_id251.png
Al_board-washi,Al_board,washi,2,10,224,75,0.015009979667720852,0.0352150415602422,C:\Users\haru4\OneDrive - 学校法人立命館\ドキュメント\研究\研究コード\code\liquid_state_spike_filter_distance_pair_inputs_rep1\pair_plots_Al_board_vs_washi\Al_board_02_id224_vs_washi_10_id75.png
Al_board-washi,Al_board,washi,2,11,224,48,0.024587766189831797,0.05639816877659486,C:\Users\haru4\OneDrive - 学校法人立命館\ドキュメント\研究\研究コード\code\liquid_state_spike_filter_distance_pair_inputs_rep1\pair_plots_Al_board_vs_washi\Al_board_02_id224_vs_washi_11_id48.png
Al_board-washi,Al_board,washi,2,12,224,16,0.02728326945886711,0.049102527369404306,C:\Users\haru4\OneDrive - 学校法人立命館\ドキュメント\研究\研究コード\code\liquid_state_spike_filter_distance_pair_inputs_rep1\pair_plots_Al_board_vs_washi\Al_board_02_id224_vs_washi_12_id16.png
Al_board-washi,Al_board,washi,2,13,224,200,0.037751338516989495,0.06310788128236544,C:\Users\haru4\OneDrive - 学校法人立命館\ドキュメント\研究\研究コード\code\liquid_state_spike_filter_distance_pair_inputs_rep1\pair_plots_Al_board_vs_washi\Al_board_02_id224_vs_washi_13_id200.png
Al_board-washi,Al_board,washi,2,14,224,98,0.02869773308091672,0.04884854628311267,C:\Users\haru4\OneDrive - 学校法人立命館\ドキュメント\研究\研究コード\code\liquid_state_spike_filter_distance_pair_inputs_rep1\pair_plots_Al_board_vs_washi\Al_board_02_id224_vs_washi_14_id98.png
Al_board-washi,Al_board,washi,3,0,310,227,0.03573410142372747,0.06200178455689636,C:\Users\haru4\OneDrive - 学校法人立命館\ドキュメント\研究\研究コード\code\liquid_state_spike_filter_distance_pair_inputs_rep1\pair_plots_Al_board_vs_washi\Al_board_03_id310_vs_washi_00_id227.png
Al_board-washi,Al_board,washi,3,1,310,140,0.04513651879779175,0.06511511788887901,C:\Users\haru4\OneDrive - 学校法人立命館\ドキュメント\研究\研究コード\code\liquid_state_spike_filter_distance_pair_inputs_rep1\pair_plots_Al_board_vs_washi\Al_board_03_id310_vs_washi_01_id140.png
Al_board-washi,Al_board,washi,3,2,310,224,0.034157864456828904,0.06290893010952649,C:\Users\haru4\OneDrive - 学校法人立命館\ドキュメント\研究\研究コード\code\liquid_state_spike_filter_distance_pair_inputs_rep1\pair_plots_Al_board_vs_washi\Al_board_03_id310_vs_washi_02_id224.png
Al_board-washi,Al_board,washi,3,3,310,310,0.050633506472272806,0.07363305938480962,C:\Users\haru4\OneDrive - 学校法人立命館\ドキュメント\研究\研究コード\code\liquid_state_spike_filter_distance_pair_inputs_rep1\pair_plots_Al_board_vs_washi\Al_board_03_id310_vs_washi_03_id310.png
Al_board-washi,Al_board,washi,3,4,310,180,0.0460763563427485,0.0626507874082943,C:\Users\haru4\OneDrive - 学校法人立命館\ドキュメント\研究\研究コード\code\liquid_state_spike_filter_distance_pair_inputs_rep1\pair_plots_Al_board_vs_washi\Al_board_03_id310_vs_washi_04_id180.png
Al_board-washi,Al_board,washi,3,5,310,62,0.031871408721890544,0.05380819342819631,C:\Users\haru4\OneDrive - 学校法人立命館\ドキュメント\研究\研究コード\code\liquid_state_spike_filter_distance_pair_inputs_rep1\pair_plots_Al_board_vs_washi\Al_board_03_id310_vs_washi_05_id62.png
Al_board-washi,Al_board,washi,3,6,310,266,0.035585612806144334,0.06193932970495625,C:\Users\haru4\OneDrive - 学校法人立命館\ドキュメント\研究\研究コード\code\liquid_state_spike_filter_distance_pair_inputs_rep1\pair_plots_Al_board_vs_washi\Al_board_03_id310_vs_washi_06_id266.png
Al_board-washi,Al_board,washi,3,7,310,197,0.039601491020773705,0.06352286334532485,C:\Users\haru4\OneDrive - 学校法人立命館\ドキュメント\研究\研究コード\code\liquid_state_spike_filter_distance_pair_inputs_rep1\pair_plots_Al_board_vs_washi\Al_board_03_id310_vs_washi_07_id197.png
Al_board-washi,Al_board,washi,3,8,310,165,0.04236775670071103,0.06840712576878044,C:\Users\haru4\OneDrive - 学校法人立命館\ドキュメント\研究\研究コード\code\liquid_state_spike_filter_distance_pair_inputs_rep1\pair_plots_Al_board_vs_washi\Al_board_03_id310_vs_washi_08_id165.png
Al_board-washi,Al_board,washi,3,9,310,251,0.055253093545974234,0.07238633964784737,C:\Users\haru4\OneDrive - 学校法人立命館\ドキュメント\研究\研究コード\code\liquid_state_spike_filter_distance_pair_inputs_rep1\pair_plots_Al_board_vs_washi\Al_board_03_id310_vs_washi_09_id251.png
Al_board-washi,Al_board,washi,3,10,310,75,0.01600232368994069,0.035205442125262984,C:\Users\haru4\OneDrive - 学校法人立命館\ドキュメント\研究\研究コード\code\liquid_state_spike_filter_distance_pair_inputs_rep1\pair_plots_Al_board_vs_washi\Al_board_03_id310_vs_washi_10_id75.png
Al_board-washi,Al_board,washi,3,11,310,48,0.02713337435243353,0.05345625126957403,C:\Users\haru4\OneDrive - 学校法人立命館\ドキュメント\研究\研究コード\code\liquid_state_spike_filter_distance_pair_inputs_rep1\pair_plots_Al_board_vs_washi\Al_board_03_id310_vs_washi_11_id48.png
Al_board-washi,Al_board,washi,3,12,310,16,0.0300998054810559,0.04849734599861842,C:\Users\haru4\OneDrive - 学校法人立命館\ドキュメント\研究\研究コード\code\liquid_state_spike_filter_distance_pair_inputs_rep1\pair_plots_Al_board_vs_washi\Al_board_03_id310_vs_washi_12_id16.png
Al_board-washi,Al_board,washi,3,13,310,200,0.040775999555218025,0.06192945350431247,C:\Users\haru4\OneDrive - 学校法人立命館\ドキュメント\研究\研究コード\code\liquid_state_spike_filter_distance_pair_inputs_rep1\pair_plots_Al_board_vs_washi\Al_board_03_id310_vs_washi_13_id200.png
Al_board-washi,Al_board,washi,3,14,310,98,0.03236490379533597,0.053579627753239344,C:\Users\haru4\OneDrive - 学校法人立命館\ドキュメント\研究\研究コード\code\liquid_state_spike_filter_distance_pair_inputs_rep1\pair_plots_Al_board_vs_washi\Al_board_03_id310_vs_washi_14_id98.png
Al_board-washi,Al_board,washi,4,0,180,227,0.030152097058056486,0.05446522908732378,C:\Users\haru4\OneDrive - 学校法人立命館\ドキュメント\研究\研究コード\code\liquid_state_spike_filter_distance_pair_inputs_rep1\pair_plots_Al_board_vs_washi\Al_board_04_id180_vs_washi_00_id227.png
Al_board-washi,Al_board,washi,4,1,180,140,0.03967946490907197,0.06874399749062278,C:\Users\haru4\OneDrive - 学校法人立命館\ドキュメント\研究\研究コード\code\liquid_state_spike_filter_distance_pair_inputs_rep1\pair_plots_Al_board_vs_washi\Al_board_04_id180_vs_washi_01_id140.png
Al_board-washi,Al_board,washi,4,2,180,224,0.028453570904880394,0.060225120511860776,C:\Users\haru4\OneDrive - 学校法人立命館\ドキュメント\研究\研究コード\code\liquid_state_spike_filter_distance_pair_inputs_rep1\pair_plots_Al_board_vs_washi\Al_board_04_id180_vs_washi_02_id224.png
Al_board-washi,Al_board,washi,4,3,180,310,0.04504134193962435,0.0685141376334445,C:\Users\haru4\OneDrive - 学校法人立命館\ドキュメント\研究\研究コード\code\liquid_state_spike_filter_distance_pair_inputs_rep1\pair_plots_Al_board_vs_washi\Al_board_04_id180_vs_washi_03_id310.png
Al_board-washi,Al_board,washi,4,4,180,180,0.04048799972391484,0.06546002037661572,C:\Users\haru4\OneDrive - 学校法人立命館\ドキュメント\研究\研究コード\code\liquid_state_spike_filter_distance_pair_inputs_rep1\pair_plots_Al_board_vs_washi\Al_board_04_id180_vs_washi_04_id180.png
Al_board-washi,Al_board,washi,4,5,180,62,0.02619477891348106,0.05809818824648022,C:\Users\haru4\OneDrive - 学校法人立命館\ドキュメント\研究\研究コード\code\liquid_state_spike_filter_distance_pair_inputs_rep1\pair_plots_Al_board_vs_washi\Al_board_04_id180_vs_washi_05_id62.png
Al_board-washi,Al_board,washi,4,6,180,266,0.030006835619561634,0.05562657648671873,C:\Users\haru4\OneDrive - 学校法人立命館\ドキュメント\研究\研究コード\code\liquid_state_spike_filter_distance_pair_inputs_rep1\pair_plots_Al_board_vs_washi\Al_board_04_id180_vs_washi_06_id266.png
Al_board-washi,Al_board,washi,4,7,180,197,0.03401549397121194,0.059423442646427765,C:\Users\haru4\OneDrive - 学校法人立命館\ドキュメント\研究\研究コード\code\liquid_state_spike_filter_distance_pair_inputs_rep1\pair_plots_Al_board_vs_washi\Al_board_04_id180_vs_washi_07_id197.png
Al_board-washi,Al_board,washi,4,8,180,165,0.03691677353532578,0.06191819105372831,C:\Users\haru4\OneDrive - 学校法人立命館\ドキュメント\研究\研究コード\code\liquid_state_spike_filter_distance_pair_inputs_rep1\pair_plots_Al_board_vs_washi\Al_board_04_id180_vs_washi_08_id165.png
Al_board-washi,Al_board,washi,4,9,180,251,0.04980942458419746,0.07511349374034465,C:\Users\haru4\OneDrive - 学校法人立命館\ドキュメント\研究\研究コード\code\liquid_state_spike_filter_distance_pair_inputs_rep1\pair_plots_Al_board_vs_washi\Al_board_04_id180_vs_washi_09_id251.png
Al_board-washi,Al_board,washi,4,10,180,75,0.010689571135932463,0.02107804740099615,C:\Users\haru4\OneDrive - 学校法人立命館\ドキュメント\研究\研究コード\code\liquid_state_spike_filter_distance_pair_inputs_rep1\pair_plots_Al_board_vs_washi\Al_board_04_id180_vs_washi_10_id75.png
Al_board-washi,Al_board,washi,4,11,180,48,0.021929815896507936,0.04360916188254923,C:\Users\haru4\OneDrive - 学校法人立命館\ドキュメント\研究\研究コード\code\liquid_state_spike_filter_distance_pair_inputs_rep1\pair_plots_Al_board_vs_washi\Al_board_04_id180_vs_washi_11_id48.png
Al_board-washi,Al_board,washi,4,12,180,16,0.024839857007508587,0.04738826444765472,C:\Users\haru4\OneDrive - 学校法人立命館\ドキュメント\研究\研究コード\code\liquid_state_spike_filter_distance_pair_inputs_rep1\pair_plots_Al_board_vs_washi\Al_board_04_id180_vs_washi_12_id16.png
Al_board-washi,Al_board,washi,4,13,180,200,0.035290800097146344,0.06110553117404972,C:\Users\haru4\OneDrive - 学校法人立命館\ドキュメント\研究\研究コード\code\liquid_state_spike_filter_distance_pair_inputs_rep1\pair_plots_Al_board_vs_washi\Al_board_04_id180_vs_washi_13_id200.png
Al_board-washi,Al_board,washi,4,14,180,98,0.02647624346019518,0.05686895695202119,C:\Users\haru4\OneDrive - 学校法人立命館\ドキュメント\研究\研究コード\code\liquid_state_spike_filter_distance_pair_inputs_rep1\pair_plots_Al_board_vs_washi\Al_board_04_id180_vs_washi_14_id98.png
Al_board-washi,Al_board,washi,5,0,62,227,0.03773353442272935,0.054619630093854434,C:\Users\haru4\OneDrive - 学校法人立命館\ドキュメント\研究\研究コード\code\liquid_state_spike_filter_distance_pair_inputs_rep1\pair_plots_Al_board_vs_washi\Al_board_05_id62_vs_washi_00_id227.png
Al_board-washi,Al_board,washi,5,1,62,140,0.04735256304535684,0.07051011474213359,C:\Users\haru4\OneDrive - 学校法人立命館\ドキュメント\研究\研究コード\code\liquid_state_spike_filter_distance_pair_inputs_rep1\pair_plots_Al_board_vs_washi\Al_board_05_id62_vs_washi_01_id140.png
Al_board-washi,Al_board,washi,5,2,62,224,0.03639656264960106,0.06431871106805127,C:\Users\haru4\OneDrive - 学校法人立命館\ドキュメント\研究\研究コード\code\liquid_state_spike_filter_distance_pair_inputs_rep1\pair_plots_Al_board_vs_washi\Al_board_05_id62_vs_washi_02_id224.png
Al_board-washi,Al_board,washi,5,3,62,310,0.052739567502211315,0.07531713926028555,C:\Users\haru4\OneDrive - 学校法人立命館\ドキュメント\研究\研究コード\code\liquid_state_spike_filter_distance_pair_inputs_rep1\pair_plots_Al_board_vs_washi\Al_board_05_id62_vs_washi_03_id310.png
Al_board-washi,Al_board,washi,5,4,62,180,0.048285834492545164,0.0674098489697257,C:\Users\haru4\OneDrive - 学校法人立命館\ドキュメント\研究\研究コード\code\liquid_state_spike_filter_distance_pair_inputs_rep1\pair_plots_Al_board_vs_washi\Al_board_05_id62_vs_washi_04_id180.png
Al_board-washi,Al_board,washi,5,5,62,62,0.03414101527385297,0.05007813054266234,C:\Users\haru4\OneDrive - 学校法人立命館\ドキュメント\研究\研究コード\code\liquid_state_spike_filter_distance_pair_inputs_rep1\pair_plots_Al_board_vs_washi\Al_board_05_id62_vs_washi_05_id62.png
Al_board-washi,Al_board,washi,5,6,62,266,0.03758230975520998,0.05654155714114318,C:\Users\haru4\OneDrive - 学校法人立命館\ドキュメント\研究\研究コード\code\liquid_state_spike_filter_distance_pair_inputs_rep1\pair_plots_Al_board_vs_washi\Al_board_05_id62_vs_washi_06_id266.png
Al_board-washi,Al_board,washi,5,7,62,197,0.04193840289318831,0.06451195047390754,C:\Users\haru4\OneDrive - 学校法人立命館\ドキュメント\研究\研究コード\code\liquid_state_spike_filter_distance_pair_inputs_rep1\pair_plots_Al_board_vs_washi\Al_board_05_id62_vs_washi_07_id197.png
Al_board-washi,Al_board,washi,5,8,62,165,0.044723705429949454,0.06843603879438392,C:\Users\haru4\OneDrive - 学校法人立命館\ドキュメント\研究\研究コード\code\liquid_state_spike_filter_distance_pair_inputs_rep1\pair_plots_Al_board_vs_washi\Al_board_05_id62_vs_washi_08_id165.png
Al_board-washi,Al_board,washi,5,9,62,251,0.057361906419581624,0.07661457702717826,C:\Users\haru4\OneDrive - 学校法人立命館\ドキュメント\研究\研究コード\code\liquid_state_spike_filter_distance_pair_inputs_rep1\pair_plots_Al_board_vs_washi\Al_board_05_id62_vs_washi_09_id251.png
Al_board-washi,Al_board,washi,5,10,62,75,0.01675064620331554,0.037336678150890985,C:\Users\haru4\OneDrive - 学校法人立命館\ドキュメント\研究\研究コード\code\liquid_state_spike_filter_distance_pair_inputs_rep1\pair_plots_Al_board_vs_washi\Al_board_05_id62_vs_washi_10_id75.png
Al_board-washi,Al_board,washi,5,11,62,48,0.02931482816467321,0.04649158995141125,C:\Users\haru4\OneDrive - 学校法人立命館\ドキュメント\研究\研究コード\code\liquid_state_spike_filter_distance_pair_inputs_rep1\pair_plots_Al_board_vs_washi\Al_board_05_id62_vs_washi_11_id48.png
Al_board-washi,Al_board,washi,5,12,62,16,0.032470027230734506,0.05241868063703756,C:\Users\haru4\OneDrive - 学校法人立命館\ドキュメント\研究\研究コード\code\liquid_state_spike_filter_distance_pair_inputs_rep1\pair_plots_Al_board_vs_washi\Al_board_05_id62_vs_washi_12_id16.png
Al_board-washi,Al_board,washi,5,13,62,200,0.0432295292702042,0.06664579702326252,C:\Users\haru4\OneDrive - 学校法人立命館\ドキュメント\研究\研究コード\code\liquid_state_spike_filter_distance_pair_inputs_rep1\pair_plots_Al_board_vs_washi\Al_board_05_id62_vs_washi_13_id200.png
Al_board-washi,Al_board,washi,5,14,62,98,0.03458318929414049,0.051281615925581434,C:\Users\haru4\OneDrive - 学校法人立命館\ドキュメント\研究\研究コード\code\liquid_state_spike_filter_distance_pair_inputs_rep1\pair_plots_Al_board_vs_washi\Al_board_05_id62_vs_washi_14_id98.png
Al_board-washi,Al_board,washi,6,0,266,227,0.03689215367727244,0.06449999698617584,C:\Users\haru4\OneDrive - 学校法人立命館\ドキュメント\研究\研究コード\code\liquid_state_spike_filter_distance_pair_inputs_rep1\pair_plots_Al_board_vs_washi\Al_board_06_id266_vs_washi_00_id227.png
Al_board-washi,Al_board,washi,6,1,266,140,0.04644753541469166,0.07147687389487396,C:\Users\haru4\OneDrive - 学校法人立命館\ドキュメント\研究\研究コード\code\liquid_state_spike_filter_distance_pair_inputs_rep1\pair_plots_Al_board_vs_washi\Al_board_06_id266_vs_washi_01_id140.png
Al_board-washi,Al_board,washi,6,2,266,224,0.035167701693677236,0.0631105659643382,C:\Users\haru4\OneDrive - 学校法人立命館\ドキュメント\研究\研究コード\code\liquid_state_spike_filter_distance_pair_inputs_rep1\pair_plots_Al_board_vs_washi\Al_board_06_id266_vs_washi_02_id224.png
Al_board-washi,Al_board,washi,6,3,266,310,0.051805622620343085,0.07366495511280413,C:\Users\haru4\OneDrive - 学校法人立命館\ドキュメント\研究\研究コード\code\liquid_state_spike_filter_distance_pair_inputs_rep1\pair_plots_Al_board_vs_washi\Al_board_06_id266_vs_washi_03_id310.png
Al_board-washi,Al_board,washi,6,4,266,180,0.047331037580680045,0.06866926150271722,C:\Users\haru4\OneDrive - 学校法人立命館\ドキュメント\研究\研究コード\code\liquid_state_spike_filter_distance_pair_inputs_rep1\pair_plots_Al_board_vs_washi\Al_board_06_id266_vs_washi_04_id180.png
Al_board-washi,Al_board,washi,6,5,266,62,0.033031155777315524,0.052121291573586005,C:\Users\haru4\OneDrive - 学校法人立命館\ドキュメント\研究\研究コード\code\liquid_state_spike_filter_distance_pair_inputs_rep1\pair_plots_Al_board_vs_washi\Al_board_06_id266_vs_washi_05_id62.png
Al_board-washi,Al_board,washi,6,6,266,266,0.03667023198405325,0.06133281972881166,C:\Users\haru4\OneDrive - 学校法人立命館\ドキュメント\研究\研究コード\code\liquid_state_spike_filter_distance_pair_inputs_rep1\pair_plots_Al_board_vs_washi\Al_board_06_id266_vs_washi_06_id266.png
Al_board-washi,Al_board,washi,6,7,266,197,0.040753129312604115,0.062023913974603676,C:\Users\haru4\OneDrive - 学校法人立命館\ドキュメント\研究\研究コード\code\liquid_state_spike_filter_distance_pair_inputs_rep1\pair_plots_Al_board_vs_washi\Al_board_06_id266_vs_washi_07_id197.png
Al_board-washi,Al_board,washi,6,8,266,165,0.04351156441401861,0.06425994831513526,C:\Users\haru4\OneDrive - 学校法人立命館\ドキュメント\研究\研究コード\code\liquid_state_spike_filter_distance_pair_inputs_rep1\pair_plots_Al_board_vs_washi\Al_board_06_id266_vs_washi_08_id165.png
Al_board-washi,Al_board,washi,6,9,266,251,0.056423911993074345,0.07789741333541689,C:\Users\haru4\OneDrive - 学校法人立命館\ドキュメント\研究\研究コード\code\liquid_state_spike_filter_distance_pair_inputs_rep1\pair_plots_Al_board_vs_washi\Al_board_06_id266_vs_washi_09_id251.png
Al_board-washi,Al_board,washi,6,10,266,75,0.015241411222183171,0.034987044065171696,C:\Users\haru4\OneDrive - 学校法人立命館\ドキュメント\研究\研究コード\code\liquid_state_spike_filter_distance_pair_inputs_rep1\pair_plots_Al_board_vs_washi\Al_board_06_id266_vs_washi_10_id75.png
Al_board-washi,Al_board,washi,6,11,266,48,0.028327382663561086,0.056177242569769754,C:\Users\haru4\OneDrive - 学校法人立命館\ドキュメント\研究\研究コード\code\liquid_state_spike_filter_distance_pair_inputs_rep1\pair_plots_Al_board_vs_washi\Al_board_06_id266_vs_washi_11_id48.png
Al_board-washi,Al_board,washi,6,12,266,16,0.03125095820653289,0.04641816724754389,C:\Users\haru4\OneDrive - 学校法人立命館\ドキュメント\研究\研究コード\code\liquid_state_spike_filter_distance_pair_inputs_rep1\pair_plots_Al_board_vs_washi\Al_board_06_id266_vs_washi_12_id16.png
Al_board-washi,Al_board,washi,6,13,266,200,0.0420358783936091,0.058786230655039726,C:\Users\haru4\OneDrive - 学校法人立命館\ドキュメント\研究\研究コード\code\liquid_state_spike_filter_distance_pair_inputs_rep1\pair_plots_Al_board_vs_washi\Al_board_06_id266_vs_washi_13_id200.png
Al_board-washi,Al_board,washi,6,14,266,98,0.033284611032008526,0.05456624741605837,C:\Users\haru4\OneDrive - 学校法人立命館\ドキュメント\研究\研究コード\code\liquid_state_spike_filter_distance_pair_inputs_rep1\pair_plots_Al_board_vs_washi\Al_board_06_id266_vs_washi_14_id98.png
Al_board-washi,Al_board,washi,7,0,197,227,0.030827172503207566,0.059509545047686796,C:\Users\haru4\OneDrive - 学校法人立命館\ドキュメント\研究\研究コード\code\liquid_state_spike_filter_distance_pair_inputs_rep1\pair_plots_Al_board_vs_washi\Al_board_07_id197_vs_washi_00_id227.png
Al_board-washi,Al_board,washi,7,1,197,140,0.04013705393713806,0.06010320659955953,C:\Users\haru4\OneDrive - 学校法人立命館\ドキュメント\研究\研究コード\code\liquid_state_spike_filter_distance_pair_inputs_rep1\pair_plots_Al_board_vs_washi\Al_board_07_id197_vs_washi_01_id140.png
Al_board-washi,Al_board,washi,7,2,197,224,0.0293225716379578,0.0536938445421388,C:\Users\haru4\OneDrive - 学校法人立命館\ドキュメント\研究\研究コード\code\liquid_state_spike_filter_distance_pair_inputs_rep1\pair_plots_Al_board_vs_washi\Al_board_07_id197_vs_washi_02_id224.png
Al_board-washi,Al_board,washi,7,3,197,310,0.045593337734173366,0.06661473238808484,C:\Users\haru4\OneDrive - 学校法人立命館\ドキュメント\研究\研究コード\code\liquid_state_spike_filter_distance_pair_inputs_rep1\pair_plots_Al_board_vs_washi\Al_board_07_id197_vs_washi_03_id310.png
Al_board-washi,Al_board,washi,7,4,197,180,0.04104494539433856,0.05832903654678827,C:\Users\haru4\OneDrive - 学校法人立命館\ドキュメント\研究\研究コード\code\liquid_state_spike_filter_distance_pair_inputs_rep1\pair_plots_Al_board_vs_washi\Al_board_07_id197_vs_washi_04_id180.png
Al_board-washi,Al_board,washi,7,5,197,62,0.026552926687087558,0.04461908064977746,C:\Users\haru4\OneDrive - 学校法人立命館\ドキュメント\研究\研究コード\code\liquid_state_spike_filter_distance_pair_inputs_rep1\pair_plots_Al_board_vs_washi\Al_board_07_id197_vs_washi_05_id62.png
Al_board-washi,Al_board,washi,7,6,197,266,0.030778156910415477,0.05972691899333474,C:\Users\haru4\OneDrive - 学校法人立命館\ドキュメント\研究\研究コード\code\liquid_state_spike_filter_distance_pair_inputs_rep1\pair_plots_Al_board_vs_washi\Al_board_07_id197_vs_washi_06_id266.png
Al_board-washi,Al_board,washi,7,7,197,197,0.034742161588199295,0.061097212657998716,C:\Users\haru4\OneDrive - 学校法人立命館\ドキュメント\研究\研究コード\code\liquid_state_spike_filter_distance_pair_inputs_rep1\pair_plots_Al_board_vs_washi\Al_board_07_id197_vs_washi_07_id197.png
Al_board-washi,Al_board,washi,7,8,197,165,0.03764173621168625,0.061701759183649514,C:\Users\haru4\OneDrive - 学校法人立命館\ドキュメント\研究\研究コード\code\liquid_state_spike_filter_distance_pair_inputs_rep1\pair_plots_Al_board_vs_washi\Al_board_07_id197_vs_washi_08_id165.png
Al_board-washi,Al_board,washi,7,9,197,251,0.0503005172535681,0.06931260982849777,C:\Users\haru4\OneDrive - 学校法人立命館\ドキュメント\研究\研究コード\code\liquid_state_spike_filter_distance_pair_inputs_rep1\pair_plots_Al_board_vs_washi\Al_board_07_id197_vs_washi_09_id251.png
Al_board-washi,Al_board,washi,7,10,197,75,0.012521681370145126,0.03177809710068411,C:\Users\haru4\OneDrive - 学校法人立命館\ドキュメント\研究\研究コード\code\liquid_state_spike_filter_distance_pair_inputs_rep1\pair_plots_Al_board_vs_washi\Al_board_07_id197_vs_washi_10_id75.png
Al_board-washi,Al_board,washi,7,11,197,48,0.0228156153202127,0.050711815233151575,C:\Users\haru4\OneDrive - 学校法人立命館\ドキュメント\研究\研究コード\code\liquid_state_spike_filter_distance_pair_inputs_rep1\pair_plots_Al_board_vs_washi\Al_board_07_id197_vs_washi_11_id48.png
Al_board-washi,Al_board,washi,7,12,197,16,0.025379982111825725,0.04578981967663375,C:\Users\haru4\OneDrive - 学校法人立命館\ドキュメント\研究\研究コード\code\liquid_state_spike_filter_distance_pair_inputs_rep1\pair_plots_Al_board_vs_washi\Al_board_07_id197_vs_washi_12_id16.png
Al_board-washi,Al_board,washi,7,13,197,200,0.035925787429077274,0.060284088808576615,C:\Users\haru4\OneDrive - 学校法人立命館\ドキュメント\研究\研究コード\code\liquid_state_spike_filter_distance_pair_inputs_rep1\pair_plots_Al_board_vs_washi\Al_board_07_id197_vs_washi_13_id200.png
Al_board-washi,Al_board,washi,7,14,197,98,0.026732543870307997,0.04650951037558156,C:\Users\haru4\OneDrive - 学校法人立命館\ドキュメント\研究\研究コード\code\liquid_state_spike_filter_distance_pair_inputs_rep1\pair_plots_Al_board_vs_washi\Al_board_07_id197_vs_washi_14_id98.png
Al_board-washi,Al_board,washi,8,0,165,227,0.03320450656306736,0.058581054611420415,C:\Users\haru4\OneDrive - 学校法人立命館\ドキュメント\研究\研究コード\code\liquid_state_spike_filter_distance_pair_inputs_rep1\pair_plots_Al_board_vs_washi\Al_board_08_id165_vs_washi_00_id227.png
Al_board-washi,Al_board,washi,8,1,165,140,0.043138605435735555,0.06706281208198302,C:\Users\haru4\OneDrive - 学校法人立命館\ドキュメント\研究\研究コード\code\liquid_state_spike_filter_distance_pair_inputs_rep1\pair_plots_Al_board_vs_washi\Al_board_08_id165_vs_washi_01_id140.png
Al_board-washi,Al_board,washi,8,2,165,224,0.032355744058720916,0.05674417713713824,C:\Users\haru4\OneDrive - 学校法人立命館\ドキュメント\研究\研究コード\code\liquid_state_spike_filter_distance_pair_inputs_rep1\pair_plots_Al_board_vs_washi\Al_board_08_id165_vs_washi_02_id224.png
Al_board-washi,Al_board,washi,8,3,165,310,0.048245859535367634,0.06945366501091206,C:\Users\haru4\OneDrive - 学校法人立命館\ドキュメント\研究\研究コード\code\liquid_state_spike_filter_distance_pair_inputs_rep1\pair_plots_Al_board_vs_washi\Al_board_08_id165_vs_washi_03_id310.png
Al_board-washi,Al_board,washi,8,4,165,180,0.04406727846302855,0.06586695588304983,C:\Users\haru4\OneDrive - 学校法人立命館\ドキュメント\研究\研究コード\code\liquid_state_spike_filter_distance_pair_inputs_rep1\pair_plots_Al_board_vs_washi\Al_board_08_id165_vs_washi_04_id180.png
Al_board-washi,Al_board,washi,8,5,165,62,0.02991849111972387,0.050183264363020265,C:\Users\haru4\OneDrive - 学校法人立命館\ドキュメント\研究\研究コード\code\liquid_state_spike_filter_distance_pair_inputs_rep1\pair_plots_Al_board_vs_washi\Al_board_08_id165_vs_washi_05_id62.png
Al_board-washi,Al_board,washi,8,6,165,266,0.03311327464407973,0.060620163908955575,C:\Users\haru4\OneDrive - 学校法人立命館\ドキュメント\研究\研究コード\code\liquid_state_spike_filter_distance_pair_inputs_rep1\pair_plots_Al_board_vs_washi\Al_board_08_id165_vs_washi_06_id266.png
Al_board-washi,Al_board,washi,8,7,165,197,0.037757304639078504,0.060247041400775546,C:\Users\haru4\OneDrive - 学校法人立命館\ドキュメント\研究\研究コード\code\liquid_state_spike_filter_distance_pair_inputs_rep1\pair_plots_Al_board_vs_washi\Al_board_08_id165_vs_washi_07_id197.png
Al_board-washi,Al_board,washi,8,8,165,165,0.040657408983672656,0.06671058794141686,C:\Users\haru4\OneDrive - 学校法人立命館\ドキュメント\研究\研究コード\code\liquid_state_spike_filter_distance_pair_inputs_rep1\pair_plots_Al_board_vs_washi\Al_board_08_id165_vs_washi_08_id165.png
Al_board-washi,Al_board,washi,8,9,165,251,0.053071506587192833,0.07581012600315538,C:\Users\haru4\OneDrive - 学校法人立命館\ドキュメント\研究\研究コード\code\liquid_state_spike_filter_distance_pair_inputs_rep1\pair_plots_Al_board_vs_washi\Al_board_08_id165_vs_washi_09_id251.png
Al_board-washi,Al_board,washi,8,10,165,75,0.014939032271590054,0.03355680931345033,C:\Users\haru4\OneDrive - 学校法人立命館\ドキュメント\研究\研究コード\code\liquid_state_spike_filter_distance_pair_inputs_rep1\pair_plots_Al_board_vs_washi\Al_board_08_id165_vs_washi_10_id75.png
Al_board-washi,Al_board,washi,8,11,165,48,0.025551216177923393,0.0496334289758508,C:\Users\haru4\OneDrive - 学校法人立命館\ドキュメント\研究\研究コード\code\liquid_state_spike_filter_distance_pair_inputs_rep1\pair_plots_Al_board_vs_washi\Al_board_08_id165_vs_washi_11_id48.png
Al_board-washi,Al_board,washi,8,12,165,16,0.0284688808047062,0.04507964570144585,C:\Users\haru4\OneDrive - 学校法人立命館\ドキュメント\研究\研究コード\code\liquid_state_spike_filter_distance_pair_inputs_rep1\pair_plots_Al_board_vs_washi\Al_board_08_id165_vs_washi_12_id16.png
Al_board-washi,Al_board,washi,8,13,165,200,0.038991979056164264,0.05729191035169125,C:\Users\haru4\OneDrive - 学校法人立命館\ドキュメント\研究\研究コード\code\liquid_state_spike_filter_distance_pair_inputs_rep1\pair_plots_Al_board_vs_washi\Al_board_08_id165_vs_washi_13_id200.png
Al_board-washi,Al_board,washi,8,14,165,98,0.030691214420114712,0.051914404310165335,C:\Users\haru4\OneDrive - 学校法人立命館\ドキュメント\研究\研究コード\code\liquid_state_spike_filter_distance_pair_inputs_rep1\pair_plots_Al_board_vs_washi\Al_board_08_id165_vs_washi_14_id98.png
Al_board-washi,Al_board,washi,9,0,251,227,0.032383299827307276,0.05922780258003792,C:\Users\haru4\OneDrive - 学校法人立命館\ドキュメント\研究\研究コード\code\liquid_state_spike_filter_distance_pair_inputs_rep1\pair_plots_Al_board_vs_washi\Al_board_09_id251_vs_washi_00_id227.png
Al_board-washi,Al_board,washi,9,1,251,140,0.04179242625773307,0.06681301100765177,C:\Users\haru4\OneDrive - 学校法人立命館\ドキュメント\研究\研究コード\code\liquid_state_spike_filter_distance_pair_inputs_rep1\pair_plots_Al_board_vs_washi\Al_board_09_id251_vs_washi_01_id140.png
Al_board-washi,Al_board,washi,9,2,251,224,0.03086609420491598,0.053777586575695834,C:\Users\haru4\OneDrive - 学校法人立命館\ドキュメント\研究\研究コード\code\liquid_state_spike_filter_distance_pair_inputs_rep1\pair_plots_Al_board_vs_washi\Al_board_09_id251_vs_washi_02_id224.png
Al_board-washi,Al_board,washi,9,3,251,310,0.04734580709869755,0.06680045313986188,C:\Users\haru4\OneDrive - 学校法人立命館\ドキュメント\研究\研究コード\code\liquid_state_spike_filter_distance_pair_inputs_rep1\pair_plots_Al_board_vs_washi\Al_board_09_id251_vs_washi_03_id310.png
Al_board-washi,Al_board,washi,9,4,251,180,0.04277860535360202,0.06460455714907187,C:\Users\haru4\OneDrive - 学校法人立命館\ドキュメント\研究\研究コード\code\liquid_state_spike_filter_distance_pair_inputs_rep1\pair_plots_Al_board_vs_washi\Al_board_09_id251_vs_washi_04_id180.png
Al_board-washi,Al_board,washi,9,5,251,62,0.028919050772584533,0.0463143473198891,C:\Users\haru4\OneDrive - 学校法人立命館\ドキュメント\研究\研究コード\code\liquid_state_spike_filter_distance_pair_inputs_rep1\pair_plots_Al_board_vs_washi\Al_board_09_id251_vs_washi_05_id62.png
Al_board-washi,Al_board,washi,9,6,251,266,0.032157905998680604,0.059499979109323975,C:\Users\haru4\OneDrive - 学校法人立命館\ドキュメント\研究\研究コード\code\liquid_state_spike_filter_distance_pair_inputs_rep1\pair_plots_Al_board_vs_washi\Al_board_09_id251_vs_washi_06_id266.png
Al_board-washi,Al_board,washi,9,7,251,197,0.036507875939787195,0.06428957969256834,C:\Users\haru4\OneDrive - 学校法人立命館\ドキュメント\研究\研究コード\code\liquid_state_spike_filter_distance_pair_inputs_rep1\pair_plots_Al_board_vs_washi\Al_board_09_id251_vs_washi_07_id197.png
Al_board-washi,Al_board,washi,9,8,251,165,0.03943345706698297,0.06616586628457403,C:\Users\haru4\OneDrive - 学校法人立命館\ドキュメント\研究\研究コード\code\liquid_state_spike_filter_distance_pair_inputs_rep1\pair_plots_Al_board_vs_washi\Al_board_09_id251_vs_washi_08_id165.png
Al_board-washi,Al_board,washi,9,9,251,251,0.05204236728623023,0.07369327184224539,C:\Users\haru4\OneDrive - 学校法人立命館\ドキュメント\研究\研究コード\code\liquid_state_spike_filter_distance_pair_inputs_rep1\pair_plots_Al_board_vs_washi\Al_board_09_id251_vs_washi_09_id251.png
Al_board-washi,Al_board,washi,9,10,251,75,0.012325745788178327,0.026193437145158482,C:\Users\haru4\OneDrive - 学校法人立命館\ドキュメント\研究\研究コード\code\liquid_state_spike_filter_distance_pair_inputs_rep1\pair_plots_Al_board_vs_washi\Al_board_09_id251_vs_washi_10_id75.png
Al_board-washi,Al_board,washi,9,11,251,48,0.023924980722589504,0.046734890537195574,C:\Users\haru4\OneDrive - 学校法人立命館\ドキュメント\研究\研究コード\code\liquid_state_spike_filter_distance_pair_inputs_rep1\pair_plots_Al_board_vs_washi\Al_board_09_id251_vs_washi_11_id48.png
Al_board-washi,Al_board,washi,9,12,251,16,0.027114566707552593,0.0499045712276218,C:\Users\haru4\OneDrive - 学校法人立命館\ドキュメント\研究\研究コード\code\liquid_state_spike_filter_distance_pair_inputs_rep1\pair_plots_Al_board_vs_washi\Al_board_09_id251_vs_washi_12_id16.png
Al_board-washi,Al_board,washi,9,13,251,200,0.03762353970056003,0.061917781731874795,C:\Users\haru4\OneDrive - 学校法人立命館\ドキュメント\研究\研究コード\code\liquid_state_spike_filter_distance_pair_inputs_rep1\pair_plots_Al_board_vs_washi\Al_board_09_id251_vs_washi_13_id200.png
Al_board-washi,Al_board,washi,9,14,251,98,0.029324514403893137,0.04793194994124664,C:\Users\haru4\OneDrive - 学校法人立命館\ドキュメント\研究\研究コード\code\liquid_state_spike_filter_distance_pair_inputs_rep1\pair_plots_Al_board_vs_washi\Al_board_09_id251_vs_washi_14_id98.png
Al_board-washi,Al_board,washi,10,0,75,227,0.031355973715203135,0.058394469028123376,C:\Users\haru4\OneDrive - 学校法人立命館\ドキュメント\研究\研究コード\code\liquid_state_spike_filter_distance_pair_inputs_rep1\pair_plots_Al_board_vs_washi\Al_board_10_id75_vs_washi_00_id227.png
Al_board-washi,Al_board,washi,10,1,75,140,0.039411748182311294,0.0715201907176208,C:\Users\haru4\OneDrive - 学校法人立命館\ドキュメント\研究\研究コード\code\liquid_state_spike_filter_distance_pair_inputs_rep1\pair_plots_Al_board_vs_washi\Al_board_10_id75_vs_washi_01_id140.png
Al_board-washi,Al_board,washi,10,2,75,224,0.03068630217150356,0.062390276215573026,C:\Users\haru4\OneDrive - 学校法人立命館\ドキュメント\研究\研究コード\code\liquid_state_spike_filter_distance_pair_inputs_rep1\pair_plots_Al_board_vs_washi\Al_board_10_id75_vs_washi_02_id224.png
Al_board-washi,Al_board,washi,10,3,75,310,0.04453902208605548,0.07340181226713388,C:\Users\haru4\OneDrive - 学校法人立命館\ドキュメント\研究\研究コード\code\liquid_state_spike_filter_distance_pair_inputs_rep1\pair_plots_Al_board_vs_washi\Al_board_10_id75_vs_washi_03_id310.png
Al_board-washi,Al_board,washi,10,4,75,180,0.04029975221532665,0.06867197197038945,C:\Users\haru4\OneDrive - 学校法人立命館\ドキュメント\研究\研究コード\code\liquid_state_spike_filter_distance_pair_inputs_rep1\pair_plots_Al_board_vs_washi\Al_board_10_id75_vs_washi_04_id180.png
Al_board-washi,Al_board,washi,10,5,75,62,0.026853294824973988,0.045439028599943275,C:\Users\haru4\OneDrive - 学校法人立命館\ドキュメント\研究\研究コード\code\liquid_state_spike_filter_distance_pair_inputs_rep1\pair_plots_Al_board_vs_washi\Al_board_10_id75_vs_washi_05_id62.png
Al_board-washi,Al_board,washi,10,6,75,266,0.03159164347014446,0.058548747475787165,C:\Users\haru4\OneDrive - 学校法人立命館\ドキュメント\研究\研究コード\code\liquid_state_spike_filter_distance_pair_inputs_rep1\pair_plots_Al_board_vs_washi\Al_board_10_id75_vs_washi_06_id266.png
Al_board-washi,Al_board,washi,10,7,75,197,0.033303620929151415,0.056601374046229454,C:\Users\haru4\OneDrive - 学校法人立命館\ドキュメント\研究\研究コード\code\liquid_state_spike_filter_distance_pair_inputs_rep1\pair_plots_Al_board_vs_washi\Al_board_10_id75_vs_washi_07_id197.png
Al_board-washi,Al_board,washi,10,8,75,165,0.03590863797602683,0.0610982876444585,C:\Users\haru4\OneDrive - 学校法人立命館\ドキュメント\研究\研究コード\code\liquid_state_spike_filter_distance_pair_inputs_rep1\pair_plots_Al_board_vs_washi\Al_board_10_id75_vs_washi_08_id165.png
Al_board-washi,Al_board,washi,10,9,75,251,0.04927937770531824,0.07822149213155007,C:\Users\haru4\OneDrive - 学校法人立命館\ドキュメント\研究\研究コード\code\liquid_state_spike_filter_distance_pair_inputs_rep1\pair_plots_Al_board_vs_washi\Al_board_10_id75_vs_washi_09_id251.png
Al_board-washi,Al_board,washi,10,10,75,75,0.01874693031478483,0.03538994582309858,C:\Users\haru4\OneDrive - 学校法人立命館\ドキュメント\研究\研究コード\code\liquid_state_spike_filter_distance_pair_inputs_rep1\pair_plots_Al_board_vs_washi\Al_board_10_id75_vs_washi_10_id75.png
Al_board-washi,Al_board,washi,10,11,75,48,0.024792287299883416,0.04587575583835418,C:\Users\haru4\OneDrive - 学校法人立命館\ドキュメント\研究\研究コード\code\liquid_state_spike_filter_distance_pair_inputs_rep1\pair_plots_Al_board_vs_washi\Al_board_10_id75_vs_washi_11_id48.png
Al_board-washi,Al_board,washi,10,12,75,16,0.024420749073779727,0.04726503812381168,C:\Users\haru4\OneDrive - 学校法人立命館\ドキュメント\研究\研究コード\code\liquid_state_spike_filter_distance_pair_inputs_rep1\pair_plots_Al_board_vs_washi\Al_board_10_id75_vs_washi_12_id16.png
Al_board-washi,Al_board,washi,10,13,75,200,0.03446002618822849,0.06024117299249621,C:\Users\haru4\OneDrive - 学校法人立命館\ドキュメント\研究\研究コード\code\liquid_state_spike_filter_distance_pair_inputs_rep1\pair_plots_Al_board_vs_washi\Al_board_10_id75_vs_washi_13_id200.png
Al_board-washi,Al_board,washi,10,14,75,98,0.027830223990092638,0.04776782611182673,C:\Users\haru4\OneDrive - 学校法人立命館\ドキュメント\研究\研究コード\code\liquid_state_spike_filter_distance_pair_inputs_rep1\pair_plots_Al_board_vs_washi\Al_board_10_id75_vs_washi_14_id98.png
Al_board-washi,Al_board,washi,11,0,48,227,0.032937099543318964,0.060643620290290204,C:\Users\haru4\OneDrive - 学校法人立命館\ドキュメント\研究\研究コード\code\liquid_state_spike_filter_distance_pair_inputs_rep1\pair_plots_Al_board_vs_washi\Al_board_11_id48_vs_washi_00_id227.png
Al_board-washi,Al_board,washi,11,1,48,140,0.04244029185186975,0.06978509747859421,C:\Users\haru4\OneDrive - 学校法人立命館\ドキュメント\研究\研究コード\code\liquid_state_spike_filter_distance_pair_inputs_rep1\pair_plots_Al_board_vs_washi\Al_board_11_id48_vs_washi_01_id140.png
Al_board-washi,Al_board,washi,11,2,48,224,0.031981954854871646,0.06269432407164112,C:\Users\haru4\OneDrive - 学校法人立命館\ドキュメント\研究\研究コード\code\liquid_state_spike_filter_distance_pair_inputs_rep1\pair_plots_Al_board_vs_washi\Al_board_11_id48_vs_washi_02_id224.png
Al_board-washi,Al_board,washi,11,3,48,310,0.04740567178735233,0.07373406834964873,C:\Users\haru4\OneDrive - 学校法人立命館\ドキュメント\研究\研究コード\code\liquid_state_spike_filter_distance_pair_inputs_rep1\pair_plots_Al_board_vs_washi\Al_board_11_id48_vs_washi_03_id310.png
Al_board-washi,Al_board,washi,11,4,48,180,0.04314383778742729,0.06621104878382701,C:\Users\haru4\OneDrive - 学校法人立命館\ドキュメント\研究\研究コード\code\liquid_state_spike_filter_distance_pair_inputs_rep1\pair_plots_Al_board_vs_washi\Al_board_11_id48_vs_washi_04_id180.png
Al_board-washi,Al_board,washi,11,5,48,62,0.029373484367782667,0.0472107259442057,C:\Users\haru4\OneDrive - 学校法人立命館\ドキュメント\研究\研究コード\code\liquid_state_spike_filter_distance_pair_inputs_rep1\pair_plots_Al_board_vs_washi\Al_board_11_id48_vs_washi_05_id62.png
Al_board-washi,Al_board,washi,11,6,48,266,0.03263959712653282,0.05320090630370032,C:\Users\haru4\OneDrive - 学校法人立命館\ドキュメント\研究\研究コード\code\liquid_state_spike_filter_distance_pair_inputs_rep1\pair_plots_Al_board_vs_washi\Al_board_11_id48_vs_washi_06_id266.png
Al_board-washi,Al_board,washi,11,7,48,197,0.03781117570414419,0.06456314749886767,C:\Users\haru4\OneDrive - 学校法人立命館\ドキュメント\研究\研究コード\code\liquid_state_spike_filter_distance_pair_inputs_rep1\pair_plots_Al_board_vs_washi\Al_board_11_id48_vs_washi_07_id197.png
Al_board-washi,Al_board,washi,11,8,48,165,0.04085228222902064,0.06645403282360741,C:\Users\haru4\OneDrive - 学校法人立命館\ドキュメント\研究\研究コード\code\liquid_state_spike_filter_distance_pair_inputs_rep1\pair_plots_Al_board_vs_washi\Al_board_11_id48_vs_washi_08_id165.png
Al_board-washi,Al_board,washi,11,9,48,251,0.052010276831611926,0.07589025991630742,C:\Users\haru4\OneDrive - 学校法人立命館\ドキュメント\研究\研究コード\code\liquid_state_spike_filter_distance_pair_inputs_rep1\pair_plots_Al_board_vs_washi\Al_board_11_id48_vs_washi_09_id251.png
Al_board-washi,Al_board,washi,11,10,48,75,0.01421642968337733,0.03506612427598727,C:\Users\haru4\OneDrive - 学校法人立命館\ドキュメント\研究\研究コード\code\liquid_state_spike_filter_distance_pair_inputs_rep1\pair_plots_Al_board_vs_washi\Al_board_11_id48_vs_washi_10_id75.png
Al_board-washi,Al_board,washi,11,11,48,48,0.02603047602170809,0.04996980055953628,C:\Users\haru4\OneDrive - 学校法人立命館\ドキュメント\研究\研究コード\code\liquid_state_spike_filter_distance_pair_inputs_rep1\pair_plots_Al_board_vs_washi\Al_board_11_id48_vs_washi_11_id48.png
Al_board-washi,Al_board,washi,11,12,48,16,0.02874248198001536,0.04973148354403242,C:\Users\haru4\OneDrive - 学校法人立命館\ドキュメント\研究\研究コード\code\liquid_state_spike_filter_distance_pair_inputs_rep1\pair_plots_Al_board_vs_washi\Al_board_11_id48_vs_washi_12_id16.png
Al_board-washi,Al_board,washi,11,13,48,200,0.03915202377734059,0.06069558265336776,C:\Users\haru4\OneDrive - 学校法人立命館\ドキュメント\研究\研究コード\code\liquid_state_spike_filter_distance_pair_inputs_rep1\pair_plots_Al_board_vs_washi\Al_board_11_id48_vs_washi_13_id200.png
Al_board-washi,Al_board,washi,11,14,48,98,0.030092098091092784,0.04874373345011613,C:\Users\haru4\OneDrive - 学校法人立命館\ドキュメント\研究\研究コード\code\liquid_state_spike_filter_distance_pair_inputs_rep1\pair_plots_Al_board_vs_washi\Al_board_11_id48_vs_washi_14_id98.png
Al_board-washi,Al_board,washi,12,0,16,227,0.030769215975753245,0.05991345384544489,C:\Users\haru4\OneDrive - 学校法人立命館\ドキュメント\研究\研究コード\code\liquid_state_spike_filter_distance_pair_inputs_rep1\pair_plots_Al_board_vs_washi\Al_board_12_id16_vs_washi_00_id227.png
Al_board-washi,Al_board,washi,12,1,16,140,0.03923567781387449,0.06336104117775962,C:\Users\haru4\OneDrive - 学校法人立命館\ドキュメント\研究\研究コード\code\liquid_state_spike_filter_distance_pair_inputs_rep1\pair_plots_Al_board_vs_washi\Al_board_12_id16_vs_washi_01_id140.png
Al_board-washi,Al_board,washi,12,2,16,224,0.02890831170298234,0.05930331010767475,C:\Users\haru4\OneDrive - 学校法人立命館\ドキュメント\研究\研究コード\code\liquid_state_spike_filter_distance_pair_inputs_rep1\pair_plots_Al_board_vs_washi\Al_board_12_id16_vs_washi_02_id224.png
Al_board-washi,Al_board,washi,12,3,16,310,0.044274722679737484,0.07060226847489673,C:\Users\haru4\OneDrive - 学校法人立命館\ドキュメント\研究\研究コード\code\liquid_state_spike_filter_distance_pair_inputs_rep1\pair_plots_Al_board_vs_washi\Al_board_12_id16_vs_washi_03_id310.png
Al_board-washi,Al_board,washi,12,4,16,180,0.03980349167089603,0.061604913127079504,C:\Users\haru4\OneDrive - 学校法人立命館\ドキュメント\研究\研究コード\code\liquid_state_spike_filter_distance_pair_inputs_rep1\pair_plots_Al_board_vs_washi\Al_board_12_id16_vs_washi_04_id180.png
Al_board-washi,Al_board,washi,12,5,16,62,0.027211302377524216,0.05407146710310379,C:\Users\haru4\OneDrive - 学校法人立命館\ドキュメント\研究\研究コード\code\liquid_state_spike_filter_distance_pair_inputs_rep1\pair_plots_Al_board_vs_washi\Al_board_12_id16_vs_washi_05_id62.png
Al_board-washi,Al_board,washi,12,6,16,266,0.030536415593460244,0.06006032825922427,C:\Users\haru4\OneDrive - 学校法人立命館\ドキュメント\研究\研究コード\code\liquid_state_spike_filter_distance_pair_inputs_rep1\pair_plots_Al_board_vs_washi\Al_board_12_id16_vs_washi_06_id266.png
Al_board-washi,Al_board,washi,12,7,16,197,0.033354761279568226,0.05448505030071683,C:\Users\haru4\OneDrive - 学校法人立命館\ドキュメント\研究\研究コード\code\liquid_state_spike_filter_distance_pair_inputs_rep1\pair_plots_Al_board_vs_washi\Al_board_12_id16_vs_washi_07_id197.png
Al_board-washi,Al_board,washi,12,8,16,165,0.03585917189461342,0.05909085537938741,C:\Users\haru4\OneDrive - 学校法人立命館\ドキュメント\研究\研究コード\code\liquid_state_spike_filter_distance_pair_inputs_rep1\pair_plots_Al_board_vs_washi\Al_board_12_id16_vs_washi_08_id165.png
Al_board-washi,Al_board,washi,12,9,16,251,0.04882433109250496,0.07120797836735106,C:\Users\haru4\OneDrive - 学校法人立命館\ドキュメント\研究\研究コード\code\liquid_state_spike_filter_distance_pair_inputs_rep1\pair_plots_Al_board_vs_washi\Al_board_12_id16_vs_washi_09_id251.png
Al_board-washi,Al_board,washi,12,10,16,75,0.015440522395183932,0.0385755114239032,C:\Users\haru4\OneDrive - 学校法人立命館\ドキュメント\研究\研究コード\code\liquid_state_spike_filter_distance_pair_inputs_rep1\pair_plots_Al_board_vs_washi\Al_board_12_id16_vs_washi_10_id75.png
Al_board-washi,Al_board,washi,12,11,16,48,0.023273582902057267,0.05160985378219855,C:\Users\haru4\OneDrive - 学校法人立命館\ドキュメント\研究\研究コード\code\liquid_state_spike_filter_distance_pair_inputs_rep1\pair_plots_Al_board_vs_washi\Al_board_12_id16_vs_washi_11_id48.png
Al_board-washi,Al_board,washi,12,12,16,16,0.024704526946749,0.046149540040644546,C:\Users\haru4\OneDrive - 学校法人立命館\ドキュメント\研究\研究コード\code\liquid_state_spike_filter_distance_pair_inputs_rep1\pair_plots_Al_board_vs_washi\Al_board_12_id16_vs_washi_12_id16.png
Al_board-washi,Al_board,washi,12,13,16,200,0.03422706574967073,0.05813681119298043,C:\Users\haru4\OneDrive - 学校法人立命館\ドキュメント\研究\研究コード\code\liquid_state_spike_filter_distance_pair_inputs_rep1\pair_plots_Al_board_vs_washi\Al_board_12_id16_vs_washi_13_id200.png
Al_board-washi,Al_board,washi,12,14,16,98,0.028274218086447468,0.05326226666609463,C:\Users\haru4\OneDrive - 学校法人立命館\ドキュメント\研究\研究コード\code\liquid_state_spike_filter_distance_pair_inputs_rep1\pair_plots_Al_board_vs_washi\Al_board_12_id16_vs_washi_14_id98.png
Al_board-washi,Al_board,washi,13,0,200,227,0.03486497560161066,0.062070154084180235,C:\Users\haru4\OneDrive - 学校法人立命館\ドキュメント\研究\研究コード\code\liquid_state_spike_filter_distance_pair_inputs_rep1\pair_plots_Al_board_vs_washi\Al_board_13_id200_vs_washi_00_id227.png
Al_board-washi,Al_board,washi,13,1,200,140,0.04435346901414389,0.06302201857142409,C:\Users\haru4\OneDrive - 学校法人立命館\ドキュメント\研究\研究コード\code\liquid_state_spike_filter_distance_pair_inputs_rep1\pair_plots_Al_board_vs_washi\Al_board_13_id200_vs_washi_01_id140.png
Al_board-washi,Al_board,washi,13,2,200,224,0.03314645208975693,0.05556709465452042,C:\Users\haru4\OneDrive - 学校法人立命館\ドキュメント\研究\研究コード\code\liquid_state_spike_filter_distance_pair_inputs_rep1\pair_plots_Al_board_vs_washi\Al_board_13_id200_vs_washi_02_id224.png
Al_board-washi,Al_board,washi,13,3,200,310,0.04997522076730495,0.06966839255986852,C:\Users\haru4\OneDrive - 学校法人立命館\ドキュメント\研究\研究コード\code\liquid_state_spike_filter_distance_pair_inputs_rep1\pair_plots_Al_board_vs_washi\Al_board_13_id200_vs_washi_03_id310.png
Al_board-washi,Al_board,washi,13,4,200,180,0.04530658567780688,0.06277306402999867,C:\Users\haru4\OneDrive - 学校法人立命館\ドキュメント\研究\研究コード\code\liquid_state_spike_filter_distance_pair_inputs_rep1\pair_plots_Al_board_vs_washi\Al_board_13_id200_vs_washi_04_id180.png
Al_board-washi,Al_board,washi,13,5,200,62,0.03132595250854633,0.0525435678600826,C:\Users\haru4\OneDrive - 学校法人立命館\ドキュメント\研究\研究コード\code\liquid_state_spike_filter_distance_pair_inputs_rep1\pair_plots_Al_board_vs_washi\Al_board_13_id200_vs_washi_05_id62.png
Al_board-washi,Al_board,washi,13,6,200,266,0.03474206093002178,0.05863001892268344,C:\Users\haru4\OneDrive - 学校法人立命館\ドキュメント\研究\研究コード\code\liquid_state_spike_filter_distance_pair_inputs_rep1\pair_plots_Al_board_vs_washi\Al_board_13_id200_vs_washi_06_id266.png
Al_board-washi,Al_board,washi,13,7,200,197,0.03909243794828355,0.06191456117987704,C:\Users\haru4\OneDrive - 学校法人立命館\ドキュメント\研究\研究コード\code\liquid_state_spike_filter_distance_pair_inputs_rep1\pair_plots_Al_board_vs_washi\Al_board_13_id200_vs_washi_07_id197.png
Al_board-washi,Al_board,washi,13,8,200,165,0.041839500680989634,0.06630667707022855,C:\Users\haru4\OneDrive - 学校法人立命館\ドキュメント\研究\研究コード\code\liquid_state_spike_filter_distance_pair_inputs_rep1\pair_plots_Al_board_vs_washi\Al_board_13_id200_vs_washi_08_id165.png
Al_board-washi,Al_board,washi,13,9,200,251,0.0544988011215138,0.07257141819528184,C:\Users\haru4\OneDrive - 学校法人立命館\ドキュメント\研究\研究コード\code\liquid_state_spike_filter_distance_pair_inputs_rep1\pair_plots_Al_board_vs_washi\Al_board_13_id200_vs_washi_09_id251.png
Al_board-washi,Al_board,washi,13,10,200,75,0.01534510188899881,0.0324352738619813,C:\Users\haru4\OneDrive - 学校法人立命館\ドキュメント\研究\研究コード\code\liquid_state_spike_filter_distance_pair_inputs_rep1\pair_plots_Al_board_vs_washi\Al_board_13_id200_vs_washi_10_id75.png
Al_board-washi,Al_board,washi,13,11,200,48,0.026258648217451462,0.053044582207213226,C:\Users\haru4\OneDrive - 学校法人立命館\ドキュメント\研究\研究コード\code\liquid_state_spike_filter_distance_pair_inputs_rep1\pair_plots_Al_board_vs_washi\Al_board_13_id200_vs_washi_11_id48.png
Al_board-washi,Al_board,washi,13,12,200,16,0.02940416992307299,0.05184815263702587,C:\Users\haru4\OneDrive - 学校法人立命館\ドキュメント\研究\研究コード\code\liquid_state_spike_filter_distance_pair_inputs_rep1\pair_plots_Al_board_vs_washi\Al_board_13_id200_vs_washi_12_id16.png
Al_board-washi,Al_board,washi,13,13,200,200,0.040188861844807695,0.06107102207896013,C:\Users\haru4\OneDrive - 学校法人立命館\ドキュメント\研究\研究コード\code\liquid_state_spike_filter_distance_pair_inputs_rep1\pair_plots_Al_board_vs_washi\Al_board_13_id200_vs_washi_13_id200.png
Al_board-washi,Al_board,washi,13,14,200,98,0.03129552118722973,0.054507041126244084,C:\Users\haru4\OneDrive - 学校法人立命館\ドキュメント\研究\研究コード\code\liquid_state_spike_filter_distance_pair_inputs_rep1\pair_plots_Al_board_vs_washi\Al_board_13_id200_vs_washi_14_id98.png
Al_board-washi,Al_board,washi,14,0,98,227,0.03254052834433232,0.05999859881976064,C:\Users\haru4\OneDrive - 学校法人立命館\ドキュメント\研究\研究コード\code\liquid_state_spike_filter_distance_pair_inputs_rep1\pair_plots_Al_board_vs_washi\Al_board_14_id98_vs_washi_00_id227.png
Al_board-washi,Al_board,washi,14,1,98,140,0.042067565279215215,0.06733374666700578,C:\Users\haru4\OneDrive - 学校法人立命館\ドキュメント\研究\研究コード\code\liquid_state_spike_filter_distance_pair_inputs_rep1\pair_plots_Al_board_vs_washi\Al_board_14_id98_vs_washi_01_id140.png
Al_board-washi,Al_board,washi,14,2,98,224,0.029691809829013163,0.050480293985265066,C:\Users\haru4\OneDrive - 学校法人立命館\ドキュメント\研究\研究コード\code\liquid_state_spike_filter_distance_pair_inputs_rep1\pair_plots_Al_board_vs_washi\Al_board_14_id98_vs_washi_02_id224.png
Al_board-washi,Al_board,washi,14,3,98,310,0.046590346449127906,0.066526782344327,C:\Users\haru4\OneDrive - 学校法人立命館\ドキュメント\研究\研究コード\code\liquid_state_spike_filter_distance_pair_inputs_rep1\pair_plots_Al_board_vs_washi\Al_board_14_id98_vs_washi_03_id310.png
Al_board-washi,Al_board,washi,14,4,98,180,0.04255707053244329,0.06704906587888368,C:\Users\haru4\OneDrive - 学校法人立命館\ドキュメント\研究\研究コード\code\liquid_state_spike_filter_distance_pair_inputs_rep1\pair_plots_Al_board_vs_washi\Al_board_14_id98_vs_washi_04_id180.png
Al_board-washi,Al_board,washi,14,5,98,62,0.02825767587404782,0.054278589652670184,C:\Users\haru4\OneDrive - 学校法人立命館\ドキュメント\研究\研究コード\code\liquid_state_spike_filter_distance_pair_inputs_rep1\pair_plots_Al_board_vs_washi\Al_board_14_id98_vs_washi_05_id62.png
Al_board-washi,Al_board,washi,14,6,98,266,0.032153100195719,0.06134668535301489,C:\Users\haru4\OneDrive - 学校法人立命館\ドキュメント\研究\研究コード\code\liquid_state_spike_filter_distance_pair_inputs_rep1\pair_plots_Al_board_vs_washi\Al_board_14_id98_vs_washi_06_id266.png
Al_board-washi,Al_board,washi,14,7,98,197,0.03560943108296396,0.06510855242415635,C:\Users\haru4\OneDrive - 学校法人立命館\ドキュメント\研究\研究コード\code\liquid_state_spike_filter_distance_pair_inputs_rep1\pair_plots_Al_board_vs_washi\Al_board_14_id98_vs_washi_07_id197.png
Al_board-washi,Al_board,washi,14,8,98,165,0.038374290798323205,0.06703426236527163,C:\Users\haru4\OneDrive - 学校法人立命館\ドキュメント\研究\研究コード\code\liquid_state_spike_filter_distance_pair_inputs_rep1\pair_plots_Al_board_vs_washi\Al_board_14_id98_vs_washi_08_id165.png
Al_board-washi,Al_board,washi,14,9,98,251,0.05153895205056906,0.07665710747894343,C:\Users\haru4\OneDrive - 学校法人立命館\ドキュメント\研究\研究コード\code\liquid_state_spike_filter_distance_pair_inputs_rep1\pair_plots_Al_board_vs_washi\Al_board_14_id98_vs_washi_09_id251.png
Al_board-washi,Al_board,washi,14,10,98,75,0.012887339516899902,0.03551324863289183,C:\Users\haru4\OneDrive - 学校法人立命館\ドキュメント\研究\研究コード\code\liquid_state_spike_filter_distance_pair_inputs_rep1\pair_plots_Al_board_vs_washi\Al_board_14_id98_vs_washi_10_id75.png
Al_board-washi,Al_board,washi,14,11,98,48,0.024430220630338995,0.050593297066816804,C:\Users\haru4\OneDrive - 学校法人立命館\ドキュメント\研究\研究コード\code\liquid_state_spike_filter_distance_pair_inputs_rep1\pair_plots_Al_board_vs_washi\Al_board_14_id98_vs_washi_11_id48.png
Al_board-washi,Al_board,washi,14,12,98,16,0.02676882054993826,0.05074082031309301,C:\Users\haru4\OneDrive - 学校法人立命館\ドキュメント\研究\研究コード\code\liquid_state_spike_filter_distance_pair_inputs_rep1\pair_plots_Al_board_vs_washi\Al_board_14_id98_vs_washi_12_id16.png
Al_board-washi,Al_board,washi,14,13,98,200,0.03697358793238841,0.06075475853993331,C:\Users\haru4\OneDrive - 学校法人立命館\ドキュメント\研究\研究コード\code\liquid_state_spike_filter_distance_pair_inputs_rep1\pair_plots_Al_board_vs_washi\Al_board_14_id98_vs_washi_13_id200.png
Al_board-washi,Al_board,washi,14,14,98,98,0.02872247767005022,0.05376628202120815,C:\Users\haru4\OneDrive - 学校法人立命館\ドキュメント\研究\研究コード\code\liquid_state_spike_filter_distance_pair_inputs_rep1\pair_plots_Al_board_vs_washi\Al_board_14_id98_vs_washi_14_id98.png
Al_board-rubber_board,Al_board,rubber_board,0,0,227,227,0.01169525885734102,0.02917100588199889,C:\Users\haru4\OneDrive - 学校法人立命館\ドキュメント\研究\研究コード\code\liquid_state_spike_filter_distance_pair_inputs_rep1\pair_plots_Al_board_vs_rubber_board\Al_board_00_id227_vs_rubber_board_00_id227.png
Al_board-rubber_board,Al_board,rubber_board,0,1,227,140,0.011328871388600746,0.03005261717499357,C:\Users\haru4\OneDrive - 学校法人立命館\ドキュメント\研究\研究コード\code\liquid_state_spike_filter_distance_pair_inputs_rep1\pair_plots_Al_board_vs_rubber_board\Al_board_00_id227_vs_rubber_board_01_id140.png
Al_board-rubber_board,Al_board,rubber_board,0,2,227,224,0.01314592250639872,0.02817678577621388,C:\Users\haru4\OneDrive - 学校法人立命館\ドキュメント\研究\研究コード\code\liquid_state_spike_filter_distance_pair_inputs_rep1\pair_plots_Al_board_vs_rubber_board\Al_board_00_id227_vs_rubber_board_02_id224.png
Al_board-rubber_board,Al_board,rubber_board,0,3,227,310,0.013155833329293662,0.031168249855190535,C:\Users\haru4\OneDrive - 学校法人立命館\ドキュメント\研究\研究コード\code\liquid_state_spike_filter_distance_pair_inputs_rep1\pair_plots_Al_board_vs_rubber_board\Al_board_00_id227_vs_rubber_board_03_id310.png
Al_board-rubber_board,Al_board,rubber_board,0,4,227,180,0.01186195775284734,0.038301967328189905,C:\Users\haru4\OneDrive - 学校法人立命館\ドキュメント\研究\研究コード\code\liquid_state_spike_filter_distance_pair_inputs_rep1\pair_plots_Al_board_vs_rubber_board\Al_board_00_id227_vs_rubber_board_04_id180.png
Al_board-rubber_board,Al_board,rubber_board,0,5,227,62,0.009661441991588828,0.023758433301371066,C:\Users\haru4\OneDrive - 学校法人立命館\ドキュメント\研究\研究コード\code\liquid_state_spike_filter_distance_pair_inputs_rep1\pair_plots_Al_board_vs_rubber_board\Al_board_00_id227_vs_rubber_board_05_id62.png
Al_board-rubber_board,Al_board,rubber_board,0,6,227,266,0.01250001255296186,0.0356952251127487,C:\Users\haru4\OneDrive - 学校法人立命館\ドキュメント\研究\研究コード\code\liquid_state_spike_filter_distance_pair_inputs_rep1\pair_plots_Al_board_vs_rubber_board\Al_board_00_id227_vs_rubber_board_06_id266.png
Al_board-rubber_board,Al_board,rubber_board,0,7,227,197,0.01249918904385671,0.02663537241373255,C:\Users\haru4\OneDrive - 学校法人立命館\ドキュメント\研究\研究コード\code\liquid_state_spike_filter_distance_pair_inputs_rep1\pair_plots_Al_board_vs_rubber_board\Al_board_00_id227_vs_rubber_board_07_id197.png
Al_board-rubber_board,Al_board,rubber_board,0,8,227,165,0.011078410835469812,0.02356372910929802,C:\Users\haru4\OneDrive - 学校法人立命館\ドキュメント\研究\研究コード\code\liquid_state_spike_filter_distance_pair_inputs_rep1\pair_plots_Al_board_vs_rubber_board\Al_board_00_id227_vs_rubber_board_08_id165.png
Al_board-rubber_board,Al_board,rubber_board,0,9,227,251,0.010866972045408374,0.030996780798022643,C:\Users\haru4\OneDrive - 学校法人立命館\ドキュメント\研究\研究コード\code\liquid_state_spike_filter_distance_pair_inputs_rep1\pair_plots_Al_board_vs_rubber_board\Al_board_00_id227_vs_rubber_board_09_id251.png
Al_board-rubber_board,Al_board,rubber_board,0,10,227,75,0.01548067932205832,0.03584463959448021,C:\Users\haru4\OneDrive - 学校法人立命館\ドキュメント\研究\研究コード\code\liquid_state_spike_filter_distance_pair_inputs_rep1\pair_plots_Al_board_vs_rubber_board\Al_board_00_id227_vs_rubber_board_10_id75.png
Al_board-rubber_board,Al_board,rubber_board,0,11,227,48,0.013036630097270662,0.027933318988179932,C:\Users\haru4\OneDrive - 学校法人立命館\ドキュメント\研究\研究コード\code\liquid_state_spike_filter_distance_pair_inputs_rep1\pair_plots_Al_board_vs_rubber_board\Al_board_00_id227_vs_rubber_board_11_id48.png
Al_board-rubber_board,Al_board,rubber_board,0,12,227,16,0.012321157103118185,0.029921231613409694,C:\Users\haru4\OneDrive - 学校法人立命館\ドキュメント\研究\研究コード\code\liquid_state_spike_filter_distance_pair_inputs_rep1\pair_plots_Al_board_vs_rubber_board\Al_board_00_id227_vs_rubber_board_12_id16.png
Al_board-rubber_board,Al_board,rubber_board,0,13,227,200,0.010799468978878332,0.03097813188063886,C:\Users\haru4\OneDrive - 学校法人立命館\ドキュメント\研究\研究コード\code\liquid_state_spike_filter_distance_pair_inputs_rep1\pair_plots_Al_board_vs_rubber_board\Al_board_00_id227_vs_rubber_board_13_id200.png
Al_board-rubber_board,Al_board,rubber_board,0,14,227,98,0.01152812503966423,0.0348757899569303,C:\Users\haru4\OneDrive - 学校法人立命館\ドキュメント\研究\研究コード\code\liquid_state_spike_filter_distance_pair_inputs_rep1\pair_plots_Al_board_vs_rubber_board\Al_board_00_id227_vs_rubber_board_14_id98.png
Al_board-rubber_board,Al_board,rubber_board,1,0,140,227,0.011587224553272265,0.029648209653738974,C:\Users\haru4\OneDrive - 学校法人立命館\ドキュメント\研究\研究コード\code\liquid_state_spike_filter_distance_pair_inputs_rep1\pair_plots_Al_board_vs_rubber_board\Al_board_01_id140_vs_rubber_board_00_id227.png
Al_board-rubber_board,Al_board,rubber_board,1,1,140,140,0.00952636043784077,0.0293493422956193,C:\Users\haru4\OneDrive - 学校法人立命館\ドキュメント\研究\研究コード\code\liquid_state_spike_filter_distance_pair_inputs_rep1\pair_plots_Al_board_vs_rubber_board\Al_board_01_id140_vs_rubber_board_01_id140.png
Al_board-rubber_board,Al_board,rubber_board,1,2,140,224,0.01098645798967989,0.032050647681700684,C:\Users\haru4\OneDrive - 学校法人立命館\ドキュメント\研究\研究コード\code\liquid_state_spike_filter_distance_pair_inputs_rep1\pair_plots_Al_board_vs_rubber_board\Al_board_01_id140_vs_rubber_board_02_id224.png
Al_board-rubber_board,Al_board,rubber_board,1,3,140,310,0.010817761348739977,0.027637374006076562,C:\Users\haru4\OneDrive - 学校法人立命館\ドキュメント\研究\研究コード\code\liquid_state_spike_filter_distance_pair_inputs_rep1\pair_plots_Al_board_vs_rubber_board\Al_board_01_id140_vs_rubber_board_03_id310.png
Al_board-rubber_board,Al_board,rubber_board,1,4,140,180,0.010048327191298567,0.03451633673248504,C:\Users\haru4\OneDrive - 学校法人立命館\ドキュメント\研究\研究コード\code\liquid_state_spike_filter_distance_pair_inputs_rep1\pair_plots_Al_board_vs_rubber_board\Al_board_01_id140_vs_rubber_board_04_id180.png
Al_board-rubber_board,Al_board,rubber_board,1,5,140,62,0.010404501337567207,0.032651566323458586,C:\Users\haru4\OneDrive - 学校法人立命館\ドキュメント\研究\研究コード\code\liquid_state_spike_filter_distance_pair_inputs_rep1\pair_plots_Al_board_vs_rubber_board\Al_board_01_id140_vs_rubber_board_05_id62.png
Al_board-rubber_board,Al_board,rubber_board,1,6,140,266,0.011345324933006766,0.034028574778313794,C:\Users\haru4\OneDrive - 学校法人立命館\ドキュメント\研究\研究コード\code\liquid_state_spike_filter_distance_pair_inputs_rep1\pair_plots_Al_board_vs_rubber_board\Al_board_01_id140_vs_rubber_board_06_id266.png
Al_board-rubber_board,Al_board,rubber_board,1,7,140,197,0.010574086334065475,0.028811607254787798,C:\Users\haru4\OneDrive - 学校法人立命館\ドキュメント\研究\研究コード\code\liquid_state_spike_filter_distance_pair_inputs_rep1\pair_plots_Al_board_vs_rubber_board\Al_board_01_id140_vs_rubber_board_07_id197.png
Al_board-rubber_board,Al_board,rubber_board,1,8,140,165,0.010595618323766943,0.02287084742849416,C:\Users\haru4\OneDrive - 学校法人立命館\ドキュメント\研究\研究コード\code\liquid_state_spike_filter_distance_pair_inputs_rep1\pair_plots_Al_board_vs_rubber_board\Al_board_01_id140_vs_rubber_board_08_id165.png
Al_board-rubber_board,Al_board,rubber_board,1,9,140,251,0.01107159166594118,0.028141246818293383,C:\Users\haru4\OneDrive - 学校法人立命館\ドキュメント\研究\研究コード\code\liquid_state_spike_filter_distance_pair_inputs_rep1\pair_plots_Al_board_vs_rubber_board\Al_board_01_id140_vs_rubber_board_09_id251.png
Al_board-rubber_board,Al_board,rubber_board,1,10,140,75,0.013342432348651376,0.03381393711390197,C:\Users\haru4\OneDrive - 学校法人立命館\ドキュメント\研究\研究コード\code\liquid_state_spike_filter_distance_pair_inputs_rep1\pair_plots_Al_board_vs_rubber_board\Al_board_01_id140_vs_rubber_board_10_id75.png
Al_board-rubber_board,Al_board,rubber_board,1,11,140,48,0.011742109016915048,0.029491091042452778,C:\Users\haru4\OneDrive - 学校法人立命館\ドキュメント\研究\研究コード\code\liquid_state_spike_filter_distance_pair_inputs_rep1\pair_plots_Al_board_vs_rubber_board\Al_board_01_id140_vs_rubber_board_11_id48.png
Al_board-rubber_board,Al_board,rubber_board,1,12,140,16,0.010476655514838704,0.0280569421512078,C:\Users\haru4\OneDrive - 学校法人立命館\ドキュメント\研究\研究コード\code\liquid_state_spike_filter_distance_pair_inputs_rep1\pair_plots_Al_board_vs_rubber_board\Al_board_01_id140_vs_rubber_board_12_id16.png
Al_board-rubber_board,Al_board,rubber_board,1,13,140,200,0.009378715989812818,0.02634433650037326,C:\Users\haru4\OneDrive - 学校法人立命館\ドキュメント\研究\研究コード\code\liquid_state_spike_filter_distance_pair_inputs_rep1\pair_plots_Al_board_vs_rubber_board\Al_board_01_id140_vs_rubber_board_13_id200.png
Al_board-rubber_board,Al_board,rubber_board,1,14,140,98,0.010452381611725738,0.028354785228595403,C:\Users\haru4\OneDrive - 学校法人立命館\ドキュメント\研究\研究コード\code\liquid_state_spike_filter_distance_pair_inputs_rep1\pair_plots_Al_board_vs_rubber_board\Al_board_01_id140_vs_rubber_board_14_id98.png
Al_board-rubber_board,Al_board,rubber_board,2,0,224,227,0.011163182076156297,0.027528923696031046,C:\Users\haru4\OneDrive - 学校法人立命館\ドキュメント\研究\研究コード\code\liquid_state_spike_filter_distance_pair_inputs_rep1\pair_plots_Al_board_vs_rubber_board\Al_board_02_id224_vs_rubber_board_00_id227.png
Al_board-rubber_board,Al_board,rubber_board,2,1,224,140,0.009937137093646922,0.026226953093909853,C:\Users\haru4\OneDrive - 学校法人立命館\ドキュメント\研究\研究コード\code\liquid_state_spike_filter_distance_pair_inputs_rep1\pair_plots_Al_board_vs_rubber_board\Al_board_02_id224_vs_rubber_board_01_id140.png
Al_board-rubber_board,Al_board,rubber_board,2,2,224,224,0.009591397995453744,0.02877188673470939,C:\Users\haru4\OneDrive - 学校法人立命館\ドキュメント\研究\研究コード\code\liquid_state_spike_filter_distance_pair_inputs_rep1\pair_plots_Al_board_vs_rubber_board\Al_board_02_id224_vs_rubber_board_02_id224.png
Al_board-rubber_board,Al_board,rubber_board,2,3,224,310,0.009176040903170226,0.024710889047652583,C:\Users\haru4\OneDrive - 学校法人立命館\ドキュメント\研究\研究コード\code\liquid_state_spike_filter_distance_pair_inputs_rep1\pair_plots_Al_board_vs_rubber_board\Al_board_02_id224_vs_rubber_board_03_id310.png
Al_board-rubber_board,Al_board,rubber_board,2,4,224,180,0.011627280105974767,0.028119884985391082,C:\Users\haru4\OneDrive - 学校法人立命館\ドキュメント\研究\研究コード\code\liquid_state_spike_filter_distance_pair_inputs_rep1\pair_plots_Al_board_vs_rubber_board\Al_board_02_id224_vs_rubber_board_04_id180.png
Al_board-rubber_board,Al_board,rubber_board,2,5,224,62,0.012224060376725448,0.02619756504024897,C:\Users\haru4\OneDrive - 学校法人立命館\ドキュメント\研究\研究コード\code\liquid_state_spike_filter_distance_pair_inputs_rep1\pair_plots_Al_board_vs_rubber_board\Al_board_02_id224_vs_rubber_board_05_id62.png
Al_board-rubber_board,Al_board,rubber_board,2,6,224,266,0.009907282636850728,0.02712830611433709,C:\Users\haru4\OneDrive - 学校法人立命館\ドキュメント\研究\研究コード\code\liquid_state_spike_filter_distance_pair_inputs_rep1\pair_plots_Al_board_vs_rubber_board\Al_board_02_id224_vs_rubber_board_06_id266.png
Al_board-rubber_board,Al_board,rubber_board,2,7,224,197,0.010732035865511426,0.030621480237991227,C:\Users\haru4\OneDrive - 学校法人立命館\ドキュメント\研究\研究コード\code\liquid_state_spike_filter_distance_pair_inputs_rep1\pair_plots_Al_board_vs_rubber_board\Al_board_02_id224_vs_rubber_board_07_id197.png
Al_board-rubber_board,Al_board,rubber_board,2,8,224,165,0.009892121243378122,0.021241642408945494,C:\Users\haru4\OneDrive - 学校法人立命館\ドキュメント\研究\研究コード\code\liquid_state_spike_filter_distance_pair_inputs_rep1\pair_plots_Al_board_vs_rubber_board\Al_board_02_id224_vs_rubber_board_08_id165.png
Al_board-rubber_board,Al_board,rubber_board,2,9,224,251,0.012433001500265895,0.02530602435782237,C:\Users\haru4\OneDrive - 学校法人立命館\ドキュメント\研究\研究コード\code\liquid_state_spike_filter_distance_pair_inputs_rep1\pair_plots_Al_board_vs_rubber_board\Al_board_02_id224_vs_rubber_board_09_id251.png
Al_board-rubber_board,Al_board,rubber_board,2,10,224,75,0.012775765862645696,0.032232541010812306,C:\Users\haru4\OneDrive - 学校法人立命館\ドキュメント\研究\研究コード\code\liquid_state_spike_filter_distance_pair_inputs_rep1\pair_plots_Al_board_vs_rubber_board\Al_board_02_id224_vs_rubber_board_10_id75.png
Al_board-rubber_board,Al_board,rubber_board,2,11,224,48,0.010799179979941927,0.030621480237991227,C:\Users\haru4\OneDrive - 学校法人立命館\ドキュメント\研究\研究コード\code\liquid_state_spike_filter_distance_pair_inputs_rep1\pair_plots_Al_board_vs_rubber_board\Al_board_02_id224_vs_rubber_board_11_id48.png
Al_board-rubber_board,Al_board,rubber_board,2,12,224,16,0.010260024648530245,0.025621547246046008,C:\Users\haru4\OneDrive - 学校法人立命館\ドキュメント\研究\研究コード\code\liquid_state_spike_filter_distance_pair_inputs_rep1\pair_plots_Al_board_vs_rubber_board\Al_board_02_id224_vs_rubber_board_12_id16.png
Al_board-rubber_board,Al_board,rubber_board,2,13,224,200,0.011521828993436761,0.0285016067667156,C:\Users\haru4\OneDrive - 学校法人立命館\ドキュメント\研究\研究コード\code\liquid_state_spike_filter_distance_pair_inputs_rep1\pair_plots_Al_board_vs_rubber_board\Al_board_02_id224_vs_rubber_board_13_id200.png
Al_board-rubber_board,Al_board,rubber_board,2,14,224,98,0.01093553889378273,0.027929065668971607,C:\Users\haru4\OneDrive - 学校法人立命館\ドキュメント\研究\研究コード\code\liquid_state_spike_filter_distance_pair_inputs_rep1\pair_plots_Al_board_vs_rubber_board\Al_board_02_id224_vs_rubber_board_14_id98.png
Al_board-rubber_board,Al_board,rubber_board,3,0,310,227,0.010985518949843922,0.03166966863409188,C:\Users\haru4\OneDrive - 学校法人立命館\ドキュメント\研究\研究コード\code\liquid_state_spike_filter_distance_pair_inputs_rep1\pair_plots_Al_board_vs_rubber_board\Al_board_03_id310_vs_rubber_board_00_id227.png
Al_board-rubber_board,Al_board,rubber_board,3,1,310,140,0.00884733445558177,0.02765125249389166,C:\Users\haru4\OneDrive - 学校法人立命館\ドキュメント\研究\研究コード\code\liquid_state_spike_filter_distance_pair_inputs_rep1\pair_plots_Al_board_vs_rubber_board\Al_board_03_id310_vs_rubber_board_01_id140.png
Al_board-rubber_board,Al_board,rubber_board,3,2,310,224,0.00839203162587977,0.019952207564231907,C:\Users\haru4\OneDrive - 学校法人立命館\ドキュメント\研究\研究コード\code\liquid_state_spike_filter_distance_pair_inputs_rep1\pair_plots_Al_board_vs_rubber_board\Al_board_03_id310_vs_rubber_board_02_id224.png
Al_board-rubber_board,Al_board,rubber_board,3,3,310,310,0.007613480796007008,0.018044506631079777,C:\Users\haru4\OneDrive - 学校法人立命館\ドキュメント\研究\研究コード\code\liquid_state_spike_filter_distance_pair_inputs_rep1\pair_plots_Al_board_vs_rubber_board\Al_board_03_id310_vs_rubber_board_03_id310.png
Al_board-rubber_board,Al_board,rubber_board,3,4,310,180,0.009243550129173257,0.021917336146257568,C:\Users\haru4\OneDrive - 学校法人立命館\ドキュメント\研究\研究コード\code\liquid_state_spike_filter_distance_pair_inputs_rep1\pair_plots_Al_board_vs_rubber_board\Al_board_03_id310_vs_rubber_board_04_id180.png
Al_board-rubber_board,Al_board,rubber_board,3,5,310,62,0.011038086689485494,0.030892680026990187,C:\Users\haru4\OneDrive - 学校法人立命館\ドキュメント\研究\研究コード\code\liquid_state_spike_filter_distance_pair_inputs_rep1\pair_plots_Al_board_vs_rubber_board\Al_board_03_id310_vs_rubber_board_05_id62.png
Al_board-rubber_board,Al_board,rubber_board,3,6,310,266,0.008606408778662611,0.01870008870746941,C:\Users\haru4\OneDrive - 学校法人立命館\ドキュメント\研究\研究コード\code\liquid_state_spike_filter_distance_pair_inputs_rep1\pair_plots_Al_board_vs_rubber_board\Al_board_03_id310_vs_rubber_board_06_id266.png
Al_board-rubber_board,Al_board,rubber_board,3,7,310,197,0.010506406095130313,0.03390988264625319,C:\Users\haru4\OneDrive - 学校法人立命館\ドキュメント\研究\研究コード\code\liquid_state_spike_filter_distance_pair_inputs_rep1\pair_plots_Al_board_vs_rubber_board\Al_board_03_id310_vs_rubber_board_07_id197.png
Al_board-rubber_board,Al_board,rubber_board,3,8,310,165,0.008733337668641098,0.02639761967841626,C:\Users\haru4\OneDrive - 学校法人立命館\ドキュメント\研究\研究コード\code\liquid_state_spike_filter_distance_pair_inputs_rep1\pair_plots_Al_board_vs_rubber_board\Al_board_03_id310_vs_rubber_board_08_id165.png
Al_board-rubber_board,Al_board,rubber_board,3,9,310,251,0.012301765533698989,0.028499069438622075,C:\Users\haru4\OneDrive - 学校法人立命館\ドキュメント\研究\研究コード\code\liquid_state_spike_filter_distance_pair_inputs_rep1\pair_plots_Al_board_vs_rubber_board\Al_board_03_id310_vs_rubber_board_09_id251.png
Al_board-rubber_board,Al_board,rubber_board,3,10,310,75,0.009368594500130212,0.02604902525612127,C:\Users\haru4\OneDrive - 学校法人立命館\ドキュメント\研究\研究コード\code\liquid_state_spike_filter_distance_pair_inputs_rep1\pair_plots_Al_board_vs_rubber_board\Al_board_03_id310_vs_rubber_board_10_id75.png
Al_board-rubber_board,Al_board,rubber_board,3,11,310,48,0.009308951895325202,0.026584039498561925,C:\Users\haru4\OneDrive - 学校法人立命館\ドキュメント\研究\研究コード\code\liquid_state_spike_filter_distance_pair_inputs_rep1\pair_plots_Al_board_vs_rubber_board\Al_board_03_id310_vs_rubber_board_11_id48.png
Al_board-rubber_board,Al_board,rubber_board,3,12,310,16,0.006835380314896561,0.01719956033260513,C:\Users\haru4\OneDrive - 学校法人立命館\ドキュメント\研究\研究コード\code\liquid_state_spike_filter_distance_pair_inputs_rep1\pair_plots_Al_board_vs_rubber_board\Al_board_03_id310_vs_rubber_board_12_id16.png
Al_board-rubber_board,Al_board,rubber_board,3,13,310,200,0.010569946507143562,0.02857178205033152,C:\Users\haru4\OneDrive - 学校法人立命館\ドキュメント\研究\研究コード\code\liquid_state_spike_filter_distance_pair_inputs_rep1\pair_plots_Al_board_vs_rubber_board\Al_board_03_id310_vs_rubber_board_13_id200.png
Al_board-rubber_board,Al_board,rubber_board,3,14,310,98,0.007625127531189872,0.0197871855795891,C:\Users\haru4\OneDrive - 学校法人立命館\ドキュメント\研究\研究コード\code\liquid_state_spike_filter_distance_pair_inputs_rep1\pair_plots_Al_board_vs_rubber_board\Al_board_03_id310_vs_rubber_board_14_id98.png
Al_board-rubber_board,Al_board,rubber_board,4,0,180,227,0.011706565336950739,0.03344244443392366,C:\Users\haru4\OneDrive - 学校法人立命館\ドキュメント\研究\研究コード\code\liquid_state_spike_filter_distance_pair_inputs_rep1\pair_plots_Al_board_vs_rubber_board\Al_board_04_id180_vs_rubber_board_00_id227.png
Al_board-rubber_board,Al_board,rubber_board,4,1,180,140,0.009693897740656703,0.025647087933109918,C:\Users\haru4\OneDrive - 学校法人立命館\ドキュメント\研究\研究コード\code\liquid_state_spike_filter_distance_pair_inputs_rep1\pair_plots_Al_board_vs_rubber_board\Al_board_04_id180_vs_rubber_board_01_id140.png
Al_board-rubber_board,Al_board,rubber_board,4,2,180,224,0.013434205933168668,0.031388458735043964,C:\Users\haru4\OneDrive - 学校法人立命館\ドキュメント\研究\研究コード\code\liquid_state_spike_filter_distance_pair_inputs_rep1\pair_plots_Al_board_vs_rubber_board\Al_board_04_id180_vs_rubber_board_02_id224.png
Al_board-rubber_board,Al_board,rubber_board,4,3,180,310,0.012614346674256073,0.029914003649725823,C:\Users\haru4\OneDrive - 学校法人立命館\ドキュメント\研究\研究コード\code\liquid_state_spike_filter_distance_pair_inputs_rep1\pair_plots_Al_board_vs_rubber_board\Al_board_04_id180_vs_rubber_board_03_id310.png
Al_board-rubber_board,Al_board,rubber_board,4,4,180,180,0.010027930077763364,0.02450635992423928,C:\Users\haru4\OneDrive - 学校法人立命館\ドキュメント\研究\研究コード\code\liquid_state_spike_filter_distance_pair_inputs_rep1\pair_plots_Al_board_vs_rubber_board\Al_board_04_id180_vs_rubber_board_04_id180.png
Al_board-rubber_board,Al_board,rubber_board,4,5,180,62,0.009380429575921688,0.021395141419790407,C:\Users\haru4\OneDrive - 学校法人立命館\ドキュメント\研究\研究コード\code\liquid_state_spike_filter_distance_pair_inputs_rep1\pair_plots_Al_board_vs_rubber_board\Al_board_04_id180_vs_rubber_board_05_id62.png
Al_board-rubber_board,Al_board,rubber_board,4,6,180,266,0.012344727940488213,0.02936693119502522,C:\Users\haru4\OneDrive - 学校法人立命館\ドキュメント\研究\研究コード\code\liquid_state_spike_filter_distance_pair_inputs_rep1\pair_plots_Al_board_vs_rubber_board\Al_board_04_id180_vs_rubber_board_06_id266.png
Al_board-rubber_board,Al_board,rubber_board,4,7,180,197,0.010483169562457356,0.024572280579532167,C:\Users\haru4\OneDrive - 学校法人立命館\ドキュメント\研究\研究コード\code\liquid_state_spike_filter_distance_pair_inputs_rep1\pair_plots_Al_board_vs_rubber_board\Al_board_04_id180_vs_rubber_board_07_id197.png
Al_board-rubber_board,Al_board,rubber_board,4,8,180,165,0.012269436966356163,0.03539408598869678,C:\Users\haru4\OneDrive - 学校法人立命館\ドキュメント\研究\研究コード\code\liquid_state_spike_filter_distance_pair_inputs_rep1\pair_plots_Al_board_vs_rubber_board\Al_board_04_id180_vs_rubber_board_08_id165.png
Al_board-rubber_board,Al_board,rubber_board,4,9,180,251,0.009344579878758124,0.02211090658269568,C:\Users\haru4\OneDrive - 学校法人立命館\ドキュメント\研究\研究コード\code\liquid_state_spike_filter_distance_pair_inputs_rep1\pair_plots_Al_board_vs_rubber_board\Al_board_04_id180_vs_rubber_board_09_id251.png
Al_board-rubber_board,Al_board,rubber_board,4,10,180,75,0.014823726910323808,0.03771278058375622,C:\Users\haru4\OneDrive - 学校法人立命館\ドキュメント\研究\研究コード\code\liquid_state_spike_filter_distance_pair_inputs_rep1\pair_plots_Al_board_vs_rubber_board\Al_board_04_id180_vs_rubber_board_10_id75.png
Al_board-rubber_board,Al_board,rubber_board,4,11,180,48,0.013771925297547285,0.03310415468386704,C:\Users\haru4\OneDrive - 学校法人立命館\ドキュメント\研究\研究コード\code\liquid_state_spike_filter_distance_pair_inputs_rep1\pair_plots_Al_board_vs_rubber_board\Al_board_04_id180_vs_rubber_board_11_id48.png
Al_board-rubber_board,Al_board,rubber_board,4,12,180,16,0.013180790810847623,0.03471209958464439,C:\Users\haru4\OneDrive - 学校法人立命館\ドキュメント\研究\研究コード\code\liquid_state_spike_filter_distance_pair_inputs_rep1\pair_plots_Al_board_vs_rubber_board\Al_board_04_id180_vs_rubber_board_12_id16.png
Al_board-rubber_board,Al_board,rubber_board,4,13,180,200,0.008846505160189349,0.024269479870969144,C:\Users\haru4\OneDrive - 学校法人立命館\ドキュメント\研究\研究コード\code\liquid_state_spike_filter_distance_pair_inputs_rep1\pair_plots_Al_board_vs_rubber_board\Al_board_04_id180_vs_rubber_board_13_id200.png
Al_board-rubber_board,Al_board,rubber_board,4,14,180,98,0.011769215166719211,0.03361258373986771,C:\Users\haru4\OneDrive - 学校法人立命館\ドキュメント\研究\研究コード\code\liquid_state_spike_filter_distance_pair_inputs_rep1\pair_plots_Al_board_vs_rubber_board\Al_board_04_id180_vs_rubber_board_14_id98.png
Al_board-rubber_board,Al_board,rubber_board,5,0,62,227,0.012414042420761374,0.03193180650830298,C:\Users\haru4\OneDrive - 学校法人立命館\ドキュメント\研究\研究コード\code\liquid_state_spike_filter_distance_pair_inputs_rep1\pair_plots_Al_board_vs_rubber_board\Al_board_05_id62_vs_rubber_board_00_id227.png
Al_board-rubber_board,Al_board,rubber_board,5,1,62,140,0.011489718781312063,0.03102297600812188,C:\Users\haru4\OneDrive - 学校法人立命館\ドキュメント\研究\研究コード\code\liquid_state_spike_filter_distance_pair_inputs_rep1\pair_plots_Al_board_vs_rubber_board\Al_board_05_id62_vs_rubber_board_01_id140.png
Al_board-rubber_board,Al_board,rubber_board,5,2,62,224,0.008810558297892951,0.019795436082550428,C:\Users\haru4\OneDrive - 学校法人立命館\ドキュメント\研究\研究コード\code\liquid_state_spike_filter_distance_pair_inputs_rep1\pair_plots_Al_board_vs_rubber_board\Al_board_05_id62_vs_rubber_board_02_id224.png
Al_board-rubber_board,Al_board,rubber_board,5,3,62,310,0.009629655974539129,0.02368139219678773,C:\Users\haru4\OneDrive - 学校法人立命館\ドキュメント\研究\研究コード\code\liquid_state_spike_filter_distance_pair_inputs_rep1\pair_plots_Al_board_vs_rubber_board\Al_board_05_id62_vs_rubber_board_03_id310.png
Al_board-rubber_board,Al_board,rubber_board,5,4,62,180,0.011074973048564758,0.024545528526399157,C:\Users\haru4\OneDrive - 学校法人立命館\ドキュメント\研究\研究コード\code\liquid_state_spike_filter_distance_pair_inputs_rep1\pair_plots_Al_board_vs_rubber_board\Al_board_05_id62_vs_rubber_board_04_id180.png
Al_board-rubber_board,Al_board,rubber_board,5,5,62,62,0.012886097192884163,0.029593051261079265,C:\Users\haru4\OneDrive - 学校法人立命館\ドキュメント\研究\研究コード\code\liquid_state_spike_filter_distance_pair_inputs_rep1\pair_plots_Al_board_vs_rubber_board\Al_board_05_id62_vs_rubber_board_05_id62.png
Al_board-rubber_board,Al_board,rubber_board,5,6,62,266,0.009173507742967496,0.024432786091853544,C:\Users\haru4\OneDrive - 学校法人立命館\ドキュメント\研究\研究コード\code\liquid_state_spike_filter_distance_pair_inputs_rep1\pair_plots_Al_board_vs_rubber_board\Al_board_05_id62_vs_rubber_board_06_id266.png
Al_board-rubber_board,Al_board,rubber_board,5,7,62,197,0.012106318450105982,0.03445469424675426,C:\Users\haru4\OneDrive - 学校法人立命館\ドキュメント\研究\研究コード\code\liquid_state_spike_filter_distance_pair_inputs_rep1\pair_plots_Al_board_vs_rubber_board\Al_board_05_id62_vs_rubber_board_07_id197.png
Al_board-rubber_board,Al_board,rubber_board,5,8,62,165,0.011343311522167537,0.025919410728386893,C:\Users\haru4\OneDrive - 学校法人立命館\ドキュメント\研究\研究コード\code\liquid_state_spike_filter_distance_pair_inputs_rep1\pair_plots_Al_board_vs_rubber_board\Al_board_05_id62_vs_rubber_board_08_id165.png
Al_board-rubber_board,Al_board,rubber_board,5,9,62,251,0.014767837316588463,0.030405071205309123,C:\Users\haru4\OneDrive - 学校法人立命館\ドキュメント\研究\研究コード\code\liquid_state_spike_filter_distance_pair_inputs_rep1\pair_plots_Al_board_vs_rubber_board\Al_board_05_id62_vs_rubber_board_09_id251.png
Al_board-rubber_board,Al_board,rubber_board,5,10,62,75,0.008809586159260452,0.025363639588070433,C:\Users\haru4\OneDrive - 学校法人立命館\ドキュメント\研究\研究コード\code\liquid_state_spike_filter_distance_pair_inputs_rep1\pair_plots_Al_board_vs_rubber_board\Al_board_05_id62_vs_rubber_board_10_id75.png
Al_board-rubber_board,Al_board,rubber_board,5,11,62,48,0.009287451033577872,0.024131700313137515,C:\Users\haru4\OneDrive - 学校法人立命館\ドキュメント\研究\研究コード\code\liquid_state_spike_filter_distance_pair_inputs_rep1\pair_plots_Al_board_vs_rubber_board\Al_board_05_id62_vs_rubber_board_11_id48.png
Al_board-rubber_board,Al_board,rubber_board,5,12,62,16,0.0080016011510575,0.02604187910626703,C:\Users\haru4\OneDrive - 学校法人立命館\ドキュメント\研究\研究コード\code\liquid_state_spike_filter_distance_pair_inputs_rep1\pair_plots_Al_board_vs_rubber_board\Al_board_05_id62_vs_rubber_board_12_id16.png
Al_board-rubber_board,Al_board,rubber_board,5,13,62,200,0.012918113321285797,0.028816246120247187,C:\Users\haru4\OneDrive - 学校法人立命館\ドキュメント\研究\研究コード\code\liquid_state_spike_filter_distance_pair_inputs_rep1\pair_plots_Al_board_vs_rubber_board\Al_board_05_id62_vs_rubber_board_13_id200.png
Al_board-rubber_board,Al_board,rubber_board,5,14,62,98,0.009889925741202942,0.02142909163340547,C:\Users\haru4\OneDrive - 学校法人立命館\ドキュメント\研究\研究コード\code\liquid_state_spike_filter_distance_pair_inputs_rep1\pair_plots_Al_board_vs_rubber_board\Al_board_05_id62_vs_rubber_board_14_id98.png
Al_board-rubber_board,Al_board,rubber_board,6,0,266,227,0.011989560854610662,0.027169077570917,C:\Users\haru4\OneDrive - 学校法人立命館\ドキュメント\研究\研究コード\code\liquid_state_spike_filter_distance_pair_inputs_rep1\pair_plots_Al_board_vs_rubber_board\Al_board_06_id266_vs_rubber_board_00_id227.png
Al_board-rubber_board,Al_board,rubber_board,6,1,266,140,0.009624498260997016,0.024436008517191334,C:\Users\haru4\OneDrive - 学校法人立命館\ドキュメント\研究\研究コード\code\liquid_state_spike_filter_distance_pair_inputs_rep1\pair_plots_Al_board_vs_rubber_board\Al_board_06_id266_vs_rubber_board_01_id140.png
Al_board-rubber_board,Al_board,rubber_board,6,2,266,224,0.008080403358923294,0.01920240902079471,C:\Users\haru4\OneDrive - 学校法人立命館\ドキュメント\研究\研究コード\code\liquid_state_spike_filter_distance_pair_inputs_rep1\pair_plots_Al_board_vs_rubber_board\Al_board_06_id266_vs_rubber_board_02_id224.png
Al_board-rubber_board,Al_board,rubber_board,6,3,266,310,0.0090400901114606,0.022958637896239774,C:\Users\haru4\OneDrive - 学校法人立命館\ドキュメント\研究\研究コード\code\liquid_state_spike_filter_distance_pair_inputs_rep1\pair_plots_Al_board_vs_rubber_board\Al_board_06_id266_vs_rubber_board_03_id310.png
Al_board-rubber_board,Al_board,rubber_board,6,4,266,180,0.009410905353864863,0.02057821423257654,C:\Users\haru4\OneDrive - 学校法人立命館\ドキュメント\研究\研究コード\code\liquid_state_spike_filter_distance_pair_inputs_rep1\pair_plots_Al_board_vs_rubber_board\Al_board_06_id266_vs_rubber_board_04_id180.png
Al_board-rubber_board,Al_board,rubber_board,6,5,266,62,0.01135381972675285,0.03223870489065192,C:\Users\haru4\OneDrive - 学校法人立命館\ドキュメント\研究\研究コード\code\liquid_state_spike_filter_distance_pair_inputs_rep1\pair_plots_Al_board_vs_rubber_board\Al_board_06_id266_vs_rubber_board_05_id62.png
Al_board-rubber_board,Al_board,rubber_board,6,6,266,266,0.00848285275506871,0.018900306236166245,C:\Users\haru4\OneDrive - 学校法人立命館\ドキュメント\研究\研究コード\code\liquid_state_spike_filter_distance_pair_inputs_rep1\pair_plots_Al_board_vs_rubber_board\Al_board_06_id266_vs_rubber_board_06_id266.png
Al_board-rubber_board,Al_board,rubber_board,6,7,266,197,0.009620015631800111,0.027623213018679774,C:\Users\haru4\OneDrive - 学校法人立命館\ドキュメント\研究\研究コード\code\liquid_state_spike_filter_distance_pair_inputs_rep1\pair_plots_Al_board_vs_rubber_board\Al_board_06_id266_vs_rubber_board_07_id197.png
Al_board-rubber_board,Al_board,rubber_board,6,8,266,165,0.011569044742899683,0.028052987308719232,C:\Users\haru4\OneDrive - 学校法人立命館\ドキュメント\研究\研究コード\code\liquid_state_spike_filter_distance_pair_inputs_rep1\pair_plots_Al_board_vs_rubber_board\Al_board_06_id266_vs_rubber_board_08_id165.png
Al_board-rubber_board,Al_board,rubber_board,6,9,266,251,0.01303190831335884,0.028975388477577822,C:\Users\haru4\OneDrive - 学校法人立命館\ドキュメント\研究\研究コード\code\liquid_state_spike_filter_distance_pair_inputs_rep1\pair_plots_Al_board_vs_rubber_board\Al_board_06_id266_vs_rubber_board_09_id251.png
Al_board-rubber_board,Al_board,rubber_board,6,10,266,75,0.008610409312015161,0.02439922043162805,C:\Users\haru4\OneDrive - 学校法人立命館\ドキュメント\研究\研究コード\code\liquid_state_spike_filter_distance_pair_inputs_rep1\pair_plots_Al_board_vs_rubber_board\Al_board_06_id266_vs_rubber_board_10_id75.png
Al_board-rubber_board,Al_board,rubber_board,6,11,266,48,0.00807611054085379,0.027499764534135065,C:\Users\haru4\OneDrive - 学校法人立命館\ドキュメント\研究\研究コード\code\liquid_state_spike_filter_distance_pair_inputs_rep1\pair_plots_Al_board_vs_rubber_board\Al_board_06_id266_vs_rubber_board_11_id48.png
Al_board-rubber_board,Al_board,rubber_board,6,12,266,16,0.009793270237923915,0.02255295427635769,C:\Users\haru4\OneDrive - 学校法人立命館\ドキュメント\研究\研究コード\code\liquid_state_spike_filter_distance_pair_inputs_rep1\pair_plots_Al_board_vs_rubber_board\Al_board_06_id266_vs_rubber_board_12_id16.png
Al_board-rubber_board,Al_board,rubber_board,6,13,266,200,0.010782001695390063,0.02621425157102639,C:\Users\haru4\OneDrive - 学校法人立命館\ドキュメント\研究\研究コード\code\liquid_state_spike_filter_distance_pair_inputs_rep1\pair_plots_Al_board_vs_rubber_board\Al_board_06_id266_vs_rubber_board_13_id200.png
Al_board-rubber_board,Al_board,rubber_board,6,14,266,98,0.008443484773307822,0.019324022333500272,C:\Users\haru4\OneDrive - 学校法人立命館\ドキュメント\研究\研究コード\code\liquid_state_spike_filter_distance_pair_inputs_rep1\pair_plots_Al_board_vs_rubber_board\Al_board_06_id266_vs_rubber_board_14_id98.png
Al_board-rubber_board,Al_board,rubber_board,7,0,197,227,0.01190094601549063,0.027532897562553664,C:\Users\haru4\OneDrive - 学校法人立命館\ドキュメント\研究\研究コード\code\liquid_state_spike_filter_distance_pair_inputs_rep1\pair_plots_Al_board_vs_rubber_board\Al_board_07_id197_vs_rubber_board_00_id227.png
Al_board-rubber_board,Al_board,rubber_board,7,1,197,140,0.009567497562746146,0.026247530928597742,C:\Users\haru4\OneDrive - 学校法人立命館\ドキュメント\研究\研究コード\code\liquid_state_spike_filter_distance_pair_inputs_rep1\pair_plots_Al_board_vs_rubber_board\Al_board_07_id197_vs_rubber_board_01_id140.png
Al_board-rubber_board,Al_board,rubber_board,7,2,197,224,0.010888442770465237,0.029984027531732384,C:\Users\haru4\OneDrive - 学校法人立命館\ドキュメント\研究\研究コード\code\liquid_state_spike_filter_distance_pair_inputs_rep1\pair_plots_Al_board_vs_rubber_board\Al_board_07_id197_vs_rubber_board_02_id224.png
Al_board-rubber_board,Al_board,rubber_board,7,3,197,310,0.009109606749460491,0.020534269248268837,C:\Users\haru4\OneDrive - 学校法人立命館\ドキュメント\研究\研究コード\code\liquid_state_spike_filter_distance_pair_inputs_rep1\pair_plots_Al_board_vs_rubber_board\Al_board_07_id197_vs_rubber_board_03_id310.png
Al_board-rubber_board,Al_board,rubber_board,7,4,197,180,0.010573349731772121,0.02564784531122378,C:\Users\haru4\OneDrive - 学校法人立命館\ドキュメント\研究\研究コード\code\liquid_state_spike_filter_distance_pair_inputs_rep1\pair_plots_Al_board_vs_rubber_board\Al_board_07_id197_vs_rubber_board_04_id180.png
Al_board-rubber_board,Al_board,rubber_board,7,5,197,62,0.009165859962948424,0.022028649299546264,C:\Users\haru4\OneDrive - 学校法人立命館\ドキュメント\研究\研究コード\code\liquid_state_spike_filter_distance_pair_inputs_rep1\pair_plots_Al_board_vs_rubber_board\Al_board_07_id197_vs_rubber_board_05_id62.png
Al_board-rubber_board,Al_board,rubber_board,7,6,197,266,0.009107297496741851,0.025353644325284412,C:\Users\haru4\OneDrive - 学校法人立命館\ドキュメント\研究\研究コード\code\liquid_state_spike_filter_distance_pair_inputs_rep1\pair_plots_Al_board_vs_rubber_board\Al_board_07_id197_vs_rubber_board_06_id266.png
Al_board-rubber_board,Al_board,rubber_board,7,7,197,197,0.011591274126607582,0.029415180004321,C:\Users\haru4\OneDrive - 学校法人立命館\ドキュメント\研究\研究コード\code\liquid_state_spike_filter_distance_pair_inputs_rep1\pair_plots_Al_board_vs_rubber_board\Al_board_07_id197_vs_rubber_board_07_id197.png
Al_board-rubber_board,Al_board,rubber_board,7,8,197,165,0.010242448412727732,0.02626429685430901,C:\Users\haru4\OneDrive - 学校法人立命館\ドキュメント\研究\研究コード\code\liquid_state_spike_filter_distance_pair_inputs_rep1\pair_plots_Al_board_vs_rubber_board\Al_board_07_id197_vs_rubber_board_08_id165.png
Al_board-rubber_board,Al_board,rubber_board,7,9,197,251,0.009656403630838948,0.02217957039585008,C:\Users\haru4\OneDrive - 学校法人立命館\ドキュメント\研究\研究コード\code\liquid_state_spike_filter_distance_pair_inputs_rep1\pair_plots_Al_board_vs_rubber_board\Al_board_07_id197_vs_rubber_board_09_id251.png
Al_board-rubber_board,Al_board,rubber_board,7,10,197,75,0.014912549749161376,0.029838556653810577,C:\Users\haru4\OneDrive - 学校法人立命館\ドキュメント\研究\研究コード\code\liquid_state_spike_filter_distance_pair_inputs_rep1\pair_plots_Al_board_vs_rubber_board\Al_board_07_id197_vs_rubber_board_10_id75.png
Al_board-rubber_board,Al_board,rubber_board,7,11,197,48,0.011698688985898584,0.031307081227988635,C:\Users\haru4\OneDrive - 学校法人立命館\ドキュメント\研究\研究コード\code\liquid_state_spike_filter_distance_pair_inputs_rep1\pair_plots_Al_board_vs_rubber_board\Al_board_07_id197_vs_rubber_board_11_id48.png
Al_board-rubber_board,Al_board,rubber_board,7,12,197,16,0.012446142188229684,0.026748127382590997,C:\Users\haru4\OneDrive - 学校法人立命館\ドキュメント\研究\研究コード\code\liquid_state_spike_filter_distance_pair_inputs_rep1\pair_plots_Al_board_vs_rubber_board\Al_board_07_id197_vs_rubber_board_12_id16.png
Al_board-rubber_board,Al_board,rubber_board,7,13,197,200,0.010452269847079533,0.026046016839999273,C:\Users\haru4\OneDrive - 学校法人立命館\ドキュメント\研究\研究コード\code\liquid_state_spike_filter_distance_pair_inputs_rep1\pair_plots_Al_board_vs_rubber_board\Al_board_07_id197_vs_rubber_board_13_id200.png
Al_board-rubber_board,Al_board,rubber_board,7,14,197,98,0.011004872111435535,0.02683788793577473,C:\Users\haru4\OneDrive - 学校法人立命館\ドキュメント\研究\研究コード\code\liquid_state_spike_filter_distance_pair_inputs_rep1\pair_plots_Al_board_vs_rubber_board\Al_board_07_id197_vs_rubber_board_14_id98.png
Al_board-rubber_board,Al_board,rubber_board,8,0,165,227,0.012884024111941023,0.035467786114346984,C:\Users\haru4\OneDrive - 学校法人立命館\ドキュメント\研究\研究コード\code\liquid_state_spike_filter_distance_pair_inputs_rep1\pair_plots_Al_board_vs_rubber_board\Al_board_08_id165_vs_rubber_board_00_id227.png
Al_board-rubber_board,Al_board,rubber_board,8,1,165,140,0.011524775076578628,0.03222561269688692,C:\Users\haru4\OneDrive - 学校法人立命館\ドキュメント\研究\研究コード\code\liquid_state_spike_filter_distance_pair_inputs_rep1\pair_plots_Al_board_vs_rubber_board\Al_board_08_id165_vs_rubber_board_01_id140.png
Al_board-rubber_board,Al_board,rubber_board,8,2,165,224,0.008856889227238247,0.03882369728373793,C:\Users\haru4\OneDrive - 学校法人立命館\ドキュメント\研究\研究コード\code\liquid_state_spike_filter_distance_pair_inputs_rep1\pair_plots_Al_board_vs_rubber_board\Al_board_08_id165_vs_rubber_board_02_id224.png
Al_board-rubber_board,Al_board,rubber_board,8,3,165,310,0.009795969032330003,0.030393113764824103,C:\Users\haru4\OneDrive - 学校法人立命館\ドキュメント\研究\研究コード\code\liquid_state_spike_filter_distance_pair_inputs_rep1\pair_plots_Al_board_vs_rubber_board\Al_board_08_id165_vs_rubber_board_03_id310.png
Al_board-rubber_board,Al_board,rubber_board,8,4,165,180,0.011939089690586659,0.039764750210747546,C:\Users\haru4\OneDrive - 学校法人立命館\ドキュメント\研究\研究コード\code\liquid_state_spike_filter_distance_pair_inputs_rep1\pair_plots_Al_board_vs_rubber_board\Al_board_08_id165_vs_rubber_board_04_id180.png
Al_board-rubber_board,Al_board,rubber_board,8,5,165,62,0.012223750632659172,0.03849991480006531,C:\Users\haru4\OneDrive - 学校法人立命館\ドキュメント\研究\研究コード\code\liquid_state_spike_filter_distance_pair_inputs_rep1\pair_plots_Al_board_vs_rubber_board\Al_board_08_id165_vs_rubber_board_05_id62.png
Al_board-rubber_board,Al_board,rubber_board,8,6,165,266,0.010073434230339165,0.039717523898047766,C:\Users\haru4\OneDrive - 学校法人立命館\ドキュメント\研究\研究コード\code\liquid_state_spike_filter_distance_pair_inputs_rep1\pair_plots_Al_board_vs_rubber_board\Al_board_08_id165_vs_rubber_board_06_id266.png
Al_board-rubber_board,Al_board,rubber_board,8,7,165,197,0.012098539690760605,0.03465893173183122,C:\Users\haru4\OneDrive - 学校法人立命館\ドキュメント\研究\研究コード\code\liquid_state_spike_filter_distance_pair_inputs_rep1\pair_plots_Al_board_vs_rubber_board\Al_board_08_id165_vs_rubber_board_07_id197.png
Al_board-rubber_board,Al_board,rubber_board,8,8,165,165,0.010693072695109957,0.02823776623369126,C:\Users\haru4\OneDrive - 学校法人立命館\ドキュメント\研究\研究コード\code\liquid_state_spike_filter_distance_pair_inputs_rep1\pair_plots_Al_board_vs_rubber_board\Al_board_08_id165_vs_rubber_board_08_id165.png
Al_board-rubber_board,Al_board,rubber_board,8,9,165,251,0.013242166429626603,0.03256541756079016,C:\Users\haru4\OneDrive - 学校法人立命館\ドキュメント\研究\研究コード\code\liquid_state_spike_filter_distance_pair_inputs_rep1\pair_plots_Al_board_vs_rubber_board\Al_board_08_id165_vs_rubber_board_09_id251.png
Al_board-rubber_board,Al_board,rubber_board,8,10,165,75,0.012677212684423164,0.02978654434317125,C:\Users\haru4\OneDrive - 学校法人立命館\ドキュメント\研究\研究コード\code\liquid_state_spike_filter_distance_pair_inputs_rep1\pair_plots_Al_board_vs_rubber_board\Al_board_08_id165_vs_rubber_board_10_id75.png
Al_board-rubber_board,Al_board,rubber_board,8,11,165,48,0.00943097151853947,0.03459180682503993,C:\Users\haru4\OneDrive - 学校法人立命館\ドキュメント\研究\研究コード\code\liquid_state_spike_filter_distance_pair_inputs_rep1\pair_plots_Al_board_vs_rubber_board\Al_board_08_id165_vs_rubber_board_11_id48.png
Al_board-rubber_board,Al_board,rubber_board,8,12,165,16,0.009344195285937629,0.024182137599091647,C:\Users\haru4\OneDrive - 学校法人立命館\ドキュメント\研究\研究コード\code\liquid_state_spike_filter_distance_pair_inputs_rep1\pair_plots_Al_board_vs_rubber_board\Al_board_08_id165_vs_rubber_board_12_id16.png
Al_board-rubber_board,Al_board,rubber_board,8,13,165,200,0.01095833973040796,0.03251335379419271,C:\Users\haru4\OneDrive - 学校法人立命館\ドキュメント\研究\研究コード\code\liquid_state_spike_filter_distance_pair_inputs_rep1\pair_plots_Al_board_vs_rubber_board\Al_board_08_id165_vs_rubber_board_13_id200.png
Al_board-rubber_board,Al_board,rubber_board,8,14,165,98,0.010391390710486274,0.03271152794163465,C:\Users\haru4\OneDrive - 学校法人立命館\ドキュメント\研究\研究コード\code\liquid_state_spike_filter_distance_pair_inputs_rep1\pair_plots_Al_board_vs_rubber_board\Al_board_08_id165_vs_rubber_board_14_id98.png
Al_board-rubber_board,Al_board,rubber_board,9,0,251,227,0.012270675545174007,0.031166169511432126,C:\Users\haru4\OneDrive - 学校法人立命館\ドキュメント\研究\研究コード\code\liquid_state_spike_filter_distance_pair_inputs_rep1\pair_plots_Al_board_vs_rubber_board\Al_board_09_id251_vs_rubber_board_00_id227.png
Al_board-rubber_board,Al_board,rubber_board,9,1,251,140,0.00912963817531446,0.02623502075046287,C:\Users\haru4\OneDrive - 学校法人立命館\ドキュメント\研究\研究コード\code\liquid_state_spike_filter_distance_pair_inputs_rep1\pair_plots_Al_board_vs_rubber_board\Al_board_09_id251_vs_rubber_board_01_id140.png
Al_board-rubber_board,Al_board,rubber_board,9,2,251,224,0.010680564163396775,0.03091102005169258,C:\Users\haru4\OneDrive - 学校法人立命館\ドキュメント\研究\研究コード\code\liquid_state_spike_filter_distance_pair_inputs_rep1\pair_plots_Al_board_vs_rubber_board\Al_board_09_id251_vs_rubber_board_02_id224.png
Al_board-rubber_board,Al_board,rubber_board,9,3,251,310,0.010169519003621135,0.02747400153196442,C:\Users\haru4\OneDrive - 学校法人立命館\ドキュメント\研究\研究コード\code\liquid_state_spike_filter_distance_pair_inputs_rep1\pair_plots_Al_board_vs_rubber_board\Al_board_09_id251_vs_rubber_board_03_id310.png
Al_board-rubber_board,Al_board,rubber_board,9,4,251,180,0.009641937231405294,0.025802676490298784,C:\Users\haru4\OneDrive - 学校法人立命館\ドキュメント\研究\研究コード\code\liquid_state_spike_filter_distance_pair_inputs_rep1\pair_plots_Al_board_vs_rubber_board\Al_board_09_id251_vs_rubber_board_04_id180.png
Al_board-rubber_board,Al_board,rubber_board,9,5,251,62,0.010111038371168713,0.023795295232033227,C:\Users\haru4\OneDrive - 学校法人立命館\ドキュメント\研究\研究コード\code\liquid_state_spike_filter_distance_pair_inputs_rep1\pair_plots_Al_board_vs_rubber_board\Al_board_09_id251_vs_rubber_board_05_id62.png
Al_board-rubber_board,Al_board,rubber_board,9,6,251,266,0.010251962769915357,0.029350515936894833,C:\Users\haru4\OneDrive - 学校法人立命館\ドキュメント\研究\研究コード\code\liquid_state_spike_filter_distance_pair_inputs_rep1\pair_plots_Al_board_vs_rubber_board\Al_board_09_id251_vs_rubber_board_06_id266.png
Al_board-rubber_board,Al_board,rubber_board,9,7,251,197,0.011263194596348055,0.029675988835038015,C:\Users\haru4\OneDrive - 学校法人立命館\ドキュメント\研究\研究コード\code\liquid_state_spike_filter_distance_pair_inputs_rep1\pair_plots_Al_board_vs_rubber_board\Al_board_09_id251_vs_rubber_board_07_id197.png
Al_board-rubber_board,Al_board,rubber_board,9,8,251,165,0.01063632393370646,0.030984506768182454,C:\Users\haru4\OneDrive - 学校法人立命館\ドキュメント\研究\研究コード\code\liquid_state_spike_filter_distance_pair_inputs_rep1\pair_plots_Al_board_vs_rubber_board\Al_board_09_id251_vs_rubber_board_08_id165.png
Al_board-rubber_board,Al_board,rubber_board,9,9,251,251,0.01159258558898549,0.02495114715407575,C:\Users\haru4\OneDrive - 学校法人立命館\ドキュメント\研究\研究コード\code\liquid_state_spike_filter_distance_pair_inputs_rep1\pair_plots_Al_board_vs_rubber_board\Al_board_09_id251_vs_rubber_board_09_id251.png
Al_board-rubber_board,Al_board,rubber_board,9,10,251,75,0.011664620861213474,0.03502555126584398,C:\Users\haru4\OneDrive - 学校法人立命館\ドキュメント\研究\研究コード\code\liquid_state_spike_filter_distance_pair_inputs_rep1\pair_plots_Al_board_vs_rubber_board\Al_board_09_id251_vs_rubber_board_10_id75.png
Al_board-rubber_board,Al_board,rubber_board,9,11,251,48,0.011333331929761443,0.03065817778833925,C:\Users\haru4\OneDrive - 学校法人立命館\ドキュメント\研究\研究コード\code\liquid_state_spike_filter_distance_pair_inputs_rep1\pair_plots_Al_board_vs_rubber_board\Al_board_09_id251_vs_rubber_board_11_id48.png
Al_board-rubber_board,Al_board,rubber_board,9,12,251,16,0.01006708190269865,0.02489761119775291,C:\Users\haru4\OneDrive - 学校法人立命館\ドキュメント\研究\研究コード\code\liquid_state_spike_filter_distance_pair_inputs_rep1\pair_plots_Al_board_vs_rubber_board\Al_board_09_id251_vs_rubber_board_12_id16.png
Al_board-rubber_board,Al_board,rubber_board,9,13,251,200,0.008971893544888329,0.020272709109389588,C:\Users\haru4\OneDrive - 学校法人立命館\ドキュメント\研究\研究コード\code\liquid_state_spike_filter_distance_pair_inputs_rep1\pair_plots_Al_board_vs_rubber_board\Al_board_09_id251_vs_rubber_board_13_id200.png
Al_board-rubber_board,Al_board,rubber_board,9,14,251,98,0.009409567873855437,0.023260885957767655,C:\Users\haru4\OneDrive - 学校法人立命館\ドキュメント\研究\研究コード\code\liquid_state_spike_filter_distance_pair_inputs_rep1\pair_plots_Al_board_vs_rubber_board\Al_board_09_id251_vs_rubber_board_14_id98.png
Al_board-rubber_board,Al_board,rubber_board,10,0,75,227,0.013918452092712303,0.031095609477091425,C:\Users\haru4\OneDrive - 学校法人立命館\ドキュメント\研究\研究コード\code\liquid_state_spike_filter_distance_pair_inputs_rep1\pair_plots_Al_board_vs_rubber_board\Al_board_10_id75_vs_rubber_board_00_id227.png
Al_board-rubber_board,Al_board,rubber_board,10,1,75,140,0.014083516964801973,0.032113856054065526,C:\Users\haru4\OneDrive - 学校法人立命館\ドキュメント\研究\研究コード\code\liquid_state_spike_filter_distance_pair_inputs_rep1\pair_plots_Al_board_vs_rubber_board\Al_board_10_id75_vs_rubber_board_01_id140.png
Al_board-rubber_board,Al_board,rubber_board,10,2,75,224,0.016975984662893493,0.04064925329794586,C:\Users\haru4\OneDrive - 学校法人立命館\ドキュメント\研究\研究コード\code\liquid_state_spike_filter_distance_pair_inputs_rep1\pair_plots_Al_board_vs_rubber_board\Al_board_10_id75_vs_rubber_board_02_id224.png
Al_board-rubber_board,Al_board,rubber_board,10,3,75,310,0.014737975531744692,0.03735819764191654,C:\Users\haru4\OneDrive - 学校法人立命館\ドキュメント\研究\研究コード\code\liquid_state_spike_filter_distance_pair_inputs_rep1\pair_plots_Al_board_vs_rubber_board\Al_board_10_id75_vs_rubber_board_03_id310.png
Al_board-rubber_board,Al_board,rubber_board,10,4,75,180,0.015643987720297944,0.04041265092650386,C:\Users\haru4\OneDrive - 学校法人立命館\ドキュメント\研究\研究コード\code\liquid_state_spike_filter_distance_pair_inputs_rep1\pair_plots_Al_board_vs_rubber_board\Al_board_10_id75_vs_rubber_board_04_id180.png
Al_board-rubber_board,Al_board,rubber_board,10,5,75,62,0.015167558534889823,0.03156842673605597,C:\Users\haru4\OneDrive - 学校法人立命館\ドキュメント\研究\研究コード\code\liquid_state_spike_filter_distance_pair_inputs_rep1\pair_plots_Al_board_vs_rubber_board\Al_board_10_id75_vs_rubber_board_05_id62.png
Al_board-rubber_board,Al_board,rubber_board,10,6,75,266,0.015078406895821387,0.03793732987333758,C:\Users\haru4\OneDrive - 学校法人立命館\ドキュメント\研究\研究コード\code\liquid_state_spike_filter_distance_pair_inputs_rep1\pair_plots_Al_board_vs_rubber_board\Al_board_10_id75_vs_rubber_board_06_id266.png
Al_board-rubber_board,Al_board,rubber_board,10,7,75,197,0.01629519833534518,0.038762063312887465,C:\Users\haru4\OneDrive - 学校法人立命館\ドキュメント\研究\研究コード\code\liquid_state_spike_filter_distance_pair_inputs_rep1\pair_plots_Al_board_vs_rubber_board\Al_board_10_id75_vs_rubber_board_07_id197.png
Al_board-rubber_board,Al_board,rubber_board,10,8,75,165,0.013108228017731077,0.03364668983818507,C:\Users\haru4\OneDrive - 学校法人立命館\ドキュメント\研究\研究コード\code\liquid_state_spike_filter_distance_pair_inputs_rep1\pair_plots_Al_board_vs_rubber_board\Al_board_10_id75_vs_rubber_board_08_id165.png
Al_board-rubber_board,Al_board,rubber_board,10,9,75,251,0.014525020435871365,0.02863649819516146,C:\Users\haru4\OneDrive - 学校法人立命館\ドキュメント\研究\研究コード\code\liquid_state_spike_filter_distance_pair_inputs_rep1\pair_plots_Al_board_vs_rubber_board\Al_board_10_id75_vs_rubber_board_09_id251.png
Al_board-rubber_board,Al_board,rubber_board,10,10,75,75,0.01528414827287825,0.037087349861817984,C:\Users\haru4\OneDrive - 学校法人立命館\ドキュメント\研究\研究コード\code\liquid_state_spike_filter_distance_pair_inputs_rep1\pair_plots_Al_board_vs_rubber_board\Al_board_10_id75_vs_rubber_board_10_id75.png
Al_board-rubber_board,Al_board,rubber_board,10,11,75,48,0.016518116485367135,0.03882769291016971,C:\Users\haru4\OneDrive - 学校法人立命館\ドキュメント\研究\研究コード\code\liquid_state_spike_filter_distance_pair_inputs_rep1\pair_plots_Al_board_vs_rubber_board\Al_board_10_id75_vs_rubber_board_11_id48.png
Al_board-rubber_board,Al_board,rubber_board,10,12,75,16,0.013893663155108446,0.03723509297067028,C:\Users\haru4\OneDrive - 学校法人立命館\ドキュメント\研究\研究コード\code\liquid_state_spike_filter_distance_pair_inputs_rep1\pair_plots_Al_board_vs_rubber_board\Al_board_10_id75_vs_rubber_board_12_id16.png
Al_board-rubber_board,Al_board,rubber_board,10,13,75,200,0.015579308338751782,0.03335611633391821,C:\Users\haru4\OneDrive - 学校法人立命館\ドキュメント\研究\研究コード\code\liquid_state_spike_filter_distance_pair_inputs_rep1\pair_plots_Al_board_vs_rubber_board\Al_board_10_id75_vs_rubber_board_13_id200.png
Al_board-rubber_board,Al_board,rubber_board,10,14,75,98,0.012674671571635997,0.02671543591381484,C:\Users\haru4\OneDrive - 学校法人立命館\ドキュメント\研究\研究コード\code\liquid_state_spike_filter_distance_pair_inputs_rep1\pair_plots_Al_board_vs_rubber_board\Al_board_10_id75_vs_rubber_board_14_id98.png
Al_board-rubber_board,Al_board,rubber_board,11,0,48,227,0.014161284460098823,0.03518006938339626,C:\Users\haru4\OneDrive - 学校法人立命館\ドキュメント\研究\研究コード\code\liquid_state_spike_filter_distance_pair_inputs_rep1\pair_plots_Al_board_vs_rubber_board\Al_board_11_id48_vs_rubber_board_00_id227.png
Al_board-rubber_board,Al_board,rubber_board,11,1,48,140,0.012592663729086774,0.037555945098574,C:\Users\haru4\OneDrive - 学校法人立命館\ドキュメント\研究\研究コード\code\liquid_state_spike_filter_distance_pair_inputs_rep1\pair_plots_Al_board_vs_rubber_board\Al_board_11_id48_vs_rubber_board_01_id140.png
Al_board-rubber_board,Al_board,rubber_board,11,2,48,224,0.011256658695534681,0.03409332019879505,C:\Users\haru4\OneDrive - 学校法人立命館\ドキュメント\研究\研究コード\code\liquid_state_spike_filter_distance_pair_inputs_rep1\pair_plots_Al_board_vs_rubber_board\Al_board_11_id48_vs_rubber_board_02_id224.png
Al_board-rubber_board,Al_board,rubber_board,11,3,48,310,0.011749919760632426,0.03911670191897611,C:\Users\haru4\OneDrive - 学校法人立命館\ドキュメント\研究\研究コード\code\liquid_state_spike_filter_distance_pair_inputs_rep1\pair_plots_Al_board_vs_rubber_board\Al_board_11_id48_vs_rubber_board_03_id310.png
Al_board-rubber_board,Al_board,rubber_board,11,4,48,180,0.013289513662136604,0.0450799189520646,C:\Users\haru4\OneDrive - 学校法人立命館\ドキュメント\研究\研究コード\code\liquid_state_spike_filter_distance_pair_inputs_rep1\pair_plots_Al_board_vs_rubber_board\Al_board_11_id48_vs_rubber_board_04_id180.png
Al_board-rubber_board,Al_board,rubber_board,11,5,48,62,0.012291338986412294,0.02919684778675677,C:\Users\haru4\OneDrive - 学校法人立命館\ドキュメント\研究\研究コード\code\liquid_state_spike_filter_distance_pair_inputs_rep1\pair_plots_Al_board_vs_rubber_board\Al_board_11_id48_vs_rubber_board_05_id62.png
Al_board-rubber_board,Al_board,rubber_board,11,6,48,266,0.011218258521026642,0.04135021672708797,C:\Users\haru4\OneDrive - 学校法人立命館\ドキュメント\研究\研究コード\code\liquid_state_spike_filter_distance_pair_inputs_rep1\pair_plots_Al_board_vs_rubber_board\Al_board_11_id48_vs_rubber_board_06_id266.png
Al_board-rubber_board,Al_board,rubber_board,11,7,48,197,0.012703272608865251,0.03600950298863494,C:\Users\haru4\OneDrive - 学校法人立命館\ドキュメント\研究\研究コード\code\liquid_state_spike_filter_distance_pair_inputs_rep1\pair_plots_Al_board_vs_rubber_board\Al_board_11_id48_vs_rubber_board_07_id197.png
Al_board-rubber_board,Al_board,rubber_board,11,8,48,165,0.011579288707724287,0.025194987352010596,C:\Users\haru4\OneDrive - 学校法人立命館\ドキュメント\研究\研究コード\code\liquid_state_spike_filter_distance_pair_inputs_rep1\pair_plots_Al_board_vs_rubber_board\Al_board_11_id48_vs_rubber_board_08_id165.png
Al_board-rubber_board,Al_board,rubber_board,11,9,48,251,0.014924321188573526,0.038451868142417564,C:\Users\haru4\OneDrive - 学校法人立命館\ドキュメント\研究\研究コード\code\liquid_state_spike_filter_distance_pair_inputs_rep1\pair_plots_Al_board_vs_rubber_board\Al_board_11_id48_vs_rubber_board_09_id251.png
Al_board-rubber_board,Al_board,rubber_board,11,10,48,75,0.012478196778342639,0.04335781308520308,C:\Users\haru4\OneDrive - 学校法人立命館\ドキュメント\研究\研究コード\code\liquid_state_spike_filter_distance_pair_inputs_rep1\pair_plots_Al_board_vs_rubber_board\Al_board_11_id48_vs_rubber_board_10_id75.png
Al_board-rubber_board,Al_board,rubber_board,11,11,48,48,0.009315066077624121,0.024677964290108177,C:\Users\haru4\OneDrive - 学校法人立命館\ドキュメント\研究\研究コード\code\liquid_state_spike_filter_distance_pair_inputs_rep1\pair_plots_Al_board_vs_rubber_board\Al_board_11_id48_vs_rubber_board_11_id48.png
Al_board-rubber_board,Al_board,rubber_board,11,12,48,16,0.013077792637809565,0.038298291976900614,C:\Users\haru4\OneDrive - 学校法人立命館\ドキュメント\研究\研究コード\code\liquid_state_spike_filter_distance_pair_inputs_rep1\pair_plots_Al_board_vs_rubber_board\Al_board_11_id48_vs_rubber_board_12_id16.png
Al_board-rubber_board,Al_board,rubber_board,11,13,48,200,0.013834928044669336,0.03689242773463,C:\Users\haru4\OneDrive - 学校法人立命館\ドキュメント\研究\研究コード\code\liquid_state_spike_filter_distance_pair_inputs_rep1\pair_plots_Al_board_vs_rubber_board\Al_board_11_id48_vs_rubber_board_13_id200.png
Al_board-rubber_board,Al_board,rubber_board,11,14,48,98,0.012324810076787497,0.04191971957383673,C:\Users\haru4\OneDrive - 学校法人立命館\ドキュメント\研究\研究コード\code\liquid_state_spike_filter_distance_pair_inputs_rep1\pair_plots_Al_board_vs_rubber_board\Al_board_11_id48_vs_rubber_board_14_id98.png
Al_board-rubber_board,Al_board,rubber_board,12,0,16,227,0.011302872389694732,0.03065900715324923,C:\Users\haru4\OneDrive - 学校法人立命館\ドキュメント\研究\研究コード\code\liquid_state_spike_filter_distance_pair_inputs_rep1\pair_plots_Al_board_vs_rubber_board\Al_board_12_id16_vs_rubber_board_00_id227.png
Al_board-rubber_board,Al_board,rubber_board,12,1,16,140,0.011881242917211245,0.036002101287357716,C:\Users\haru4\OneDrive - 学校法人立命館\ドキュメント\研究\研究コード\code\liquid_state_spike_filter_distance_pair_inputs_rep1\pair_plots_Al_board_vs_rubber_board\Al_board_12_id16_vs_rubber_board_01_id140.png
Al_board-rubber_board,Al_board,rubber_board,12,2,16,224,0.013983195644131162,0.042338267880290444,C:\Users\haru4\OneDrive - 学校法人立命館\ドキュメント\研究\研究コード\code\liquid_state_spike_filter_distance_pair_inputs_rep1\pair_plots_Al_board_vs_rubber_board\Al_board_12_id16_vs_rubber_board_02_id224.png
Al_board-rubber_board,Al_board,rubber_board,12,3,16,310,0.013800469698334561,0.04262535392037824,C:\Users\haru4\OneDrive - 学校法人立命館\ドキュメント\研究\研究コード\code\liquid_state_spike_filter_distance_pair_inputs_rep1\pair_plots_Al_board_vs_rubber_board\Al_board_12_id16_vs_rubber_board_03_id310.png
Al_board-rubber_board,Al_board,rubber_board,12,4,16,180,0.012725109347178219,0.03862462870951571,C:\Users\haru4\OneDrive - 学校法人立命館\ドキュメント\研究\研究コード\code\liquid_state_spike_filter_distance_pair_inputs_rep1\pair_plots_Al_board_vs_rubber_board\Al_board_12_id16_vs_rubber_board_04_id180.png
Al_board-rubber_board,Al_board,rubber_board,12,5,16,62,0.013962113104628797,0.03594784784836686,C:\Users\haru4\OneDrive - 学校法人立命館\ドキュメント\研究\研究コード\code\liquid_state_spike_filter_distance_pair_inputs_rep1\pair_plots_Al_board_vs_rubber_board\Al_board_12_id16_vs_rubber_board_05_id62.png
Al_board-rubber_board,Al_board,rubber_board,12,6,16,266,0.014285706650829398,0.04447954302108771,C:\Users\haru4\OneDrive - 学校法人立命館\ドキュメント\研究\研究コード\code\liquid_state_spike_filter_distance_pair_inputs_rep1\pair_plots_Al_board_vs_rubber_board\Al_board_12_id16_vs_rubber_board_06_id266.png
Al_board-rubber_board,Al_board,rubber_board,12,7,16,197,0.01210553400441855,0.033008247147564874,C:\Users\haru4\OneDrive - 学校法人立命館\ドキュメント\研究\研究コード\code\liquid_state_spike_filter_distance_pair_inputs_rep1\pair_plots_Al_board_vs_rubber_board\Al_board_12_id16_vs_rubber_board_07_id197.png
Al_board-rubber_board,Al_board,rubber_board,12,8,16,165,0.012685878218511276,0.03193872862819577,C:\Users\haru4\OneDrive - 学校法人立命館\ドキュメント\研究\研究コード\code\liquid_state_spike_filter_distance_pair_inputs_rep1\pair_plots_Al_board_vs_rubber_board\Al_board_12_id16_vs_rubber_board_08_id165.png
Al_board-rubber_board,Al_board,rubber_board,12,9,16,251,0.012934341277073444,0.03475260827610959,C:\Users\haru4\OneDrive - 学校法人立命館\ドキュメント\研究\研究コード\code\liquid_state_spike_filter_distance_pair_inputs_rep1\pair_plots_Al_board_vs_rubber_board\Al_board_12_id16_vs_rubber_board_09_id251.png
Al_board-rubber_board,Al_board,rubber_board,12,10,16,75,0.015144059460482024,0.03418480545933901,C:\Users\haru4\OneDrive - 学校法人立命館\ドキュメント\研究\研究コード\code\liquid_state_spike_filter_distance_pair_inputs_rep1\pair_plots_Al_board_vs_rubber_board\Al_board_12_id16_vs_rubber_board_10_id75.png
Al_board-rubber_board,Al_board,rubber_board,12,11,16,48,0.014948592790809857,0.04283379695043584,C:\Users\haru4\OneDrive - 学校法人立命館\ドキュメント\研究\研究コード\code\liquid_state_spike_filter_distance_pair_inputs_rep1\pair_plots_Al_board_vs_rubber_board\Al_board_12_id16_vs_rubber_board_11_id48.png
Al_board-rubber_board,Al_board,rubber_board,12,12,16,16,0.012625806202279329,0.03228724390583355,C:\Users\haru4\OneDrive - 学校法人立命館\ドキュメント\研究\研究コード\code\liquid_state_spike_filter_distance_pair_inputs_rep1\pair_plots_Al_board_vs_rubber_board\Al_board_12_id16_vs_rubber_board_12_id16.png
Al_board-rubber_board,Al_board,rubber_board,12,13,16,200,0.011634385031513978,0.0357070465653693,C:\Users\haru4\OneDrive - 学校法人立命館\ドキュメント\研究\研究コード\code\liquid_state_spike_filter_distance_pair_inputs_rep1\pair_plots_Al_board_vs_rubber_board\Al_board_12_id16_vs_rubber_board_13_id200.png
Al_board-rubber_board,Al_board,rubber_board,12,14,16,98,0.011459771736909494,0.034224506176545905,C:\Users\haru4\OneDrive - 学校法人立命館\ドキュメント\研究\研究コード\code\liquid_state_spike_filter_distance_pair_inputs_rep1\pair_plots_Al_board_vs_rubber_board\Al_board_12_id16_vs_rubber_board_14_id98.png
Al_board-rubber_board,Al_board,rubber_board,13,0,200,227,0.010961745988897714,0.029992354313405398,C:\Users\haru4\OneDrive - 学校法人立命館\ドキュメント\研究\研究コード\code\liquid_state_spike_filter_distance_pair_inputs_rep1\pair_plots_Al_board_vs_rubber_board\Al_board_13_id200_vs_rubber_board_00_id227.png
Al_board-rubber_board,Al_board,rubber_board,13,1,200,140,0.010714209317753074,0.029214929208565003,C:\Users\haru4\OneDrive - 学校法人立命館\ドキュメント\研究\研究コード\code\liquid_state_spike_filter_distance_pair_inputs_rep1\pair_plots_Al_board_vs_rubber_board\Al_board_13_id200_vs_rubber_board_01_id140.png
Al_board-rubber_board,Al_board,rubber_board,13,2,200,224,0.007867089510472826,0.019080719682453704,C:\Users\haru4\OneDrive - 学校法人立命館\ドキュメント\研究\研究コード\code\liquid_state_spike_filter_distance_pair_inputs_rep1\pair_plots_Al_board_vs_rubber_board\Al_board_13_id200_vs_rubber_board_02_id224.png
Al_board-rubber_board,Al_board,rubber_board,13,3,200,310,0.008715287658314778,0.025357452743420626,C:\Users\haru4\OneDrive - 学校法人立命館\ドキュメント\研究\研究コード\code\liquid_state_spike_filter_distance_pair_inputs_rep1\pair_plots_Al_board_vs_rubber_board\Al_board_13_id200_vs_rubber_board_03_id310.png
Al_board-rubber_board,Al_board,rubber_board,13,4,200,180,0.009480384887723795,0.020186578354594076,C:\Users\haru4\OneDrive - 学校法人立命館\ドキュメント\研究\研究コード\code\liquid_state_spike_filter_distance_pair_inputs_rep1\pair_plots_Al_board_vs_rubber_board\Al_board_13_id200_vs_rubber_board_04_id180.png
Al_board-rubber_board,Al_board,rubber_board,13,5,200,62,0.011679894262753879,0.027344216514386052,C:\Users\haru4\OneDrive - 学校法人立命館\ドキュメント\研究\研究コード\code\liquid_state_spike_filter_distance_pair_inputs_rep1\pair_plots_Al_board_vs_rubber_board\Al_board_13_id200_vs_rubber_board_05_id62.png
Al_board-rubber_board,Al_board,rubber_board,13,6,200,266,0.007291299040810104,0.021604384789787767,C:\Users\haru4\OneDrive - 学校法人立命館\ドキュメント\研究\研究コード\code\liquid_state_spike_filter_distance_pair_inputs_rep1\pair_plots_Al_board_vs_rubber_board\Al_board_13_id200_vs_rubber_board_06_id266.png
Al_board-rubber_board,Al_board,rubber_board,13,7,200,197,0.010743741727193704,0.03279401936424209,C:\Users\haru4\OneDrive - 学校法人立命館\ドキュメント\研究\研究コード\code\liquid_state_spike_filter_distance_pair_inputs_rep1\pair_plots_Al_board_vs_rubber_board\Al_board_13_id200_vs_rubber_board_07_id197.png
Al_board-rubber_board,Al_board,rubber_board,13,8,200,165,0.010904490480509097,0.024470278087893364,C:\Users\haru4\OneDrive - 学校法人立命館\ドキュメント\研究\研究コード\code\liquid_state_spike_filter_distance_pair_inputs_rep1\pair_plots_Al_board_vs_rubber_board\Al_board_13_id200_vs_rubber_board_08_id165.png
Al_board-rubber_board,Al_board,rubber_board,13,9,200,251,0.01215950788921459,0.023647272020058716,C:\Users\haru4\OneDrive - 学校法人立命館\ドキュメント\研究\研究コード\code\liquid_state_spike_filter_distance_pair_inputs_rep1\pair_plots_Al_board_vs_rubber_board\Al_board_13_id200_vs_rubber_board_09_id251.png
Al_board-rubber_board,Al_board,rubber_board,13,10,200,75,0.013407274528239692,0.03188730031396092,C:\Users\haru4\OneDrive - 学校法人立命館\ドキュメント\研究\研究コード\code\liquid_state_spike_filter_distance_pair_inputs_rep1\pair_plots_Al_board_vs_rubber_board\Al_board_13_id200_vs_rubber_board_10_id75.png
Al_board-rubber_board,Al_board,rubber_board,13,11,200,48,0.00989903896648289,0.02774071633484517,C:\Users\haru4\OneDrive - 学校法人立命館\ドキュメント\研究\研究コード\code\liquid_state_spike_filter_distance_pair_inputs_rep1\pair_plots_Al_board_vs_rubber_board\Al_board_13_id200_vs_rubber_board_11_id48.png
Al_board-rubber_board,Al_board,rubber_board,13,12,200,16,0.010804124136301425,0.028003462637994404,C:\Users\haru4\OneDrive - 学校法人立命館\ドキュメント\研究\研究コード\code\liquid_state_spike_filter_distance_pair_inputs_rep1\pair_plots_Al_board_vs_rubber_board\Al_board_13_id200_vs_rubber_board_12_id16.png
Al_board-rubber_board,Al_board,rubber_board,13,13,200,200,0.010367401629166124,0.023123219133244225,C:\Users\haru4\OneDrive - 学校法人立命館\ドキュメント\研究\研究コード\code\liquid_state_spike_filter_distance_pair_inputs_rep1\pair_plots_Al_board_vs_rubber_board\Al_board_13_id200_vs_rubber_board_13_id200.png
Al_board-rubber_board,Al_board,rubber_board,13,14,200,98,0.010922162621137712,0.026444579334518336,C:\Users\haru4\OneDrive - 学校法人立命館\ドキュメント\研究\研究コード\code\liquid_state_spike_filter_distance_pair_inputs_rep1\pair_plots_Al_board_vs_rubber_board\Al_board_13_id200_vs_rubber_board_14_id98.png
Al_board-rubber_board,Al_board,rubber_board,14,0,98,227,0.010903613309999687,0.030701211765118138,C:\Users\haru4\OneDrive - 学校法人立命館\ドキュメント\研究\研究コード\code\liquid_state_spike_filter_distance_pair_inputs_rep1\pair_plots_Al_board_vs_rubber_board\Al_board_14_id98_vs_rubber_board_00_id227.png
Al_board-rubber_board,Al_board,rubber_board,14,1,98,140,0.011076752596203724,0.02587410474381628,C:\Users\haru4\OneDrive - 学校法人立命館\ドキュメント\研究\研究コード\code\liquid_state_spike_filter_distance_pair_inputs_rep1\pair_plots_Al_board_vs_rubber_board\Al_board_14_id98_vs_rubber_board_01_id140.png
Al_board-rubber_board,Al_board,rubber_board,14,2,98,224,0.011457311692108193,0.03249029009231401,C:\Users\haru4\OneDrive - 学校法人立命館\ドキュメント\研究\研究コード\code\liquid_state_spike_filter_distance_pair_inputs_rep1\pair_plots_Al_board_vs_rubber_board\Al_board_14_id98_vs_rubber_board_02_id224.png
Al_board-rubber_board,Al_board,rubber_board,14,3,98,310,0.010531444719260687,0.03161013202636741,C:\Users\haru4\OneDrive - 学校法人立命館\ドキュメント\研究\研究コード\code\liquid_state_spike_filter_distance_pair_inputs_rep1\pair_plots_Al_board_vs_rubber_board\Al_board_14_id98_vs_rubber_board_03_id310.png
Al_board-rubber_board,Al_board,rubber_board,14,4,98,180,0.011547540914953778,0.026551338755042744,C:\Users\haru4\OneDrive - 学校法人立命館\ドキュメント\研究\研究コード\code\liquid_state_spike_filter_distance_pair_inputs_rep1\pair_plots_Al_board_vs_rubber_board\Al_board_14_id98_vs_rubber_board_04_id180.png
Al_board-rubber_board,Al_board,rubber_board,14,5,98,62,0.012593779709162624,0.03191413072613015,C:\Users\haru4\OneDrive - 学校法人立命館\ドキュメント\研究\研究コード\code\liquid_state_spike_filter_distance_pair_inputs_rep1\pair_plots_Al_board_vs_rubber_board\Al_board_14_id98_vs_rubber_board_05_id62.png
Al_board-rubber_board,Al_board,rubber_board,14,6,98,266,0.01180779756524567,0.03585574672813051,C:\Users\haru4\OneDrive - 学校法人立命館\ドキュメント\研究\研究コード\code\liquid_state_spike_filter_distance_pair_inputs_rep1\pair_plots_Al_board_vs_rubber_board\Al_board_14_id98_vs_rubber_board_06_id266.png
Al_board-rubber_board,Al_board,rubber_board,14,7,98,197,0.009355337928295609,0.01956513252726829,C:\Users\haru4\OneDrive - 学校法人立命館\ドキュメント\研究\研究コード\code\liquid_state_spike_filter_distance_pair_inputs_rep1\pair_plots_Al_board_vs_rubber_board\Al_board_14_id98_vs_rubber_board_07_id197.png
Al_board-rubber_board,Al_board,rubber_board,14,8,98,165,0.012422568232863326,0.03328183661376158,C:\Users\haru4\OneDrive - 学校法人立命館\ドキュメント\研究\研究コード\code\liquid_state_spike_filter_distance_pair_inputs_rep1\pair_plots_Al_board_vs_rubber_board\Al_board_14_id98_vs_rubber_board_08_id165.png
Al_board-rubber_board,Al_board,rubber_board,14,9,98,251,0.011155718013883615,0.02647215072816516,C:\Users\haru4\OneDrive - 学校法人立命館\ドキュメント\研究\研究コード\code\liquid_state_spike_filter_distance_pair_inputs_rep1\pair_plots_Al_board_vs_rubber_board\Al_board_14_id98_vs_rubber_board_09_id251.png
Al_board-rubber_board,Al_board,rubber_board,14,10,98,75,0.01212601781445379,0.03447370386302409,C:\Users\haru4\OneDrive - 学校法人立命館\ドキュメント\研究\研究コード\code\liquid_state_spike_filter_distance_pair_inputs_rep1\pair_plots_Al_board_vs_rubber_board\Al_board_14_id98_vs_rubber_board_10_id75.png
Al_board-rubber_board,Al_board,rubber_board,14,11,98,48,0.012746475457258545,0.038284761037968074,C:\Users\haru4\OneDrive - 学校法人立命館\ドキュメント\研究\研究コード\code\liquid_state_spike_filter_distance_pair_inputs_rep1\pair_plots_Al_board_vs_rubber_board\Al_board_14_id98_vs_rubber_board_11_id48.png
Al_board-rubber_board,Al_board,rubber_board,14,12,98,16,0.011487330012534554,0.039300565130112,C:\Users\haru4\OneDrive - 学校法人立命館\ドキュメント\研究\研究コード\code\liquid_state_spike_filter_distance_pair_inputs_rep1\pair_plots_Al_board_vs_rubber_board\Al_board_14_id98_vs_rubber_board_12_id16.png
Al_board-rubber_board,Al_board,rubber_board,14,13,98,200,0.010550845571030027,0.026235530657306372,C:\Users\haru4\OneDrive - 学校法人立命館\ドキュメント\研究\研究コード\code\liquid_state_spike_filter_distance_pair_inputs_rep1\pair_plots_Al_board_vs_rubber_board\Al_board_14_id98_vs_rubber_board_13_id200.png
Al_board-rubber_board,Al_board,rubber_board,14,14,98,98,0.01191064223341723,0.030707541443611774,C:\Users\haru4\OneDrive - 学校法人立命館\ドキュメント\研究\研究コード\code\liquid_state_spike_filter_distance_pair_inputs_rep1\pair_plots_Al_board_vs_rubber_board\Al_board_14_id98_vs_rubber_board_14_id98.png
