pair,time_ms,SP_lin_rank,SP_lin_normalized,max_possible_rank,matrix_rows,matrix_cols,matrix_shape,center_each_time
Al_board-Al_board,0.0,0.0,0.0,29.0,30,500,30x500,True
Al_board-Al_board,1.0,0.0,0.0,29.0,30,500,30x500,True
Al_board-Al_board,2.0,0.0,0.0,29.0,30,500,30x500,True
Al_board-Al_board,3.0,0.0,0.0,29.0,30,500,30x500,True
Al_board-Al_board,4.0,2.0,0.06896551724137931,29.0,30,500,30x500,True
Al_board-Al_board,5.0,3.0,0.10344827586206896,29.0,30,500,30x500,True
Al_board-Al_board,6.0,5.0,0.1724137931034483,29.0,30,500,30x500,True
Al_board-Al_board,7.0,6.0,0.20689655172413793,29.0,30,500,30x500,True
Al_board-Al_board,8.0,9.0,0.3103448275862069,29.0,30,500,30x500,True
Al_board-Al_board,9.0,11.0,0.3793103448275862,29.0,30,500,30x500,True
Al_board-Al_board,10.0,12.0,0.41379310344827586,29.0,30,500,30x500,True
Al_board-Al_board,11.0,13.0,0.4482758620689655,29.0,30,500,30x500,True
Al_board-Al_board,12.0,13.0,0.4482758620689655,29.0,30,500,30x500,True
Al_board-Al_board,13.0,13.0,0.4482758620689655,29.0,30,500,30x500,True
Al_board-Al_board,14.0,13.0,0.4482758620689655,29.0,30,500,30x500,True
Al_board-Al_board,15.0,13.0,0.4482758620689655,29.0,30,500,30x500,True
Al_board-Al_board,16.0,14.0,0.4827586206896552,29.0,30,500,30x500,True
Al_board-Al_board,17.0,14.0,0.4827586206896552,29.0,30,500,30x500,True
Al_board-Al_board,18.0,14.0,0.4827586206896552,29.0,30,500,30x500,True
Al_board-Al_board,19.0,15.0,0.5172413793103449,29.0,30,500,30x500,True
Al_board-Al_board,20.0,15.0,0.5172413793103449,29.0,30,500,30x500,True
Al_board-Al_board,21.0,15.0,0.5172413793103449,29.0,30,500,30x500,True
Al_board-Al_board,22.0,16.0,0.5517241379310345,29.0,30,500,30x500,True
Al_board-Al_board,23.0,17.0,0.5862068965517241,29.0,30,500,30x500,True
Al_board-Al_board,24.0,17.0,0.5862068965517241,29.0,30,500,30x500,True
Al_board-Al_board,25.0,18.0,0.6206896551724138,29.0,30,500,30x500,True
Al_board-Al_board,26.0,18.0,0.6206896551724138,29.0,30,500,30x500,True
Al_board-Al_board,27.0,19.0,0.6551724137931034,29.0,30,500,30x500,True
Al_board-Al_board,28.0,19.0,0.6551724137931034,29.0,30,500,30x500,True
Al_board-Al_board,29.0,20.0,0.6896551724137931,29.0,30,500,30x500,True
Al_board-Al_board,30.0,20.0,0.6896551724137931,29.0,30,500,30x500,True
Al_board-Al_board,31.0,20.0,0.6896551724137931,29.0,30,500,30x500,True
Al_board-Al_board,32.0,20.0,0.6896551724137931,29.0,30,500,30x500,True
Al_board-Al_board,33.0,20.0,0.6896551724137931,29.0,30,500,30x500,True
Al_board-Al_board,34.0,21.0,0.7241379310344828,29.0,30,500,30x500,True
Al_board-Al_board,35.0,22.0,0.7586206896551724,29.0,30,500,30x500,True
Al_board-Al_board,36.0,22.0,0.7586206896551724,29.0,30,500,30x500,True
Al_board-Al_board,37.0,22.0,0.7586206896551724,29.0,30,500,30x500,True
Al_board-Al_board,38.0,22.0,0.7586206896551724,29.0,30,500,30x500,True
Al_board-Al_board,39.0,23.0,0.7931034482758621,29.0,30,500,30x500,True
Al_board-Al_board,40.0,24.0,0.8275862068965517,29.0,30,500,30x500,True
Al_board-Al_board,41.0,24.0,0.8275862068965517,29.0,30,500,30x500,True
Al_board-Al_board,42.0,25.0,0.8620689655172413,29.0,30,500,30x500,True
Al_board-Al_board,43.0,26.0,0.896551724137931,29.0,30,500,30x500,True
Al_board-Al_board,44.0,26.0,0.896551724137931,29.0,30,500,30x500,True
Al_board-Al_board,45.0,26.0,0.896551724137931,29.0,30,500,30x500,True
Al_board-Al_board,46.0,27.0,0.9310344827586207,29.0,30,500,30x500,True
Al_board-Al_board,47.0,27.0,0.9310344827586207,29.0,30,500,30x500,True
Al_board-Al_board,48.0,27.0,0.9310344827586207,29.0,30,500,30x500,True
Al_board-Al_board,49.0,28.0,0.9655172413793104,29.0,30,500,30x500,True
Al_board-Al_board,50.0,28.0,0.9655172413793104,29.0,30,500,30x500,True
Al_board-Al_board,51.0,29.0,1.0,29.0,30,500,30x500,True
Al_board-Al_board,52.0,29.0,1.0,29.0,30,500,30x500,True
Al_board-Al_board,53.0,29.0,1.0,29.0,30,500,30x500,True
Al_board-Al_board,54.0,29.0,1.0,29.0,30,500,30x500,True
Al_board-Al_board,55.0,29.0,1.0,29.0,30,500,30x500,True
Al_board-Al_board,56.0,29.0,1.0,29.0,30,500,30x500,True
Al_board-Al_board,57.0,29.0,1.0,29.0,30,500,30x500,True
Al_board-Al_board,58.0,29.0,1.0,29.0,30,500,30x500,True
Al_board-Al_board,59.0,29.0,1.0,29.0,30,500,30x500,True
Al_board-Al_board,60.0,29.0,1.0,29.0,30,500,30x500,True
Al_board-Al_board,61.0,29.0,1.0,29.0,30,500,30x500,True
Al_board-Al_board,62.0,29.0,1.0,29.0,30,500,30x500,True
Al_board-Al_board,63.0,29.0,1.0,29.0,30,500,30x500,True
Al_board-Al_board,64.0,29.0,1.0,29.0,30,500,30x500,True
Al_board-Al_board,65.0,29.0,1.0,29.0,30,500,30x500,True
Al_board-Al_board,66.0,29.0,1.0,29.0,30,500,30x500,True
Al_board-Al_board,67.0,29.0,1.0,29.0,30,500,30x500,True
Al_board-Al_board,68.0,29.0,1.0,29.0,30,500,30x500,True
Al_board-Al_board,69.0,29.0,1.0,29.0,30,500,30x500,True
Al_board-Al_board,70.0,29.0,1.0,29.0,30,500,30x500,True
Al_board-Al_board,71.0,29.0,1.0,29.0,30,500,30x500,True
Al_board-Al_board,72.0,29.0,1.0,29.0,30,500,30x500,True
Al_board-Al_board,73.0,29.0,1.0,29.0,30,500,30x500,True
Al_board-Al_board,74.0,29.0,1.0,29.0,30,500,30x500,True
Al_board-Al_board,75.0,29.0,1.0,29.0,30,500,30x500,True
Al_board-Al_board,76.0,29.0,1.0,29.0,30,500,30x500,True
Al_board-Al_board,77.0,29.0,1.0,29.0,30,500,30x500,True
Al_board-Al_board,78.0,29.0,1.0,29.0,30,500,30x500,True
Al_board-Al_board,79.0,29.0,1.0,29.0,30,500,30x500,True
Al_board-Al_board,80.0,29.0,1.0,29.0,30,500,30x500,True
Al_board-Al_board,81.0,29.0,1.0,29.0,30,500,30x500,True
Al_board-Al_board,82.0,29.0,1.0,29.0,30,500,30x500,True
Al_board-Al_board,83.0,29.0,1.0,29.0,30,500,30x500,True
Al_board-Al_board,84.0,29.0,1.0,29.0,30,500,30x500,True
Al_board-Al_board,85.0,29.0,1.0,29.0,30,500,30x500,True
Al_board-Al_board,86.0,29.0,1.0,29.0,30,500,30x500,True
Al_board-Al_board,87.0,29.0,1.0,29.0,30,500,30x500,True
Al_board-Al_board,88.0,29.0,1.0,29.0,30,500,30x500,True
Al_board-Al_board,89.0,29.0,1.0,29.0,30,500,30x500,True
Al_board-Al_board,90.0,29.0,1.0,29.0,30,500,30x500,True
Al_board-Al_board,91.0,29.0,1.0,29.0,30,500,30x500,True
Al_board-Al_board,92.0,29.0,1.0,29.0,30,500,30x500,True
Al_board-Al_board,93.0,29.0,1.0,29.0,30,500,30x500,True
Al_board-Al_board,94.0,29.0,1.0,29.0,30,500,30x500,True
Al_board-Al_board,95.0,29.0,1.0,29.0,30,500,30x500,True
Al_board-Al_board,96.0,29.0,1.0,29.0,30,500,30x500,True
Al_board-Al_board,97.0,29.0,1.0,29.0,30,500,30x500,True
Al_board-Al_board,98.0,29.0,1.0,29.0,30,500,30x500,True
Al_board-Al_board,99.0,29.0,1.0,29.0,30,500,30x500,True
Al_board-Al_board,100.0,29.0,1.0,29.0,30,500,30x500,True
Al_board-Al_board,101.0,29.0,1.0,29.0,30,500,30x500,True
Al_board-Al_board,102.0,29.0,1.0,29.0,30,500,30x500,True
Al_board-Al_board,103.0,29.0,1.0,29.0,30,500,30x500,True
Al_board-Al_board,104.0,29.0,1.0,29.0,30,500,30x500,True
Al_board-Al_board,105.0,29.0,1.0,29.0,30,500,30x500,True
Al_board-Al_board,106.0,29.0,1.0,29.0,30,500,30x500,True
Al_board-Al_board,107.0,29.0,1.0,29.0,30,500,30x500,True
Al_board-Al_board,108.0,29.0,1.0,29.0,30,500,30x500,True
Al_board-Al_board,109.0,29.0,1.0,29.0,30,500,30x500,True
Al_board-Al_board,110.0,29.0,1.0,29.0,30,500,30x500,True
Al_board-Al_board,111.0,29.0,1.0,29.0,30,500,30x500,True
Al_board-Al_board,112.0,29.0,1.0,29.0,30,500,30x500,True
Al_board-Al_board,113.0,29.0,1.0,29.0,30,500,30x500,True
Al_board-Al_board,114.0,29.0,1.0,29.0,30,500,30x500,True
Al_board-Al_board,115.0,29.0,1.0,29.0,30,500,30x500,True
Al_board-Al_board,116.0,29.0,1.0,29.0,30,500,30x500,True
Al_board-Al_board,117.0,29.0,1.0,29.0,30,500,30x500,True
Al_board-Al_board,118.0,29.0,1.0,29.0,30,500,30x500,True
Al_board-Al_board,119.0,29.0,1.0,29.0,30,500,30x500,True
Al_board-Al_board,120.0,29.0,1.0,29.0,30,500,30x500,True
Al_board-Al_board,121.0,29.0,1.0,29.0,30,500,30x500,True
Al_board-Al_board,122.0,29.0,1.0,29.0,30,500,30x500,True
Al_board-Al_board,123.0,29.0,1.0,29.0,30,500,30x500,True
Al_board-Al_board,124.0,29.0,1.0,29.0,30,500,30x500,True
Al_board-Al_board,125.0,29.0,1.0,29.0,30,500,30x500,True
Al_board-Al_board,126.0,29.0,1.0,29.0,30,500,30x500,True
Al_board-Al_board,127.0,29.0,1.0,29.0,30,500,30x500,True
Al_board-Al_board,128.0,29.0,1.0,29.0,30,500,30x500,True
Al_board-Al_board,129.0,29.0,1.0,29.0,30,500,30x500,True
Al_board-Al_board,130.0,29.0,1.0,29.0,30,500,30x500,True
Al_board-Al_board,131.0,29.0,1.0,29.0,30,500,30x500,True
Al_board-Al_board,132.0,29.0,1.0,29.0,30,500,30x500,True
Al_board-Al_board,133.0,29.0,1.0,29.0,30,500,30x500,True
Al_board-Al_board,134.0,29.0,1.0,29.0,30,500,30x500,True
Al_board-Al_board,135.0,29.0,1.0,29.0,30,500,30x500,True
Al_board-Al_board,136.0,29.0,1.0,29.0,30,500,30x500,True
Al_board-Al_board,137.0,29.0,1.0,29.0,30,500,30x500,True
Al_board-Al_board,138.0,29.0,1.0,29.0,30,500,30x500,True
Al_board-Al_board,139.0,29.0,1.0,29.0,30,500,30x500,True
Al_board-Al_board,140.0,29.0,1.0,29.0,30,500,30x500,True
Al_board-Al_board,141.0,29.0,1.0,29.0,30,500,30x500,True
Al_board-Al_board,142.0,29.0,1.0,29.0,30,500,30x500,True
Al_board-Al_board,143.0,29.0,1.0,29.0,30,500,30x500,True
Al_board-Al_board,144.0,29.0,1.0,29.0,30,500,30x500,True
Al_board-Al_board,145.0,29.0,1.0,29.0,30,500,30x500,True
Al_board-Al_board,146.0,29.0,1.0,29.0,30,500,30x500,True
Al_board-Al_board,147.0,29.0,1.0,29.0,30,500,30x500,True
Al_board-Al_board,148.0,29.0,1.0,29.0,30,500,30x500,True
Al_board-Al_board,149.0,29.0,1.0,29.0,30,500,30x500,True
Al_board-Al_board,150.0,29.0,1.0,29.0,30,500,30x500,True
Al_board-Al_board,151.0,29.0,1.0,29.0,30,500,30x500,True
Al_board-Al_board,152.0,29.0,1.0,29.0,30,500,30x500,True
Al_board-Al_board,153.0,29.0,1.0,29.0,30,500,30x500,True
Al_board-Al_board,154.0,29.0,1.0,29.0,30,500,30x500,True
Al_board-Al_board,155.0,29.0,1.0,29.0,30,500,30x500,True
Al_board-Al_board,156.0,29.0,1.0,29.0,30,500,30x500,True
Al_board-Al_board,157.0,29.0,1.0,29.0,30,500,30x500,True
Al_board-Al_board,158.0,29.0,1.0,29.0,30,500,30x500,True
Al_board-Al_board,159.0,29.0,1.0,29.0,30,500,30x500,True
Al_board-Al_board,160.0,29.0,1.0,29.0,30,500,30x500,True
Al_board-Al_board,161.0,29.0,1.0,29.0,30,500,30x500,True
Al_board-Al_board,162.0,29.0,1.0,29.0,30,500,30x500,True
Al_board-Al_board,163.0,29.0,1.0,29.0,30,500,30x500,True
Al_board-Al_board,164.0,29.0,1.0,29.0,30,500,30x500,True
Al_board-Al_board,165.0,29.0,1.0,29.0,30,500,30x500,True
Al_board-Al_board,166.0,29.0,1.0,29.0,30,500,30x500,True
Al_board-Al_board,167.0,29.0,1.0,29.0,30,500,30x500,True
Al_board-Al_board,168.0,29.0,1.0,29.0,30,500,30x500,True
Al_board-Al_board,169.0,29.0,1.0,29.0,30,500,30x500,True
Al_board-Al_board,170.0,29.0,1.0,29.0,30,500,30x500,True
Al_board-Al_board,171.0,29.0,1.0,29.0,30,500,30x500,True
Al_board-Al_board,172.0,29.0,1.0,29.0,30,500,30x500,True
Al_board-Al_board,173.0,29.0,1.0,29.0,30,500,30x500,True
Al_board-Al_board,174.0,29.0,1.0,29.0,30,500,30x500,True
Al_board-Al_board,175.0,29.0,1.0,29.0,30,500,30x500,True
Al_board-Al_board,176.0,29.0,1.0,29.0,30,500,30x500,True
Al_board-Al_board,177.0,29.0,1.0,29.0,30,500,30x500,True
Al_board-Al_board,178.0,29.0,1.0,29.0,30,500,30x500,True
Al_board-Al_board,179.0,29.0,1.0,29.0,30,500,30x500,True
Al_board-Al_board,180.0,29.0,1.0,29.0,30,500,30x500,True
Al_board-Al_board,181.0,29.0,1.0,29.0,30,500,30x500,True
Al_board-Al_board,182.0,29.0,1.0,29.0,30,500,30x500,True
Al_board-Al_board,183.0,29.0,1.0,29.0,30,500,30x500,True
Al_board-Al_board,184.0,29.0,1.0,29.0,30,500,30x500,True
Al_board-Al_board,185.0,29.0,1.0,29.0,30,500,30x500,True
Al_board-Al_board,186.0,29.0,1.0,29.0,30,500,30x500,True
Al_board-Al_board,187.0,29.0,1.0,29.0,30,500,30x500,True
Al_board-Al_board,188.0,29.0,1.0,29.0,30,500,30x500,True
Al_board-Al_board,189.0,29.0,1.0,29.0,30,500,30x500,True
Al_board-Al_board,190.0,29.0,1.0,29.0,30,500,30x500,True
Al_board-Al_board,191.0,29.0,1.0,29.0,30,500,30x500,True
Al_board-Al_board,192.0,29.0,1.0,29.0,30,500,30x500,True
Al_board-Al_board,193.0,29.0,1.0,29.0,30,500,30x500,True
Al_board-Al_board,194.0,29.0,1.0,29.0,30,500,30x500,True
Al_board-Al_board,195.0,29.0,1.0,29.0,30,500,30x500,True
Al_board-Al_board,196.0,29.0,1.0,29.0,30,500,30x500,True
Al_board-Al_board,197.0,29.0,1.0,29.0,30,500,30x500,True
Al_board-Al_board,198.0,29.0,1.0,29.0,30,500,30x500,True
Al_board-Al_board,199.0,29.0,1.0,29.0,30,500,30x500,True
Al_board-Al_board,200.0,29.0,1.0,29.0,30,500,30x500,True
Al_board-Al_board,201.0,29.0,1.0,29.0,30,500,30x500,True
Al_board-Al_board,202.0,29.0,1.0,29.0,30,500,30x500,True
Al_board-Al_board,203.0,29.0,1.0,29.0,30,500,30x500,True
Al_board-Al_board,204.0,29.0,1.0,29.0,30,500,30x500,True
Al_board-Al_board,205.0,29.0,1.0,29.0,30,500,30x500,True
Al_board-Al_board,206.0,29.0,1.0,29.0,30,500,30x500,True
Al_board-Al_board,207.0,29.0,1.0,29.0,30,500,30x500,True
Al_board-Al_board,208.0,29.0,1.0,29.0,30,500,30x500,True
Al_board-Al_board,209.0,29.0,1.0,29.0,30,500,30x500,True
Al_board-Al_board,210.0,29.0,1.0,29.0,30,500,30x500,True
Al_board-Al_board,211.0,29.0,1.0,29.0,30,500,30x500,True
Al_board-Al_board,212.0,29.0,1.0,29.0,30,500,30x500,True
Al_board-Al_board,213.0,29.0,1.0,29.0,30,500,30x500,True
Al_board-Al_board,214.0,29.0,1.0,29.0,30,500,30x500,True
Al_board-Al_board,215.0,29.0,1.0,29.0,30,500,30x500,True
Al_board-Al_board,216.0,29.0,1.0,29.0,30,500,30x500,True
Al_board-Al_board,217.0,29.0,1.0,29.0,30,500,30x500,True
Al_board-Al_board,218.0,29.0,1.0,29.0,30,500,30x500,True
Al_board-Al_board,219.0,29.0,1.0,29.0,30,500,30x500,True
Al_board-Al_board,220.0,29.0,1.0,29.0,30,500,30x500,True
Al_board-Al_board,221.0,29.0,1.0,29.0,30,500,30x500,True
Al_board-Al_board,222.0,29.0,1.0,29.0,30,500,30x500,True
Al_board-Al_board,223.0,29.0,1.0,29.0,30,500,30x500,True
Al_board-Al_board,224.0,29.0,1.0,29.0,30,500,30x500,True
Al_board-Al_board,225.0,29.0,1.0,29.0,30,500,30x500,True
Al_board-Al_board,226.0,29.0,1.0,29.0,30,500,30x500,True
Al_board-Al_board,227.0,29.0,1.0,29.0,30,500,30x500,True
Al_board-Al_board,228.0,29.0,1.0,29.0,30,500,30x500,True
Al_board-Al_board,229.0,29.0,1.0,29.0,30,500,30x500,True
Al_board-Al_board,230.0,29.0,1.0,29.0,30,500,30x500,True
Al_board-Al_board,231.0,29.0,1.0,29.0,30,500,30x500,True
Al_board-Al_board,232.0,29.0,1.0,29.0,30,500,30x500,True
Al_board-Al_board,233.0,29.0,1.0,29.0,30,500,30x500,True
Al_board-Al_board,234.0,29.0,1.0,29.0,30,500,30x500,True
Al_board-Al_board,235.0,29.0,1.0,29.0,30,500,30x500,True
Al_board-Al_board,236.0,29.0,1.0,29.0,30,500,30x500,True
Al_board-Al_board,237.0,29.0,1.0,29.0,30,500,30x500,True
Al_board-Al_board,238.0,29.0,1.0,29.0,30,500,30x500,True
Al_board-Al_board,239.0,29.0,1.0,29.0,30,500,30x500,True
Al_board-Al_board,240.0,29.0,1.0,29.0,30,500,30x500,True
Al_board-Al_board,241.0,29.0,1.0,29.0,30,500,30x500,True
Al_board-Al_board,242.0,29.0,1.0,29.0,30,500,30x500,True
Al_board-Al_board,243.0,29.0,1.0,29.0,30,500,30x500,True
Al_board-Al_board,244.0,29.0,1.0,29.0,30,500,30x500,True
Al_board-Al_board,245.0,29.0,1.0,29.0,30,500,30x500,True
Al_board-Al_board,246.0,29.0,1.0,29.0,30,500,30x500,True
Al_board-Al_board,247.0,29.0,1.0,29.0,30,500,30x500,True
Al_board-Al_board,248.0,29.0,1.0,29.0,30,500,30x500,True
Al_board-Al_board,249.0,29.0,1.0,29.0,30,500,30x500,True
Al_board-Al_board,250.0,29.0,1.0,29.0,30,500,30x500,True
Al_board-Al_board,251.0,29.0,1.0,29.0,30,500,30x500,True
Al_board-Al_board,252.0,29.0,1.0,29.0,30,500,30x500,True
Al_board-Al_board,253.0,29.0,1.0,29.0,30,500,30x500,True
Al_board-Al_board,254.0,29.0,1.0,29.0,30,500,30x500,True
Al_board-Al_board,255.0,29.0,1.0,29.0,30,500,30x500,True
Al_board-Al_board,256.0,29.0,1.0,29.0,30,500,30x500,True
Al_board-Al_board,257.0,29.0,1.0,29.0,30,500,30x500,True
Al_board-Al_board,258.0,29.0,1.0,29.0,30,500,30x500,True
Al_board-Al_board,259.0,29.0,1.0,29.0,30,500,30x500,True
Al_board-Al_board,260.0,29.0,1.0,29.0,30,500,30x500,True
Al_board-Al_board,261.0,29.0,1.0,29.0,30,500,30x500,True
Al_board-Al_board,262.0,29.0,1.0,29.0,30,500,30x500,True
Al_board-Al_board,263.0,29.0,1.0,29.0,30,500,30x500,True
Al_board-Al_board,264.0,29.0,1.0,29.0,30,500,30x500,True
Al_board-Al_board,265.0,29.0,1.0,29.0,30,500,30x500,True
Al_board-Al_board,266.0,29.0,1.0,29.0,30,500,30x500,True
Al_board-Al_board,267.0,29.0,1.0,29.0,30,500,30x500,True
Al_board-Al_board,268.0,29.0,1.0,29.0,30,500,30x500,True
Al_board-Al_board,269.0,29.0,1.0,29.0,30,500,30x500,True
Al_board-Al_board,270.0,29.0,1.0,29.0,30,500,30x500,True
Al_board-Al_board,271.0,29.0,1.0,29.0,30,500,30x500,True
Al_board-Al_board,272.0,29.0,1.0,29.0,30,500,30x500,True
Al_board-Al_board,273.0,29.0,1.0,29.0,30,500,30x500,True
Al_board-Al_board,274.0,29.0,1.0,29.0,30,500,30x500,True
Al_board-Al_board,275.0,29.0,1.0,29.0,30,500,30x500,True
Al_board-Al_board,276.0,29.0,1.0,29.0,30,500,30x500,True
Al_board-Al_board,277.0,29.0,1.0,29.0,30,500,30x500,True
Al_board-Al_board,278.0,29.0,1.0,29.0,30,500,30x500,True
Al_board-Al_board,279.0,29.0,1.0,29.0,30,500,30x500,True
Al_board-Al_board,280.0,29.0,1.0,29.0,30,500,30x500,True
Al_board-Al_board,281.0,29.0,1.0,29.0,30,500,30x500,True
Al_board-Al_board,282.0,29.0,1.0,29.0,30,500,30x500,True
Al_board-Al_board,283.0,29.0,1.0,29.0,30,500,30x500,True
Al_board-Al_board,284.0,29.0,1.0,29.0,30,500,30x500,True
Al_board-Al_board,285.0,29.0,1.0,29.0,30,500,30x500,True
Al_board-Al_board,286.0,29.0,1.0,29.0,30,500,30x500,True
Al_board-Al_board,287.0,29.0,1.0,29.0,30,500,30x500,True
Al_board-Al_board,288.0,29.0,1.0,29.0,30,500,30x500,True
Al_board-Al_board,289.0,29.0,1.0,29.0,30,500,30x500,True
Al_board-Al_board,290.0,29.0,1.0,29.0,30,500,30x500,True
Al_board-Al_board,291.0,29.0,1.0,29.0,30,500,30x500,True
Al_board-Al_board,292.0,29.0,1.0,29.0,30,500,30x500,True
Al_board-Al_board,293.0,29.0,1.0,29.0,30,500,30x500,True
Al_board-Al_board,294.0,29.0,1.0,29.0,30,500,30x500,True
Al_board-Al_board,295.0,29.0,1.0,29.0,30,500,30x500,True
Al_board-Al_board,296.0,29.0,1.0,29.0,30,500,30x500,True
Al_board-Al_board,297.0,29.0,1.0,29.0,30,500,30x500,True
Al_board-Al_board,298.0,29.0,1.0,29.0,30,500,30x500,True
Al_board-Al_board,299.0,29.0,1.0,29.0,30,500,30x500,True
Al_board-Al_board,300.0,29.0,1.0,29.0,30,500,30x500,True
Al_board-Al_board,301.0,29.0,1.0,29.0,30,500,30x500,True
Al_board-Al_board,302.0,29.0,1.0,29.0,30,500,30x500,True
Al_board-Al_board,303.0,29.0,1.0,29.0,30,500,30x500,True
Al_board-Al_board,304.0,29.0,1.0,29.0,30,500,30x500,True
Al_board-Al_board,305.0,29.0,1.0,29.0,30,500,30x500,True
Al_board-Al_board,306.0,29.0,1.0,29.0,30,500,30x500,True
Al_board-Al_board,307.0,29.0,1.0,29.0,30,500,30x500,True
Al_board-Al_board,308.0,29.0,1.0,29.0,30,500,30x500,True
Al_board-Al_board,309.0,29.0,1.0,29.0,30,500,30x500,True
Al_board-Al_board,310.0,29.0,1.0,29.0,30,500,30x500,True
Al_board-Al_board,311.0,29.0,1.0,29.0,30,500,30x500,True
Al_board-Al_board,312.0,29.0,1.0,29.0,30,500,30x500,True
Al_board-Al_board,313.0,29.0,1.0,29.0,30,500,30x500,True
Al_board-Al_board,314.0,29.0,1.0,29.0,30,500,30x500,True
Al_board-Al_board,315.0,29.0,1.0,29.0,30,500,30x500,True
Al_board-Al_board,316.0,29.0,1.0,29.0,30,500,30x500,True
Al_board-Al_board,317.0,29.0,1.0,29.0,30,500,30x500,True
Al_board-Al_board,318.0,29.0,1.0,29.0,30,500,30x500,True
Al_board-Al_board,319.0,29.0,1.0,29.0,30,500,30x500,True
Al_board-Al_board,320.0,29.0,1.0,29.0,30,500,30x500,True
Al_board-Al_board,321.0,29.0,1.0,29.0,30,500,30x500,True
Al_board-Al_board,322.0,29.0,1.0,29.0,30,500,30x500,True
Al_board-Al_board,323.0,29.0,1.0,29.0,30,500,30x500,True
Al_board-Al_board,324.0,29.0,1.0,29.0,30,500,30x500,True
Al_board-Al_board,325.0,29.0,1.0,29.0,30,500,30x500,True
Al_board-Al_board,326.0,29.0,1.0,29.0,30,500,30x500,True
Al_board-Al_board,327.0,29.0,1.0,29.0,30,500,30x500,True
Al_board-Al_board,328.0,29.0,1.0,29.0,30,500,30x500,True
Al_board-Al_board,329.0,29.0,1.0,29.0,30,500,30x500,True
Al_board-Al_board,330.0,29.0,1.0,29.0,30,500,30x500,True
Al_board-Al_board,331.0,29.0,1.0,29.0,30,500,30x500,True
Al_board-Al_board,332.0,29.0,1.0,29.0,30,500,30x500,True
Al_board-Al_board,333.0,29.0,1.0,29.0,30,500,30x500,True
Al_board-Al_board,334.0,29.0,1.0,29.0,30,500,30x500,True
Al_board-Al_board,335.0,29.0,1.0,29.0,30,500,30x500,True
Al_board-Al_board,336.0,29.0,1.0,29.0,30,500,30x500,True
Al_board-Al_board,337.0,29.0,1.0,29.0,30,500,30x500,True
Al_board-Al_board,338.0,29.0,1.0,29.0,30,500,30x500,True
Al_board-Al_board,339.0,29.0,1.0,29.0,30,500,30x500,True
Al_board-Al_board,340.0,29.0,1.0,29.0,30,500,30x500,True
Al_board-Al_board,341.0,29.0,1.0,29.0,30,500,30x500,True
Al_board-Al_board,342.0,29.0,1.0,29.0,30,500,30x500,True
Al_board-Al_board,343.0,29.0,1.0,29.0,30,500,30x500,True
Al_board-Al_board,344.0,29.0,1.0,29.0,30,500,30x500,True
Al_board-Al_board,345.0,29.0,1.0,29.0,30,500,30x500,True
Al_board-Al_board,346.0,29.0,1.0,29.0,30,500,30x500,True
Al_board-Al_board,347.0,29.0,1.0,29.0,30,500,30x500,True
Al_board-Al_board,348.0,29.0,1.0,29.0,30,500,30x500,True
Al_board-Al_board,349.0,29.0,1.0,29.0,30,500,30x500,True
Al_board-Al_board,350.0,29.0,1.0,29.0,30,500,30x500,True
Al_board-Al_board,351.0,29.0,1.0,29.0,30,500,30x500,True
Al_board-Al_board,352.0,29.0,1.0,29.0,30,500,30x500,True
Al_board-Al_board,353.0,29.0,1.0,29.0,30,500,30x500,True
Al_board-Al_board,354.0,29.0,1.0,29.0,30,500,30x500,True
Al_board-Al_board,355.0,29.0,1.0,29.0,30,500,30x500,True
Al_board-Al_board,356.0,29.0,1.0,29.0,30,500,30x500,True
Al_board-Al_board,357.0,29.0,1.0,29.0,30,500,30x500,True
Al_board-Al_board,358.0,29.0,1.0,29.0,30,500,30x500,True
Al_board-Al_board,359.0,29.0,1.0,29.0,30,500,30x500,True
Al_board-Al_board,360.0,29.0,1.0,29.0,30,500,30x500,True
Al_board-Al_board,361.0,29.0,1.0,29.0,30,500,30x500,True
Al_board-Al_board,362.0,29.0,1.0,29.0,30,500,30x500,True
Al_board-Al_board,363.0,29.0,1.0,29.0,30,500,30x500,True
Al_board-Al_board,364.0,29.0,1.0,29.0,30,500,30x500,True
Al_board-Al_board,365.0,29.0,1.0,29.0,30,500,30x500,True
Al_board-Al_board,366.0,29.0,1.0,29.0,30,500,30x500,True
Al_board-Al_board,367.0,29.0,1.0,29.0,30,500,30x500,True
Al_board-Al_board,368.0,29.0,1.0,29.0,30,500,30x500,True
Al_board-Al_board,369.0,29.0,1.0,29.0,30,500,30x500,True
Al_board-Al_board,370.0,29.0,1.0,29.0,30,500,30x500,True
Al_board-Al_board,371.0,29.0,1.0,29.0,30,500,30x500,True
Al_board-Al_board,372.0,29.0,1.0,29.0,30,500,30x500,True
Al_board-Al_board,373.0,29.0,1.0,29.0,30,500,30x500,True
Al_board-Al_board,374.0,29.0,1.0,29.0,30,500,30x500,True
Al_board-Al_board,375.0,29.0,1.0,29.0,30,500,30x500,True
Al_board-Al_board,376.0,29.0,1.0,29.0,30,500,30x500,True
Al_board-Al_board,377.0,29.0,1.0,29.0,30,500,30x500,True
Al_board-Al_board,378.0,29.0,1.0,29.0,30,500,30x500,True
Al_board-Al_board,379.0,29.0,1.0,29.0,30,500,30x500,True
Al_board-Al_board,380.0,29.0,1.0,29.0,30,500,30x500,True
Al_board-Al_board,381.0,29.0,1.0,29.0,30,500,30x500,True
Al_board-Al_board,382.0,29.0,1.0,29.0,30,500,30x500,True
Al_board-Al_board,383.0,29.0,1.0,29.0,30,500,30x500,True
Al_board-Al_board,384.0,29.0,1.0,29.0,30,500,30x500,True
Al_board-Al_board,385.0,29.0,1.0,29.0,30,500,30x500,True
Al_board-Al_board,386.0,29.0,1.0,29.0,30,500,30x500,True
Al_board-Al_board,387.0,29.0,1.0,29.0,30,500,30x500,True
Al_board-Al_board,388.0,29.0,1.0,29.0,30,500,30x500,True
Al_board-Al_board,389.0,29.0,1.0,29.0,30,500,30x500,True
Al_board-Al_board,390.0,29.0,1.0,29.0,30,500,30x500,True
Al_board-Al_board,391.0,29.0,1.0,29.0,30,500,30x500,True
Al_board-Al_board,392.0,29.0,1.0,29.0,30,500,30x500,True
Al_board-Al_board,393.0,29.0,1.0,29.0,30,500,30x500,True
Al_board-Al_board,394.0,29.0,1.0,29.0,30,500,30x500,True
Al_board-Al_board,395.0,29.0,1.0,29.0,30,500,30x500,True
Al_board-Al_board,396.0,29.0,1.0,29.0,30,500,30x500,True
Al_board-Al_board,397.0,29.0,1.0,29.0,30,500,30x500,True
Al_board-Al_board,398.0,29.0,1.0,29.0,30,500,30x500,True
Al_board-Al_board,399.0,29.0,1.0,29.0,30,500,30x500,True
Al_board-Al_board,400.0,29.0,1.0,29.0,30,500,30x500,True
Al_board-Al_board,401.0,29.0,1.0,29.0,30,500,30x500,True
Al_board-Al_board,402.0,29.0,1.0,29.0,30,500,30x500,True
Al_board-Al_board,403.0,29.0,1.0,29.0,30,500,30x500,True
Al_board-Al_board,404.0,29.0,1.0,29.0,30,500,30x500,True
Al_board-Al_board,405.0,29.0,1.0,29.0,30,500,30x500,True
Al_board-Al_board,406.0,29.0,1.0,29.0,30,500,30x500,True
Al_board-Al_board,407.0,29.0,1.0,29.0,30,500,30x500,True
Al_board-Al_board,408.0,29.0,1.0,29.0,30,500,30x500,True
Al_board-Al_board,409.0,29.0,1.0,29.0,30,500,30x500,True
Al_board-Al_board,410.0,29.0,1.0,29.0,30,500,30x500,True
Al_board-Al_board,411.0,29.0,1.0,29.0,30,500,30x500,True
Al_board-Al_board,412.0,29.0,1.0,29.0,30,500,30x500,True
Al_board-Al_board,413.0,29.0,1.0,29.0,30,500,30x500,True
Al_board-Al_board,414.0,29.0,1.0,29.0,30,500,30x500,True
Al_board-Al_board,415.0,29.0,1.0,29.0,30,500,30x500,True
Al_board-Al_board,416.0,29.0,1.0,29.0,30,500,30x500,True
Al_board-Al_board,417.0,29.0,1.0,29.0,30,500,30x500,True
Al_board-Al_board,418.0,29.0,1.0,29.0,30,500,30x500,True
Al_board-Al_board,419.0,29.0,1.0,29.0,30,500,30x500,True
Al_board-Al_board,420.0,29.0,1.0,29.0,30,500,30x500,True
Al_board-Al_board,421.0,29.0,1.0,29.0,30,500,30x500,True
Al_board-Al_board,422.0,29.0,1.0,29.0,30,500,30x500,True
Al_board-Al_board,423.0,29.0,1.0,29.0,30,500,30x500,True
Al_board-Al_board,424.0,29.0,1.0,29.0,30,500,30x500,True
Al_board-Al_board,425.0,29.0,1.0,29.0,30,500,30x500,True
Al_board-Al_board,426.0,29.0,1.0,29.0,30,500,30x500,True
Al_board-Al_board,427.0,29.0,1.0,29.0,30,500,30x500,True
Al_board-Al_board,428.0,29.0,1.0,29.0,30,500,30x500,True
Al_board-Al_board,429.0,29.0,1.0,29.0,30,500,30x500,True
Al_board-Al_board,430.0,29.0,1.0,29.0,30,500,30x500,True
Al_board-Al_board,431.0,29.0,1.0,29.0,30,500,30x500,True
Al_board-Al_board,432.0,29.0,1.0,29.0,30,500,30x500,True
Al_board-Al_board,433.0,29.0,1.0,29.0,30,500,30x500,True
Al_board-Al_board,434.0,29.0,1.0,29.0,30,500,30x500,True
Al_board-Al_board,435.0,29.0,1.0,29.0,30,500,30x500,True
Al_board-Al_board,436.0,29.0,1.0,29.0,30,500,30x500,True
Al_board-Al_board,437.0,29.0,1.0,29.0,30,500,30x500,True
Al_board-Al_board,438.0,29.0,1.0,29.0,30,500,30x500,True
Al_board-Al_board,439.0,29.0,1.0,29.0,30,500,30x500,True
Al_board-Al_board,440.0,29.0,1.0,29.0,30,500,30x500,True
Al_board-Al_board,441.0,29.0,1.0,29.0,30,500,30x500,True
Al_board-Al_board,442.0,29.0,1.0,29.0,30,500,30x500,True
Al_board-Al_board,443.0,29.0,1.0,29.0,30,500,30x500,True
Al_board-Al_board,444.0,29.0,1.0,29.0,30,500,30x500,True
Al_board-Al_board,445.0,29.0,1.0,29.0,30,500,30x500,True
Al_board-Al_board,446.0,29.0,1.0,29.0,30,500,30x500,True
Al_board-Al_board,447.0,29.0,1.0,29.0,30,500,30x500,True
Al_board-Al_board,448.0,29.0,1.0,29.0,30,500,30x500,True
Al_board-Al_board,449.0,29.0,1.0,29.0,30,500,30x500,True
Al_board-Al_board,450.0,29.0,1.0,29.0,30,500,30x500,True
Al_board-Al_board,451.0,29.0,1.0,29.0,30,500,30x500,True
Al_board-Al_board,452.0,29.0,1.0,29.0,30,500,30x500,True
Al_board-Al_board,453.0,29.0,1.0,29.0,30,500,30x500,True
Al_board-Al_board,454.0,29.0,1.0,29.0,30,500,30x500,True
Al_board-Al_board,455.0,29.0,1.0,29.0,30,500,30x500,True
Al_board-Al_board,456.0,29.0,1.0,29.0,30,500,30x500,True
Al_board-Al_board,457.0,29.0,1.0,29.0,30,500,30x500,True
Al_board-Al_board,458.0,29.0,1.0,29.0,30,500,30x500,True
Al_board-Al_board,459.0,29.0,1.0,29.0,30,500,30x500,True
Al_board-Al_board,460.0,29.0,1.0,29.0,30,500,30x500,True
Al_board-Al_board,461.0,29.0,1.0,29.0,30,500,30x500,True
Al_board-Al_board,462.0,29.0,1.0,29.0,30,500,30x500,True
Al_board-Al_board,463.0,29.0,1.0,29.0,30,500,30x500,True
Al_board-Al_board,464.0,29.0,1.0,29.0,30,500,30x500,True
Al_board-Al_board,465.0,29.0,1.0,29.0,30,500,30x500,True
Al_board-Al_board,466.0,29.0,1.0,29.0,30,500,30x500,True
Al_board-Al_board,467.0,29.0,1.0,29.0,30,500,30x500,True
Al_board-Al_board,468.0,29.0,1.0,29.0,30,500,30x500,True
Al_board-Al_board,469.0,29.0,1.0,29.0,30,500,30x500,True
Al_board-Al_board,470.0,29.0,1.0,29.0,30,500,30x500,True
Al_board-Al_board,471.0,29.0,1.0,29.0,30,500,30x500,True
Al_board-Al_board,472.0,29.0,1.0,29.0,30,500,30x500,True
Al_board-Al_board,473.0,29.0,1.0,29.0,30,500,30x500,True
Al_board-Al_board,474.0,29.0,1.0,29.0,30,500,30x500,True
Al_board-Al_board,475.0,29.0,1.0,29.0,30,500,30x500,True
Al_board-Al_board,476.0,29.0,1.0,29.0,30,500,30x500,True
Al_board-Al_board,477.0,29.0,1.0,29.0,30,500,30x500,True
Al_board-Al_board,478.0,29.0,1.0,29.0,30,500,30x500,True
Al_board-Al_board,479.0,29.0,1.0,29.0,30,500,30x500,True
Al_board-Al_board,480.0,29.0,1.0,29.0,30,500,30x500,True
Al_board-Al_board,481.0,29.0,1.0,29.0,30,500,30x500,True
Al_board-Al_board,482.0,29.0,1.0,29.0,30,500,30x500,True
Al_board-Al_board,483.0,29.0,1.0,29.0,30,500,30x500,True
Al_board-Al_board,484.0,29.0,1.0,29.0,30,500,30x500,True
Al_board-Al_board,485.0,29.0,1.0,29.0,30,500,30x500,True
Al_board-Al_board,486.0,29.0,1.0,29.0,30,500,30x500,True
Al_board-Al_board,487.0,29.0,1.0,29.0,30,500,30x500,True
Al_board-Al_board,488.0,29.0,1.0,29.0,30,500,30x500,True
Al_board-Al_board,489.0,29.0,1.0,29.0,30,500,30x500,True
Al_board-Al_board,490.0,29.0,1.0,29.0,30,500,30x500,True
Al_board-Al_board,491.0,29.0,1.0,29.0,30,500,30x500,True
Al_board-Al_board,492.0,29.0,1.0,29.0,30,500,30x500,True
Al_board-Al_board,493.0,29.0,1.0,29.0,30,500,30x500,True
Al_board-Al_board,494.0,29.0,1.0,29.0,30,500,30x500,True
Al_board-Al_board,495.0,29.0,1.0,29.0,30,500,30x500,True
Al_board-Al_board,496.0,29.0,1.0,29.0,30,500,30x500,True
Al_board-Al_board,497.0,29.0,1.0,29.0,30,500,30x500,True
Al_board-Al_board,498.0,29.0,1.0,29.0,30,500,30x500,True
Al_board-Al_board,499.0,29.0,1.0,29.0,30,500,30x500,True
Al_board-Al_board,500.0,29.0,1.0,29.0,30,500,30x500,True
Al_board-wood_board,0.0,0.0,0.0,29.0,30,500,30x500,True
Al_board-wood_board,1.0,0.0,0.0,29.0,30,500,30x500,True
Al_board-wood_board,2.0,0.0,0.0,29.0,30,500,30x500,True
Al_board-wood_board,3.0,0.0,0.0,29.0,30,500,30x500,True
Al_board-wood_board,4.0,2.0,0.06896551724137931,29.0,30,500,30x500,True
Al_board-wood_board,5.0,3.0,0.10344827586206896,29.0,30,500,30x500,True
Al_board-wood_board,6.0,5.0,0.1724137931034483,29.0,30,500,30x500,True
Al_board-wood_board,7.0,7.0,0.2413793103448276,29.0,30,500,30x500,True
Al_board-wood_board,8.0,9.0,0.3103448275862069,29.0,30,500,30x500,True
Al_board-wood_board,9.0,10.0,0.3448275862068966,29.0,30,500,30x500,True
Al_board-wood_board,10.0,12.0,0.41379310344827586,29.0,30,500,30x500,True
Al_board-wood_board,11.0,14.0,0.4827586206896552,29.0,30,500,30x500,True
Al_board-wood_board,12.0,16.0,0.5517241379310345,29.0,30,500,30x500,True
Al_board-wood_board,13.0,18.0,0.6206896551724138,29.0,30,500,30x500,True
Al_board-wood_board,14.0,20.0,0.6896551724137931,29.0,30,500,30x500,True
Al_board-wood_board,15.0,20.0,0.6896551724137931,29.0,30,500,30x500,True
Al_board-wood_board,16.0,22.0,0.7586206896551724,29.0,30,500,30x500,True
Al_board-wood_board,17.0,22.0,0.7586206896551724,29.0,30,500,30x500,True
Al_board-wood_board,18.0,23.0,0.7931034482758621,29.0,30,500,30x500,True
Al_board-wood_board,19.0,24.0,0.8275862068965517,29.0,30,500,30x500,True
Al_board-wood_board,20.0,24.0,0.8275862068965517,29.0,30,500,30x500,True
Al_board-wood_board,21.0,24.0,0.8275862068965517,29.0,30,500,30x500,True
Al_board-wood_board,22.0,24.0,0.8275862068965517,29.0,30,500,30x500,True
Al_board-wood_board,23.0,25.0,0.8620689655172413,29.0,30,500,30x500,True
Al_board-wood_board,24.0,25.0,0.8620689655172413,29.0,30,500,30x500,True
Al_board-wood_board,25.0,26.0,0.896551724137931,29.0,30,500,30x500,True
Al_board-wood_board,26.0,26.0,0.896551724137931,29.0,30,500,30x500,True
Al_board-wood_board,27.0,26.0,0.896551724137931,29.0,30,500,30x500,True
Al_board-wood_board,28.0,26.0,0.896551724137931,29.0,30,500,30x500,True
Al_board-wood_board,29.0,27.0,0.9310344827586207,29.0,30,500,30x500,True
Al_board-wood_board,30.0,27.0,0.9310344827586207,29.0,30,500,30x500,True
Al_board-wood_board,31.0,27.0,0.9310344827586207,29.0,30,500,30x500,True
Al_board-wood_board,32.0,28.0,0.9655172413793104,29.0,30,500,30x500,True
Al_board-wood_board,33.0,28.0,0.9655172413793104,29.0,30,500,30x500,True
Al_board-wood_board,34.0,28.0,0.9655172413793104,29.0,30,500,30x500,True
Al_board-wood_board,35.0,28.0,0.9655172413793104,29.0,30,500,30x500,True
Al_board-wood_board,36.0,28.0,0.9655172413793104,29.0,30,500,30x500,True
Al_board-wood_board,37.0,28.0,0.9655172413793104,29.0,30,500,30x500,True
Al_board-wood_board,38.0,28.0,0.9655172413793104,29.0,30,500,30x500,True
Al_board-wood_board,39.0,28.0,0.9655172413793104,29.0,30,500,30x500,True
Al_board-wood_board,40.0,28.0,0.9655172413793104,29.0,30,500,30x500,True
Al_board-wood_board,41.0,28.0,0.9655172413793104,29.0,30,500,30x500,True
Al_board-wood_board,42.0,28.0,0.9655172413793104,29.0,30,500,30x500,True
Al_board-wood_board,43.0,28.0,0.9655172413793104,29.0,30,500,30x500,True
Al_board-wood_board,44.0,28.0,0.9655172413793104,29.0,30,500,30x500,True
Al_board-wood_board,45.0,29.0,1.0,29.0,30,500,30x500,True
Al_board-wood_board,46.0,29.0,1.0,29.0,30,500,30x500,True
Al_board-wood_board,47.0,29.0,1.0,29.0,30,500,30x500,True
Al_board-wood_board,48.0,29.0,1.0,29.0,30,500,30x500,True
Al_board-wood_board,49.0,29.0,1.0,29.0,30,500,30x500,True
Al_board-wood_board,50.0,29.0,1.0,29.0,30,500,30x500,True
Al_board-wood_board,51.0,29.0,1.0,29.0,30,500,30x500,True
Al_board-wood_board,52.0,29.0,1.0,29.0,30,500,30x500,True
Al_board-wood_board,53.0,29.0,1.0,29.0,30,500,30x500,True
Al_board-wood_board,54.0,29.0,1.0,29.0,30,500,30x500,True
Al_board-wood_board,55.0,29.0,1.0,29.0,30,500,30x500,True
Al_board-wood_board,56.0,29.0,1.0,29.0,30,500,30x500,True
Al_board-wood_board,57.0,29.0,1.0,29.0,30,500,30x500,True
Al_board-wood_board,58.0,29.0,1.0,29.0,30,500,30x500,True
Al_board-wood_board,59.0,29.0,1.0,29.0,30,500,30x500,True
Al_board-wood_board,60.0,29.0,1.0,29.0,30,500,30x500,True
Al_board-wood_board,61.0,29.0,1.0,29.0,30,500,30x500,True
Al_board-wood_board,62.0,29.0,1.0,29.0,30,500,30x500,True
Al_board-wood_board,63.0,29.0,1.0,29.0,30,500,30x500,True
Al_board-wood_board,64.0,29.0,1.0,29.0,30,500,30x500,True
Al_board-wood_board,65.0,29.0,1.0,29.0,30,500,30x500,True
Al_board-wood_board,66.0,29.0,1.0,29.0,30,500,30x500,True
Al_board-wood_board,67.0,29.0,1.0,29.0,30,500,30x500,True
Al_board-wood_board,68.0,29.0,1.0,29.0,30,500,30x500,True
Al_board-wood_board,69.0,29.0,1.0,29.0,30,500,30x500,True
Al_board-wood_board,70.0,29.0,1.0,29.0,30,500,30x500,True
Al_board-wood_board,71.0,29.0,1.0,29.0,30,500,30x500,True
Al_board-wood_board,72.0,29.0,1.0,29.0,30,500,30x500,True
Al_board-wood_board,73.0,29.0,1.0,29.0,30,500,30x500,True
Al_board-wood_board,74.0,29.0,1.0,29.0,30,500,30x500,True
Al_board-wood_board,75.0,29.0,1.0,29.0,30,500,30x500,True
Al_board-wood_board,76.0,29.0,1.0,29.0,30,500,30x500,True
Al_board-wood_board,77.0,29.0,1.0,29.0,30,500,30x500,True
Al_board-wood_board,78.0,29.0,1.0,29.0,30,500,30x500,True
Al_board-wood_board,79.0,29.0,1.0,29.0,30,500,30x500,True
Al_board-wood_board,80.0,29.0,1.0,29.0,30,500,30x500,True
Al_board-wood_board,81.0,29.0,1.0,29.0,30,500,30x500,True
Al_board-wood_board,82.0,29.0,1.0,29.0,30,500,30x500,True
Al_board-wood_board,83.0,29.0,1.0,29.0,30,500,30x500,True
Al_board-wood_board,84.0,29.0,1.0,29.0,30,500,30x500,True
Al_board-wood_board,85.0,29.0,1.0,29.0,30,500,30x500,True
Al_board-wood_board,86.0,29.0,1.0,29.0,30,500,30x500,True
Al_board-wood_board,87.0,29.0,1.0,29.0,30,500,30x500,True
Al_board-wood_board,88.0,29.0,1.0,29.0,30,500,30x500,True
Al_board-wood_board,89.0,29.0,1.0,29.0,30,500,30x500,True
Al_board-wood_board,90.0,29.0,1.0,29.0,30,500,30x500,True
Al_board-wood_board,91.0,29.0,1.0,29.0,30,500,30x500,True
Al_board-wood_board,92.0,29.0,1.0,29.0,30,500,30x500,True
Al_board-wood_board,93.0,29.0,1.0,29.0,30,500,30x500,True
Al_board-wood_board,94.0,29.0,1.0,29.0,30,500,30x500,True
Al_board-wood_board,95.0,29.0,1.0,29.0,30,500,30x500,True
Al_board-wood_board,96.0,29.0,1.0,29.0,30,500,30x500,True
Al_board-wood_board,97.0,29.0,1.0,29.0,30,500,30x500,True
Al_board-wood_board,98.0,29.0,1.0,29.0,30,500,30x500,True
Al_board-wood_board,99.0,29.0,1.0,29.0,30,500,30x500,True
Al_board-wood_board,100.0,29.0,1.0,29.0,30,500,30x500,True
Al_board-wood_board,101.0,29.0,1.0,29.0,30,500,30x500,True
Al_board-wood_board,102.0,29.0,1.0,29.0,30,500,30x500,True
Al_board-wood_board,103.0,29.0,1.0,29.0,30,500,30x500,True
Al_board-wood_board,104.0,29.0,1.0,29.0,30,500,30x500,True
Al_board-wood_board,105.0,29.0,1.0,29.0,30,500,30x500,True
Al_board-wood_board,106.0,29.0,1.0,29.0,30,500,30x500,True
Al_board-wood_board,107.0,29.0,1.0,29.0,30,500,30x500,True
Al_board-wood_board,108.0,29.0,1.0,29.0,30,500,30x500,True
Al_board-wood_board,109.0,29.0,1.0,29.0,30,500,30x500,True
Al_board-wood_board,110.0,29.0,1.0,29.0,30,500,30x500,True
Al_board-wood_board,111.0,29.0,1.0,29.0,30,500,30x500,True
Al_board-wood_board,112.0,29.0,1.0,29.0,30,500,30x500,True
Al_board-wood_board,113.0,29.0,1.0,29.0,30,500,30x500,True
Al_board-wood_board,114.0,29.0,1.0,29.0,30,500,30x500,True
Al_board-wood_board,115.0,29.0,1.0,29.0,30,500,30x500,True
Al_board-wood_board,116.0,29.0,1.0,29.0,30,500,30x500,True
Al_board-wood_board,117.0,29.0,1.0,29.0,30,500,30x500,True
Al_board-wood_board,118.0,29.0,1.0,29.0,30,500,30x500,True
Al_board-wood_board,119.0,29.0,1.0,29.0,30,500,30x500,True
Al_board-wood_board,120.0,29.0,1.0,29.0,30,500,30x500,True
Al_board-wood_board,121.0,29.0,1.0,29.0,30,500,30x500,True
Al_board-wood_board,122.0,29.0,1.0,29.0,30,500,30x500,True
Al_board-wood_board,123.0,29.0,1.0,29.0,30,500,30x500,True
Al_board-wood_board,124.0,29.0,1.0,29.0,30,500,30x500,True
Al_board-wood_board,125.0,29.0,1.0,29.0,30,500,30x500,True
Al_board-wood_board,126.0,29.0,1.0,29.0,30,500,30x500,True
Al_board-wood_board,127.0,29.0,1.0,29.0,30,500,30x500,True
Al_board-wood_board,128.0,29.0,1.0,29.0,30,500,30x500,True
Al_board-wood_board,129.0,29.0,1.0,29.0,30,500,30x500,True
Al_board-wood_board,130.0,29.0,1.0,29.0,30,500,30x500,True
Al_board-wood_board,131.0,29.0,1.0,29.0,30,500,30x500,True
Al_board-wood_board,132.0,29.0,1.0,29.0,30,500,30x500,True
Al_board-wood_board,133.0,29.0,1.0,29.0,30,500,30x500,True
Al_board-wood_board,134.0,29.0,1.0,29.0,30,500,30x500,True
Al_board-wood_board,135.0,29.0,1.0,29.0,30,500,30x500,True
Al_board-wood_board,136.0,29.0,1.0,29.0,30,500,30x500,True
Al_board-wood_board,137.0,29.0,1.0,29.0,30,500,30x500,True
Al_board-wood_board,138.0,29.0,1.0,29.0,30,500,30x500,True
Al_board-wood_board,139.0,29.0,1.0,29.0,30,500,30x500,True
Al_board-wood_board,140.0,29.0,1.0,29.0,30,500,30x500,True
Al_board-wood_board,141.0,29.0,1.0,29.0,30,500,30x500,True
Al_board-wood_board,142.0,29.0,1.0,29.0,30,500,30x500,True
Al_board-wood_board,143.0,29.0,1.0,29.0,30,500,30x500,True
Al_board-wood_board,144.0,29.0,1.0,29.0,30,500,30x500,True
Al_board-wood_board,145.0,29.0,1.0,29.0,30,500,30x500,True
Al_board-wood_board,146.0,29.0,1.0,29.0,30,500,30x500,True
Al_board-wood_board,147.0,29.0,1.0,29.0,30,500,30x500,True
Al_board-wood_board,148.0,29.0,1.0,29.0,30,500,30x500,True
Al_board-wood_board,149.0,29.0,1.0,29.0,30,500,30x500,True
Al_board-wood_board,150.0,29.0,1.0,29.0,30,500,30x500,True
Al_board-wood_board,151.0,29.0,1.0,29.0,30,500,30x500,True
Al_board-wood_board,152.0,29.0,1.0,29.0,30,500,30x500,True
Al_board-wood_board,153.0,29.0,1.0,29.0,30,500,30x500,True
Al_board-wood_board,154.0,29.0,1.0,29.0,30,500,30x500,True
Al_board-wood_board,155.0,29.0,1.0,29.0,30,500,30x500,True
Al_board-wood_board,156.0,29.0,1.0,29.0,30,500,30x500,True
Al_board-wood_board,157.0,29.0,1.0,29.0,30,500,30x500,True
Al_board-wood_board,158.0,29.0,1.0,29.0,30,500,30x500,True
Al_board-wood_board,159.0,29.0,1.0,29.0,30,500,30x500,True
Al_board-wood_board,160.0,29.0,1.0,29.0,30,500,30x500,True
Al_board-wood_board,161.0,29.0,1.0,29.0,30,500,30x500,True
Al_board-wood_board,162.0,29.0,1.0,29.0,30,500,30x500,True
Al_board-wood_board,163.0,29.0,1.0,29.0,30,500,30x500,True
Al_board-wood_board,164.0,29.0,1.0,29.0,30,500,30x500,True
Al_board-wood_board,165.0,29.0,1.0,29.0,30,500,30x500,True
Al_board-wood_board,166.0,29.0,1.0,29.0,30,500,30x500,True
Al_board-wood_board,167.0,29.0,1.0,29.0,30,500,30x500,True
Al_board-wood_board,168.0,29.0,1.0,29.0,30,500,30x500,True
Al_board-wood_board,169.0,29.0,1.0,29.0,30,500,30x500,True
Al_board-wood_board,170.0,29.0,1.0,29.0,30,500,30x500,True
Al_board-wood_board,171.0,29.0,1.0,29.0,30,500,30x500,True
Al_board-wood_board,172.0,29.0,1.0,29.0,30,500,30x500,True
Al_board-wood_board,173.0,29.0,1.0,29.0,30,500,30x500,True
Al_board-wood_board,174.0,29.0,1.0,29.0,30,500,30x500,True
Al_board-wood_board,175.0,29.0,1.0,29.0,30,500,30x500,True
Al_board-wood_board,176.0,29.0,1.0,29.0,30,500,30x500,True
Al_board-wood_board,177.0,29.0,1.0,29.0,30,500,30x500,True
Al_board-wood_board,178.0,29.0,1.0,29.0,30,500,30x500,True
Al_board-wood_board,179.0,29.0,1.0,29.0,30,500,30x500,True
Al_board-wood_board,180.0,29.0,1.0,29.0,30,500,30x500,True
Al_board-wood_board,181.0,29.0,1.0,29.0,30,500,30x500,True
Al_board-wood_board,182.0,29.0,1.0,29.0,30,500,30x500,True
Al_board-wood_board,183.0,29.0,1.0,29.0,30,500,30x500,True
Al_board-wood_board,184.0,29.0,1.0,29.0,30,500,30x500,True
Al_board-wood_board,185.0,29.0,1.0,29.0,30,500,30x500,True
Al_board-wood_board,186.0,29.0,1.0,29.0,30,500,30x500,True
Al_board-wood_board,187.0,29.0,1.0,29.0,30,500,30x500,True
Al_board-wood_board,188.0,29.0,1.0,29.0,30,500,30x500,True
Al_board-wood_board,189.0,29.0,1.0,29.0,30,500,30x500,True
Al_board-wood_board,190.0,29.0,1.0,29.0,30,500,30x500,True
Al_board-wood_board,191.0,29.0,1.0,29.0,30,500,30x500,True
Al_board-wood_board,192.0,29.0,1.0,29.0,30,500,30x500,True
Al_board-wood_board,193.0,29.0,1.0,29.0,30,500,30x500,True
Al_board-wood_board,194.0,29.0,1.0,29.0,30,500,30x500,True
Al_board-wood_board,195.0,29.0,1.0,29.0,30,500,30x500,True
Al_board-wood_board,196.0,29.0,1.0,29.0,30,500,30x500,True
Al_board-wood_board,197.0,29.0,1.0,29.0,30,500,30x500,True
Al_board-wood_board,198.0,29.0,1.0,29.0,30,500,30x500,True
Al_board-wood_board,199.0,29.0,1.0,29.0,30,500,30x500,True
Al_board-wood_board,200.0,29.0,1.0,29.0,30,500,30x500,True
Al_board-wood_board,201.0,29.0,1.0,29.0,30,500,30x500,True
Al_board-wood_board,202.0,29.0,1.0,29.0,30,500,30x500,True
Al_board-wood_board,203.0,29.0,1.0,29.0,30,500,30x500,True
Al_board-wood_board,204.0,29.0,1.0,29.0,30,500,30x500,True
Al_board-wood_board,205.0,29.0,1.0,29.0,30,500,30x500,True
Al_board-wood_board,206.0,29.0,1.0,29.0,30,500,30x500,True
Al_board-wood_board,207.0,29.0,1.0,29.0,30,500,30x500,True
Al_board-wood_board,208.0,29.0,1.0,29.0,30,500,30x500,True
Al_board-wood_board,209.0,29.0,1.0,29.0,30,500,30x500,True
Al_board-wood_board,210.0,29.0,1.0,29.0,30,500,30x500,True
Al_board-wood_board,211.0,29.0,1.0,29.0,30,500,30x500,True
Al_board-wood_board,212.0,29.0,1.0,29.0,30,500,30x500,True
Al_board-wood_board,213.0,29.0,1.0,29.0,30,500,30x500,True
Al_board-wood_board,214.0,29.0,1.0,29.0,30,500,30x500,True
Al_board-wood_board,215.0,29.0,1.0,29.0,30,500,30x500,True
Al_board-wood_board,216.0,29.0,1.0,29.0,30,500,30x500,True
Al_board-wood_board,217.0,29.0,1.0,29.0,30,500,30x500,True
Al_board-wood_board,218.0,29.0,1.0,29.0,30,500,30x500,True
Al_board-wood_board,219.0,29.0,1.0,29.0,30,500,30x500,True
Al_board-wood_board,220.0,29.0,1.0,29.0,30,500,30x500,True
Al_board-wood_board,221.0,29.0,1.0,29.0,30,500,30x500,True
Al_board-wood_board,222.0,29.0,1.0,29.0,30,500,30x500,True
Al_board-wood_board,223.0,29.0,1.0,29.0,30,500,30x500,True
Al_board-wood_board,224.0,29.0,1.0,29.0,30,500,30x500,True
Al_board-wood_board,225.0,29.0,1.0,29.0,30,500,30x500,True
Al_board-wood_board,226.0,29.0,1.0,29.0,30,500,30x500,True
Al_board-wood_board,227.0,29.0,1.0,29.0,30,500,30x500,True
Al_board-wood_board,228.0,29.0,1.0,29.0,30,500,30x500,True
Al_board-wood_board,229.0,29.0,1.0,29.0,30,500,30x500,True
Al_board-wood_board,230.0,29.0,1.0,29.0,30,500,30x500,True
Al_board-wood_board,231.0,29.0,1.0,29.0,30,500,30x500,True
Al_board-wood_board,232.0,29.0,1.0,29.0,30,500,30x500,True
Al_board-wood_board,233.0,29.0,1.0,29.0,30,500,30x500,True
Al_board-wood_board,234.0,29.0,1.0,29.0,30,500,30x500,True
Al_board-wood_board,235.0,29.0,1.0,29.0,30,500,30x500,True
Al_board-wood_board,236.0,29.0,1.0,29.0,30,500,30x500,True
Al_board-wood_board,237.0,29.0,1.0,29.0,30,500,30x500,True
Al_board-wood_board,238.0,29.0,1.0,29.0,30,500,30x500,True
Al_board-wood_board,239.0,29.0,1.0,29.0,30,500,30x500,True
Al_board-wood_board,240.0,29.0,1.0,29.0,30,500,30x500,True
Al_board-wood_board,241.0,29.0,1.0,29.0,30,500,30x500,True
Al_board-wood_board,242.0,29.0,1.0,29.0,30,500,30x500,True
Al_board-wood_board,243.0,29.0,1.0,29.0,30,500,30x500,True
Al_board-wood_board,244.0,29.0,1.0,29.0,30,500,30x500,True
Al_board-wood_board,245.0,29.0,1.0,29.0,30,500,30x500,True
Al_board-wood_board,246.0,29.0,1.0,29.0,30,500,30x500,True
Al_board-wood_board,247.0,29.0,1.0,29.0,30,500,30x500,True
Al_board-wood_board,248.0,29.0,1.0,29.0,30,500,30x500,True
Al_board-wood_board,249.0,29.0,1.0,29.0,30,500,30x500,True
Al_board-wood_board,250.0,29.0,1.0,29.0,30,500,30x500,True
Al_board-wood_board,251.0,29.0,1.0,29.0,30,500,30x500,True
Al_board-wood_board,252.0,29.0,1.0,29.0,30,500,30x500,True
Al_board-wood_board,253.0,29.0,1.0,29.0,30,500,30x500,True
Al_board-wood_board,254.0,29.0,1.0,29.0,30,500,30x500,True
Al_board-wood_board,255.0,29.0,1.0,29.0,30,500,30x500,True
Al_board-wood_board,256.0,29.0,1.0,29.0,30,500,30x500,True
Al_board-wood_board,257.0,29.0,1.0,29.0,30,500,30x500,True
Al_board-wood_board,258.0,29.0,1.0,29.0,30,500,30x500,True
Al_board-wood_board,259.0,29.0,1.0,29.0,30,500,30x500,True
Al_board-wood_board,260.0,29.0,1.0,29.0,30,500,30x500,True
Al_board-wood_board,261.0,29.0,1.0,29.0,30,500,30x500,True
Al_board-wood_board,262.0,29.0,1.0,29.0,30,500,30x500,True
Al_board-wood_board,263.0,29.0,1.0,29.0,30,500,30x500,True
Al_board-wood_board,264.0,29.0,1.0,29.0,30,500,30x500,True
Al_board-wood_board,265.0,29.0,1.0,29.0,30,500,30x500,True
Al_board-wood_board,266.0,29.0,1.0,29.0,30,500,30x500,True
Al_board-wood_board,267.0,29.0,1.0,29.0,30,500,30x500,True
Al_board-wood_board,268.0,29.0,1.0,29.0,30,500,30x500,True
Al_board-wood_board,269.0,29.0,1.0,29.0,30,500,30x500,True
Al_board-wood_board,270.0,29.0,1.0,29.0,30,500,30x500,True
Al_board-wood_board,271.0,29.0,1.0,29.0,30,500,30x500,True
Al_board-wood_board,272.0,29.0,1.0,29.0,30,500,30x500,True
Al_board-wood_board,273.0,29.0,1.0,29.0,30,500,30x500,True
Al_board-wood_board,274.0,29.0,1.0,29.0,30,500,30x500,True
Al_board-wood_board,275.0,29.0,1.0,29.0,30,500,30x500,True
Al_board-wood_board,276.0,29.0,1.0,29.0,30,500,30x500,True
Al_board-wood_board,277.0,29.0,1.0,29.0,30,500,30x500,True
Al_board-wood_board,278.0,29.0,1.0,29.0,30,500,30x500,True
Al_board-wood_board,279.0,29.0,1.0,29.0,30,500,30x500,True
Al_board-wood_board,280.0,29.0,1.0,29.0,30,500,30x500,True
Al_board-wood_board,281.0,29.0,1.0,29.0,30,500,30x500,True
Al_board-wood_board,282.0,29.0,1.0,29.0,30,500,30x500,True
Al_board-wood_board,283.0,29.0,1.0,29.0,30,500,30x500,True
Al_board-wood_board,284.0,29.0,1.0,29.0,30,500,30x500,True
Al_board-wood_board,285.0,29.0,1.0,29.0,30,500,30x500,True
Al_board-wood_board,286.0,29.0,1.0,29.0,30,500,30x500,True
Al_board-wood_board,287.0,29.0,1.0,29.0,30,500,30x500,True
Al_board-wood_board,288.0,29.0,1.0,29.0,30,500,30x500,True
Al_board-wood_board,289.0,29.0,1.0,29.0,30,500,30x500,True
Al_board-wood_board,290.0,29.0,1.0,29.0,30,500,30x500,True
Al_board-wood_board,291.0,29.0,1.0,29.0,30,500,30x500,True
Al_board-wood_board,292.0,29.0,1.0,29.0,30,500,30x500,True
Al_board-wood_board,293.0,29.0,1.0,29.0,30,500,30x500,True
Al_board-wood_board,294.0,29.0,1.0,29.0,30,500,30x500,True
Al_board-wood_board,295.0,29.0,1.0,29.0,30,500,30x500,True
Al_board-wood_board,296.0,29.0,1.0,29.0,30,500,30x500,True
Al_board-wood_board,297.0,29.0,1.0,29.0,30,500,30x500,True
Al_board-wood_board,298.0,29.0,1.0,29.0,30,500,30x500,True
Al_board-wood_board,299.0,29.0,1.0,29.0,30,500,30x500,True
Al_board-wood_board,300.0,29.0,1.0,29.0,30,500,30x500,True
Al_board-wood_board,301.0,29.0,1.0,29.0,30,500,30x500,True
Al_board-wood_board,302.0,29.0,1.0,29.0,30,500,30x500,True
Al_board-wood_board,303.0,29.0,1.0,29.0,30,500,30x500,True
Al_board-wood_board,304.0,29.0,1.0,29.0,30,500,30x500,True
Al_board-wood_board,305.0,29.0,1.0,29.0,30,500,30x500,True
Al_board-wood_board,306.0,29.0,1.0,29.0,30,500,30x500,True
Al_board-wood_board,307.0,29.0,1.0,29.0,30,500,30x500,True
Al_board-wood_board,308.0,29.0,1.0,29.0,30,500,30x500,True
Al_board-wood_board,309.0,29.0,1.0,29.0,30,500,30x500,True
Al_board-wood_board,310.0,29.0,1.0,29.0,30,500,30x500,True
Al_board-wood_board,311.0,29.0,1.0,29.0,30,500,30x500,True
Al_board-wood_board,312.0,29.0,1.0,29.0,30,500,30x500,True
Al_board-wood_board,313.0,29.0,1.0,29.0,30,500,30x500,True
Al_board-wood_board,314.0,29.0,1.0,29.0,30,500,30x500,True
Al_board-wood_board,315.0,29.0,1.0,29.0,30,500,30x500,True
Al_board-wood_board,316.0,29.0,1.0,29.0,30,500,30x500,True
Al_board-wood_board,317.0,29.0,1.0,29.0,30,500,30x500,True
Al_board-wood_board,318.0,29.0,1.0,29.0,30,500,30x500,True
Al_board-wood_board,319.0,29.0,1.0,29.0,30,500,30x500,True
Al_board-wood_board,320.0,29.0,1.0,29.0,30,500,30x500,True
Al_board-wood_board,321.0,29.0,1.0,29.0,30,500,30x500,True
Al_board-wood_board,322.0,29.0,1.0,29.0,30,500,30x500,True
Al_board-wood_board,323.0,29.0,1.0,29.0,30,500,30x500,True
Al_board-wood_board,324.0,29.0,1.0,29.0,30,500,30x500,True
Al_board-wood_board,325.0,29.0,1.0,29.0,30,500,30x500,True
Al_board-wood_board,326.0,29.0,1.0,29.0,30,500,30x500,True
Al_board-wood_board,327.0,29.0,1.0,29.0,30,500,30x500,True
Al_board-wood_board,328.0,29.0,1.0,29.0,30,500,30x500,True
Al_board-wood_board,329.0,29.0,1.0,29.0,30,500,30x500,True
Al_board-wood_board,330.0,29.0,1.0,29.0,30,500,30x500,True
Al_board-wood_board,331.0,29.0,1.0,29.0,30,500,30x500,True
Al_board-wood_board,332.0,29.0,1.0,29.0,30,500,30x500,True
Al_board-wood_board,333.0,29.0,1.0,29.0,30,500,30x500,True
Al_board-wood_board,334.0,29.0,1.0,29.0,30,500,30x500,True
Al_board-wood_board,335.0,29.0,1.0,29.0,30,500,30x500,True
Al_board-wood_board,336.0,29.0,1.0,29.0,30,500,30x500,True
Al_board-wood_board,337.0,29.0,1.0,29.0,30,500,30x500,True
Al_board-wood_board,338.0,29.0,1.0,29.0,30,500,30x500,True
Al_board-wood_board,339.0,29.0,1.0,29.0,30,500,30x500,True
Al_board-wood_board,340.0,29.0,1.0,29.0,30,500,30x500,True
Al_board-wood_board,341.0,29.0,1.0,29.0,30,500,30x500,True
Al_board-wood_board,342.0,29.0,1.0,29.0,30,500,30x500,True
Al_board-wood_board,343.0,29.0,1.0,29.0,30,500,30x500,True
Al_board-wood_board,344.0,29.0,1.0,29.0,30,500,30x500,True
Al_board-wood_board,345.0,29.0,1.0,29.0,30,500,30x500,True
Al_board-wood_board,346.0,29.0,1.0,29.0,30,500,30x500,True
Al_board-wood_board,347.0,29.0,1.0,29.0,30,500,30x500,True
Al_board-wood_board,348.0,29.0,1.0,29.0,30,500,30x500,True
Al_board-wood_board,349.0,29.0,1.0,29.0,30,500,30x500,True
Al_board-wood_board,350.0,29.0,1.0,29.0,30,500,30x500,True
Al_board-wood_board,351.0,29.0,1.0,29.0,30,500,30x500,True
Al_board-wood_board,352.0,29.0,1.0,29.0,30,500,30x500,True
Al_board-wood_board,353.0,29.0,1.0,29.0,30,500,30x500,True
Al_board-wood_board,354.0,29.0,1.0,29.0,30,500,30x500,True
Al_board-wood_board,355.0,29.0,1.0,29.0,30,500,30x500,True
Al_board-wood_board,356.0,29.0,1.0,29.0,30,500,30x500,True
Al_board-wood_board,357.0,29.0,1.0,29.0,30,500,30x500,True
Al_board-wood_board,358.0,29.0,1.0,29.0,30,500,30x500,True
Al_board-wood_board,359.0,29.0,1.0,29.0,30,500,30x500,True
Al_board-wood_board,360.0,29.0,1.0,29.0,30,500,30x500,True
Al_board-wood_board,361.0,29.0,1.0,29.0,30,500,30x500,True
Al_board-wood_board,362.0,29.0,1.0,29.0,30,500,30x500,True
Al_board-wood_board,363.0,29.0,1.0,29.0,30,500,30x500,True
Al_board-wood_board,364.0,29.0,1.0,29.0,30,500,30x500,True
Al_board-wood_board,365.0,29.0,1.0,29.0,30,500,30x500,True
Al_board-wood_board,366.0,29.0,1.0,29.0,30,500,30x500,True
Al_board-wood_board,367.0,29.0,1.0,29.0,30,500,30x500,True
Al_board-wood_board,368.0,29.0,1.0,29.0,30,500,30x500,True
Al_board-wood_board,369.0,29.0,1.0,29.0,30,500,30x500,True
Al_board-wood_board,370.0,29.0,1.0,29.0,30,500,30x500,True
Al_board-wood_board,371.0,29.0,1.0,29.0,30,500,30x500,True
Al_board-wood_board,372.0,29.0,1.0,29.0,30,500,30x500,True
Al_board-wood_board,373.0,29.0,1.0,29.0,30,500,30x500,True
Al_board-wood_board,374.0,29.0,1.0,29.0,30,500,30x500,True
Al_board-wood_board,375.0,29.0,1.0,29.0,30,500,30x500,True
Al_board-wood_board,376.0,29.0,1.0,29.0,30,500,30x500,True
Al_board-wood_board,377.0,29.0,1.0,29.0,30,500,30x500,True
Al_board-wood_board,378.0,29.0,1.0,29.0,30,500,30x500,True
Al_board-wood_board,379.0,29.0,1.0,29.0,30,500,30x500,True
Al_board-wood_board,380.0,29.0,1.0,29.0,30,500,30x500,True
Al_board-wood_board,381.0,29.0,1.0,29.0,30,500,30x500,True
Al_board-wood_board,382.0,29.0,1.0,29.0,30,500,30x500,True
Al_board-wood_board,383.0,29.0,1.0,29.0,30,500,30x500,True
Al_board-wood_board,384.0,29.0,1.0,29.0,30,500,30x500,True
Al_board-wood_board,385.0,29.0,1.0,29.0,30,500,30x500,True
Al_board-wood_board,386.0,29.0,1.0,29.0,30,500,30x500,True
Al_board-wood_board,387.0,29.0,1.0,29.0,30,500,30x500,True
Al_board-wood_board,388.0,29.0,1.0,29.0,30,500,30x500,True
Al_board-wood_board,389.0,29.0,1.0,29.0,30,500,30x500,True
Al_board-wood_board,390.0,29.0,1.0,29.0,30,500,30x500,True
Al_board-wood_board,391.0,29.0,1.0,29.0,30,500,30x500,True
Al_board-wood_board,392.0,29.0,1.0,29.0,30,500,30x500,True
Al_board-wood_board,393.0,29.0,1.0,29.0,30,500,30x500,True
Al_board-wood_board,394.0,29.0,1.0,29.0,30,500,30x500,True
Al_board-wood_board,395.0,29.0,1.0,29.0,30,500,30x500,True
Al_board-wood_board,396.0,29.0,1.0,29.0,30,500,30x500,True
Al_board-wood_board,397.0,29.0,1.0,29.0,30,500,30x500,True
Al_board-wood_board,398.0,29.0,1.0,29.0,30,500,30x500,True
Al_board-wood_board,399.0,29.0,1.0,29.0,30,500,30x500,True
Al_board-wood_board,400.0,29.0,1.0,29.0,30,500,30x500,True
Al_board-wood_board,401.0,29.0,1.0,29.0,30,500,30x500,True
Al_board-wood_board,402.0,29.0,1.0,29.0,30,500,30x500,True
Al_board-wood_board,403.0,29.0,1.0,29.0,30,500,30x500,True
Al_board-wood_board,404.0,29.0,1.0,29.0,30,500,30x500,True
Al_board-wood_board,405.0,29.0,1.0,29.0,30,500,30x500,True
Al_board-wood_board,406.0,29.0,1.0,29.0,30,500,30x500,True
Al_board-wood_board,407.0,29.0,1.0,29.0,30,500,30x500,True
Al_board-wood_board,408.0,29.0,1.0,29.0,30,500,30x500,True
Al_board-wood_board,409.0,29.0,1.0,29.0,30,500,30x500,True
Al_board-wood_board,410.0,29.0,1.0,29.0,30,500,30x500,True
Al_board-wood_board,411.0,29.0,1.0,29.0,30,500,30x500,True
Al_board-wood_board,412.0,29.0,1.0,29.0,30,500,30x500,True
Al_board-wood_board,413.0,29.0,1.0,29.0,30,500,30x500,True
Al_board-wood_board,414.0,29.0,1.0,29.0,30,500,30x500,True
Al_board-wood_board,415.0,29.0,1.0,29.0,30,500,30x500,True
Al_board-wood_board,416.0,29.0,1.0,29.0,30,500,30x500,True
Al_board-wood_board,417.0,29.0,1.0,29.0,30,500,30x500,True
Al_board-wood_board,418.0,29.0,1.0,29.0,30,500,30x500,True
Al_board-wood_board,419.0,29.0,1.0,29.0,30,500,30x500,True
Al_board-wood_board,420.0,29.0,1.0,29.0,30,500,30x500,True
Al_board-wood_board,421.0,29.0,1.0,29.0,30,500,30x500,True
Al_board-wood_board,422.0,29.0,1.0,29.0,30,500,30x500,True
Al_board-wood_board,423.0,29.0,1.0,29.0,30,500,30x500,True
Al_board-wood_board,424.0,29.0,1.0,29.0,30,500,30x500,True
Al_board-wood_board,425.0,29.0,1.0,29.0,30,500,30x500,True
Al_board-wood_board,426.0,29.0,1.0,29.0,30,500,30x500,True
Al_board-wood_board,427.0,29.0,1.0,29.0,30,500,30x500,True
Al_board-wood_board,428.0,29.0,1.0,29.0,30,500,30x500,True
Al_board-wood_board,429.0,29.0,1.0,29.0,30,500,30x500,True
Al_board-wood_board,430.0,29.0,1.0,29.0,30,500,30x500,True
Al_board-wood_board,431.0,29.0,1.0,29.0,30,500,30x500,True
Al_board-wood_board,432.0,29.0,1.0,29.0,30,500,30x500,True
Al_board-wood_board,433.0,29.0,1.0,29.0,30,500,30x500,True
Al_board-wood_board,434.0,29.0,1.0,29.0,30,500,30x500,True
Al_board-wood_board,435.0,29.0,1.0,29.0,30,500,30x500,True
Al_board-wood_board,436.0,29.0,1.0,29.0,30,500,30x500,True
Al_board-wood_board,437.0,29.0,1.0,29.0,30,500,30x500,True
Al_board-wood_board,438.0,29.0,1.0,29.0,30,500,30x500,True
Al_board-wood_board,439.0,29.0,1.0,29.0,30,500,30x500,True
Al_board-wood_board,440.0,29.0,1.0,29.0,30,500,30x500,True
Al_board-wood_board,441.0,29.0,1.0,29.0,30,500,30x500,True
Al_board-wood_board,442.0,29.0,1.0,29.0,30,500,30x500,True
Al_board-wood_board,443.0,29.0,1.0,29.0,30,500,30x500,True
Al_board-wood_board,444.0,29.0,1.0,29.0,30,500,30x500,True
Al_board-wood_board,445.0,29.0,1.0,29.0,30,500,30x500,True
Al_board-wood_board,446.0,29.0,1.0,29.0,30,500,30x500,True
Al_board-wood_board,447.0,29.0,1.0,29.0,30,500,30x500,True
Al_board-wood_board,448.0,29.0,1.0,29.0,30,500,30x500,True
Al_board-wood_board,449.0,29.0,1.0,29.0,30,500,30x500,True
Al_board-wood_board,450.0,29.0,1.0,29.0,30,500,30x500,True
Al_board-wood_board,451.0,29.0,1.0,29.0,30,500,30x500,True
Al_board-wood_board,452.0,29.0,1.0,29.0,30,500,30x500,True
Al_board-wood_board,453.0,29.0,1.0,29.0,30,500,30x500,True
Al_board-wood_board,454.0,29.0,1.0,29.0,30,500,30x500,True
Al_board-wood_board,455.0,29.0,1.0,29.0,30,500,30x500,True
Al_board-wood_board,456.0,29.0,1.0,29.0,30,500,30x500,True
Al_board-wood_board,457.0,29.0,1.0,29.0,30,500,30x500,True
Al_board-wood_board,458.0,29.0,1.0,29.0,30,500,30x500,True
Al_board-wood_board,459.0,29.0,1.0,29.0,30,500,30x500,True
Al_board-wood_board,460.0,29.0,1.0,29.0,30,500,30x500,True
Al_board-wood_board,461.0,29.0,1.0,29.0,30,500,30x500,True
Al_board-wood_board,462.0,29.0,1.0,29.0,30,500,30x500,True
Al_board-wood_board,463.0,29.0,1.0,29.0,30,500,30x500,True
Al_board-wood_board,464.0,29.0,1.0,29.0,30,500,30x500,True
Al_board-wood_board,465.0,29.0,1.0,29.0,30,500,30x500,True
Al_board-wood_board,466.0,29.0,1.0,29.0,30,500,30x500,True
Al_board-wood_board,467.0,29.0,1.0,29.0,30,500,30x500,True
Al_board-wood_board,468.0,29.0,1.0,29.0,30,500,30x500,True
Al_board-wood_board,469.0,29.0,1.0,29.0,30,500,30x500,True
Al_board-wood_board,470.0,29.0,1.0,29.0,30,500,30x500,True
Al_board-wood_board,471.0,29.0,1.0,29.0,30,500,30x500,True
Al_board-wood_board,472.0,29.0,1.0,29.0,30,500,30x500,True
Al_board-wood_board,473.0,29.0,1.0,29.0,30,500,30x500,True
Al_board-wood_board,474.0,29.0,1.0,29.0,30,500,30x500,True
Al_board-wood_board,475.0,29.0,1.0,29.0,30,500,30x500,True
Al_board-wood_board,476.0,29.0,1.0,29.0,30,500,30x500,True
Al_board-wood_board,477.0,29.0,1.0,29.0,30,500,30x500,True
Al_board-wood_board,478.0,29.0,1.0,29.0,30,500,30x500,True
Al_board-wood_board,479.0,29.0,1.0,29.0,30,500,30x500,True
Al_board-wood_board,480.0,29.0,1.0,29.0,30,500,30x500,True
Al_board-wood_board,481.0,29.0,1.0,29.0,30,500,30x500,True
Al_board-wood_board,482.0,29.0,1.0,29.0,30,500,30x500,True
Al_board-wood_board,483.0,29.0,1.0,29.0,30,500,30x500,True
Al_board-wood_board,484.0,29.0,1.0,29.0,30,500,30x500,True
Al_board-wood_board,485.0,29.0,1.0,29.0,30,500,30x500,True
Al_board-wood_board,486.0,29.0,1.0,29.0,30,500,30x500,True
Al_board-wood_board,487.0,29.0,1.0,29.0,30,500,30x500,True
Al_board-wood_board,488.0,29.0,1.0,29.0,30,500,30x500,True
Al_board-wood_board,489.0,29.0,1.0,29.0,30,500,30x500,True
Al_board-wood_board,490.0,29.0,1.0,29.0,30,500,30x500,True
Al_board-wood_board,491.0,29.0,1.0,29.0,30,500,30x500,True
Al_board-wood_board,492.0,29.0,1.0,29.0,30,500,30x500,True
Al_board-wood_board,493.0,29.0,1.0,29.0,30,500,30x500,True
Al_board-wood_board,494.0,29.0,1.0,29.0,30,500,30x500,True
Al_board-wood_board,495.0,29.0,1.0,29.0,30,500,30x500,True
Al_board-wood_board,496.0,29.0,1.0,29.0,30,500,30x500,True
Al_board-wood_board,497.0,29.0,1.0,29.0,30,500,30x500,True
Al_board-wood_board,498.0,29.0,1.0,29.0,30,500,30x500,True
Al_board-wood_board,499.0,29.0,1.0,29.0,30,500,30x500,True
Al_board-wood_board,500.0,29.0,1.0,29.0,30,500,30x500,True
Al_board-washi,0.0,0.0,0.0,29.0,30,500,30x500,True
Al_board-washi,1.0,0.0,0.0,29.0,30,500,30x500,True
Al_board-washi,2.0,0.0,0.0,29.0,30,500,30x500,True
Al_board-washi,3.0,1.0,0.034482758620689655,29.0,30,500,30x500,True
Al_board-washi,4.0,3.0,0.10344827586206896,29.0,30,500,30x500,True
Al_board-washi,5.0,6.0,0.20689655172413793,29.0,30,500,30x500,True
Al_board-washi,6.0,8.0,0.27586206896551724,29.0,30,500,30x500,True
Al_board-washi,7.0,12.0,0.41379310344827586,29.0,30,500,30x500,True
Al_board-washi,8.0,15.0,0.5172413793103449,29.0,30,500,30x500,True
Al_board-washi,9.0,17.0,0.5862068965517241,29.0,30,500,30x500,True
Al_board-washi,10.0,21.0,0.7241379310344828,29.0,30,500,30x500,True
Al_board-washi,11.0,23.0,0.7931034482758621,29.0,30,500,30x500,True
Al_board-washi,12.0,24.0,0.8275862068965517,29.0,30,500,30x500,True
Al_board-washi,13.0,24.0,0.8275862068965517,29.0,30,500,30x500,True
Al_board-washi,14.0,24.0,0.8275862068965517,29.0,30,500,30x500,True
Al_board-washi,15.0,24.0,0.8275862068965517,29.0,30,500,30x500,True
Al_board-washi,16.0,24.0,0.8275862068965517,29.0,30,500,30x500,True
Al_board-washi,17.0,24.0,0.8275862068965517,29.0,30,500,30x500,True
Al_board-washi,18.0,24.0,0.8275862068965517,29.0,30,500,30x500,True
Al_board-washi,19.0,25.0,0.8620689655172413,29.0,30,500,30x500,True
Al_board-washi,20.0,25.0,0.8620689655172413,29.0,30,500,30x500,True
Al_board-washi,21.0,25.0,0.8620689655172413,29.0,30,500,30x500,True
Al_board-washi,22.0,25.0,0.8620689655172413,29.0,30,500,30x500,True
Al_board-washi,23.0,26.0,0.896551724137931,29.0,30,500,30x500,True
Al_board-washi,24.0,26.0,0.896551724137931,29.0,30,500,30x500,True
Al_board-washi,25.0,27.0,0.9310344827586207,29.0,30,500,30x500,True
Al_board-washi,26.0,27.0,0.9310344827586207,29.0,30,500,30x500,True
Al_board-washi,27.0,27.0,0.9310344827586207,29.0,30,500,30x500,True
Al_board-washi,28.0,27.0,0.9310344827586207,29.0,30,500,30x500,True
Al_board-washi,29.0,27.0,0.9310344827586207,29.0,30,500,30x500,True
Al_board-washi,30.0,27.0,0.9310344827586207,29.0,30,500,30x500,True
Al_board-washi,31.0,27.0,0.9310344827586207,29.0,30,500,30x500,True
Al_board-washi,32.0,28.0,0.9655172413793104,29.0,30,500,30x500,True
Al_board-washi,33.0,28.0,0.9655172413793104,29.0,30,500,30x500,True
Al_board-washi,34.0,28.0,0.9655172413793104,29.0,30,500,30x500,True
Al_board-washi,35.0,28.0,0.9655172413793104,29.0,30,500,30x500,True
Al_board-washi,36.0,28.0,0.9655172413793104,29.0,30,500,30x500,True
Al_board-washi,37.0,28.0,0.9655172413793104,29.0,30,500,30x500,True
Al_board-washi,38.0,28.0,0.9655172413793104,29.0,30,500,30x500,True
Al_board-washi,39.0,28.0,0.9655172413793104,29.0,30,500,30x500,True
Al_board-washi,40.0,28.0,0.9655172413793104,29.0,30,500,30x500,True
Al_board-washi,41.0,28.0,0.9655172413793104,29.0,30,500,30x500,True
Al_board-washi,42.0,28.0,0.9655172413793104,29.0,30,500,30x500,True
Al_board-washi,43.0,28.0,0.9655172413793104,29.0,30,500,30x500,True
Al_board-washi,44.0,28.0,0.9655172413793104,29.0,30,500,30x500,True
Al_board-washi,45.0,29.0,1.0,29.0,30,500,30x500,True
Al_board-washi,46.0,29.0,1.0,29.0,30,500,30x500,True
Al_board-washi,47.0,29.0,1.0,29.0,30,500,30x500,True
Al_board-washi,48.0,29.0,1.0,29.0,30,500,30x500,True
Al_board-washi,49.0,29.0,1.0,29.0,30,500,30x500,True
Al_board-washi,50.0,29.0,1.0,29.0,30,500,30x500,True
Al_board-washi,51.0,29.0,1.0,29.0,30,500,30x500,True
Al_board-washi,52.0,29.0,1.0,29.0,30,500,30x500,True
Al_board-washi,53.0,29.0,1.0,29.0,30,500,30x500,True
Al_board-washi,54.0,29.0,1.0,29.0,30,500,30x500,True
Al_board-washi,55.0,29.0,1.0,29.0,30,500,30x500,True
Al_board-washi,56.0,29.0,1.0,29.0,30,500,30x500,True
Al_board-washi,57.0,29.0,1.0,29.0,30,500,30x500,True
Al_board-washi,58.0,29.0,1.0,29.0,30,500,30x500,True
Al_board-washi,59.0,29.0,1.0,29.0,30,500,30x500,True
Al_board-washi,60.0,29.0,1.0,29.0,30,500,30x500,True
Al_board-washi,61.0,29.0,1.0,29.0,30,500,30x500,True
Al_board-washi,62.0,29.0,1.0,29.0,30,500,30x500,True
Al_board-washi,63.0,29.0,1.0,29.0,30,500,30x500,True
Al_board-washi,64.0,29.0,1.0,29.0,30,500,30x500,True
Al_board-washi,65.0,29.0,1.0,29.0,30,500,30x500,True
Al_board-washi,66.0,29.0,1.0,29.0,30,500,30x500,True
Al_board-washi,67.0,29.0,1.0,29.0,30,500,30x500,True
Al_board-washi,68.0,29.0,1.0,29.0,30,500,30x500,True
Al_board-washi,69.0,29.0,1.0,29.0,30,500,30x500,True
Al_board-washi,70.0,29.0,1.0,29.0,30,500,30x500,True
Al_board-washi,71.0,29.0,1.0,29.0,30,500,30x500,True
Al_board-washi,72.0,29.0,1.0,29.0,30,500,30x500,True
Al_board-washi,73.0,29.0,1.0,29.0,30,500,30x500,True
Al_board-washi,74.0,29.0,1.0,29.0,30,500,30x500,True
Al_board-washi,75.0,29.0,1.0,29.0,30,500,30x500,True
Al_board-washi,76.0,29.0,1.0,29.0,30,500,30x500,True
Al_board-washi,77.0,29.0,1.0,29.0,30,500,30x500,True
Al_board-washi,78.0,29.0,1.0,29.0,30,500,30x500,True
Al_board-washi,79.0,29.0,1.0,29.0,30,500,30x500,True
Al_board-washi,80.0,29.0,1.0,29.0,30,500,30x500,True
Al_board-washi,81.0,29.0,1.0,29.0,30,500,30x500,True
Al_board-washi,82.0,29.0,1.0,29.0,30,500,30x500,True
Al_board-washi,83.0,29.0,1.0,29.0,30,500,30x500,True
Al_board-washi,84.0,29.0,1.0,29.0,30,500,30x500,True
Al_board-washi,85.0,29.0,1.0,29.0,30,500,30x500,True
Al_board-washi,86.0,29.0,1.0,29.0,30,500,30x500,True
Al_board-washi,87.0,29.0,1.0,29.0,30,500,30x500,True
Al_board-washi,88.0,29.0,1.0,29.0,30,500,30x500,True
Al_board-washi,89.0,29.0,1.0,29.0,30,500,30x500,True
Al_board-washi,90.0,29.0,1.0,29.0,30,500,30x500,True
Al_board-washi,91.0,29.0,1.0,29.0,30,500,30x500,True
Al_board-washi,92.0,29.0,1.0,29.0,30,500,30x500,True
Al_board-washi,93.0,29.0,1.0,29.0,30,500,30x500,True
Al_board-washi,94.0,29.0,1.0,29.0,30,500,30x500,True
Al_board-washi,95.0,29.0,1.0,29.0,30,500,30x500,True
Al_board-washi,96.0,29.0,1.0,29.0,30,500,30x500,True
Al_board-washi,97.0,29.0,1.0,29.0,30,500,30x500,True
Al_board-washi,98.0,29.0,1.0,29.0,30,500,30x500,True
Al_board-washi,99.0,29.0,1.0,29.0,30,500,30x500,True
Al_board-washi,100.0,29.0,1.0,29.0,30,500,30x500,True
Al_board-washi,101.0,29.0,1.0,29.0,30,500,30x500,True
Al_board-washi,102.0,29.0,1.0,29.0,30,500,30x500,True
Al_board-washi,103.0,29.0,1.0,29.0,30,500,30x500,True
Al_board-washi,104.0,29.0,1.0,29.0,30,500,30x500,True
Al_board-washi,105.0,29.0,1.0,29.0,30,500,30x500,True
Al_board-washi,106.0,29.0,1.0,29.0,30,500,30x500,True
Al_board-washi,107.0,29.0,1.0,29.0,30,500,30x500,True
Al_board-washi,108.0,29.0,1.0,29.0,30,500,30x500,True
Al_board-washi,109.0,29.0,1.0,29.0,30,500,30x500,True
Al_board-washi,110.0,29.0,1.0,29.0,30,500,30x500,True
Al_board-washi,111.0,29.0,1.0,29.0,30,500,30x500,True
Al_board-washi,112.0,29.0,1.0,29.0,30,500,30x500,True
Al_board-washi,113.0,29.0,1.0,29.0,30,500,30x500,True
Al_board-washi,114.0,29.0,1.0,29.0,30,500,30x500,True
Al_board-washi,115.0,29.0,1.0,29.0,30,500,30x500,True
Al_board-washi,116.0,29.0,1.0,29.0,30,500,30x500,True
Al_board-washi,117.0,29.0,1.0,29.0,30,500,30x500,True
Al_board-washi,118.0,29.0,1.0,29.0,30,500,30x500,True
Al_board-washi,119.0,29.0,1.0,29.0,30,500,30x500,True
Al_board-washi,120.0,29.0,1.0,29.0,30,500,30x500,True
Al_board-washi,121.0,29.0,1.0,29.0,30,500,30x500,True
Al_board-washi,122.0,29.0,1.0,29.0,30,500,30x500,True
Al_board-washi,123.0,29.0,1.0,29.0,30,500,30x500,True
Al_board-washi,124.0,29.0,1.0,29.0,30,500,30x500,True
Al_board-washi,125.0,29.0,1.0,29.0,30,500,30x500,True
Al_board-washi,126.0,29.0,1.0,29.0,30,500,30x500,True
Al_board-washi,127.0,29.0,1.0,29.0,30,500,30x500,True
Al_board-washi,128.0,29.0,1.0,29.0,30,500,30x500,True
Al_board-washi,129.0,29.0,1.0,29.0,30,500,30x500,True
Al_board-washi,130.0,29.0,1.0,29.0,30,500,30x500,True
Al_board-washi,131.0,29.0,1.0,29.0,30,500,30x500,True
Al_board-washi,132.0,29.0,1.0,29.0,30,500,30x500,True
Al_board-washi,133.0,29.0,1.0,29.0,30,500,30x500,True
Al_board-washi,134.0,29.0,1.0,29.0,30,500,30x500,True
Al_board-washi,135.0,29.0,1.0,29.0,30,500,30x500,True
Al_board-washi,136.0,29.0,1.0,29.0,30,500,30x500,True
Al_board-washi,137.0,29.0,1.0,29.0,30,500,30x500,True
Al_board-washi,138.0,29.0,1.0,29.0,30,500,30x500,True
Al_board-washi,139.0,29.0,1.0,29.0,30,500,30x500,True
Al_board-washi,140.0,29.0,1.0,29.0,30,500,30x500,True
Al_board-washi,141.0,29.0,1.0,29.0,30,500,30x500,True
Al_board-washi,142.0,29.0,1.0,29.0,30,500,30x500,True
Al_board-washi,143.0,29.0,1.0,29.0,30,500,30x500,True
Al_board-washi,144.0,29.0,1.0,29.0,30,500,30x500,True
Al_board-washi,145.0,29.0,1.0,29.0,30,500,30x500,True
Al_board-washi,146.0,29.0,1.0,29.0,30,500,30x500,True
Al_board-washi,147.0,29.0,1.0,29.0,30,500,30x500,True
Al_board-washi,148.0,29.0,1.0,29.0,30,500,30x500,True
Al_board-washi,149.0,29.0,1.0,29.0,30,500,30x500,True
Al_board-washi,150.0,29.0,1.0,29.0,30,500,30x500,True
Al_board-washi,151.0,29.0,1.0,29.0,30,500,30x500,True
Al_board-washi,152.0,29.0,1.0,29.0,30,500,30x500,True
Al_board-washi,153.0,29.0,1.0,29.0,30,500,30x500,True
Al_board-washi,154.0,29.0,1.0,29.0,30,500,30x500,True
Al_board-washi,155.0,29.0,1.0,29.0,30,500,30x500,True
Al_board-washi,156.0,29.0,1.0,29.0,30,500,30x500,True
Al_board-washi,157.0,29.0,1.0,29.0,30,500,30x500,True
Al_board-washi,158.0,29.0,1.0,29.0,30,500,30x500,True
Al_board-washi,159.0,29.0,1.0,29.0,30,500,30x500,True
Al_board-washi,160.0,29.0,1.0,29.0,30,500,30x500,True
Al_board-washi,161.0,29.0,1.0,29.0,30,500,30x500,True
Al_board-washi,162.0,29.0,1.0,29.0,30,500,30x500,True
Al_board-washi,163.0,29.0,1.0,29.0,30,500,30x500,True
Al_board-washi,164.0,29.0,1.0,29.0,30,500,30x500,True
Al_board-washi,165.0,29.0,1.0,29.0,30,500,30x500,True
Al_board-washi,166.0,29.0,1.0,29.0,30,500,30x500,True
Al_board-washi,167.0,29.0,1.0,29.0,30,500,30x500,True
Al_board-washi,168.0,29.0,1.0,29.0,30,500,30x500,True
Al_board-washi,169.0,29.0,1.0,29.0,30,500,30x500,True
Al_board-washi,170.0,29.0,1.0,29.0,30,500,30x500,True
Al_board-washi,171.0,29.0,1.0,29.0,30,500,30x500,True
Al_board-washi,172.0,29.0,1.0,29.0,30,500,30x500,True
Al_board-washi,173.0,29.0,1.0,29.0,30,500,30x500,True
Al_board-washi,174.0,29.0,1.0,29.0,30,500,30x500,True
Al_board-washi,175.0,29.0,1.0,29.0,30,500,30x500,True
Al_board-washi,176.0,29.0,1.0,29.0,30,500,30x500,True
Al_board-washi,177.0,29.0,1.0,29.0,30,500,30x500,True
Al_board-washi,178.0,29.0,1.0,29.0,30,500,30x500,True
Al_board-washi,179.0,29.0,1.0,29.0,30,500,30x500,True
Al_board-washi,180.0,29.0,1.0,29.0,30,500,30x500,True
Al_board-washi,181.0,29.0,1.0,29.0,30,500,30x500,True
Al_board-washi,182.0,29.0,1.0,29.0,30,500,30x500,True
Al_board-washi,183.0,29.0,1.0,29.0,30,500,30x500,True
Al_board-washi,184.0,29.0,1.0,29.0,30,500,30x500,True
Al_board-washi,185.0,29.0,1.0,29.0,30,500,30x500,True
Al_board-washi,186.0,29.0,1.0,29.0,30,500,30x500,True
Al_board-washi,187.0,29.0,1.0,29.0,30,500,30x500,True
Al_board-washi,188.0,29.0,1.0,29.0,30,500,30x500,True
Al_board-washi,189.0,29.0,1.0,29.0,30,500,30x500,True
Al_board-washi,190.0,29.0,1.0,29.0,30,500,30x500,True
Al_board-washi,191.0,29.0,1.0,29.0,30,500,30x500,True
Al_board-washi,192.0,29.0,1.0,29.0,30,500,30x500,True
Al_board-washi,193.0,29.0,1.0,29.0,30,500,30x500,True
Al_board-washi,194.0,29.0,1.0,29.0,30,500,30x500,True
Al_board-washi,195.0,29.0,1.0,29.0,30,500,30x500,True
Al_board-washi,196.0,29.0,1.0,29.0,30,500,30x500,True
Al_board-washi,197.0,29.0,1.0,29.0,30,500,30x500,True
Al_board-washi,198.0,29.0,1.0,29.0,30,500,30x500,True
Al_board-washi,199.0,29.0,1.0,29.0,30,500,30x500,True
Al_board-washi,200.0,29.0,1.0,29.0,30,500,30x500,True
Al_board-washi,201.0,29.0,1.0,29.0,30,500,30x500,True
Al_board-washi,202.0,29.0,1.0,29.0,30,500,30x500,True
Al_board-washi,203.0,29.0,1.0,29.0,30,500,30x500,True
Al_board-washi,204.0,29.0,1.0,29.0,30,500,30x500,True
Al_board-washi,205.0,29.0,1.0,29.0,30,500,30x500,True
Al_board-washi,206.0,29.0,1.0,29.0,30,500,30x500,True
Al_board-washi,207.0,29.0,1.0,29.0,30,500,30x500,True
Al_board-washi,208.0,29.0,1.0,29.0,30,500,30x500,True
Al_board-washi,209.0,29.0,1.0,29.0,30,500,30x500,True
Al_board-washi,210.0,29.0,1.0,29.0,30,500,30x500,True
Al_board-washi,211.0,29.0,1.0,29.0,30,500,30x500,True
Al_board-washi,212.0,29.0,1.0,29.0,30,500,30x500,True
Al_board-washi,213.0,29.0,1.0,29.0,30,500,30x500,True
Al_board-washi,214.0,29.0,1.0,29.0,30,500,30x500,True
Al_board-washi,215.0,29.0,1.0,29.0,30,500,30x500,True
Al_board-washi,216.0,29.0,1.0,29.0,30,500,30x500,True
Al_board-washi,217.0,29.0,1.0,29.0,30,500,30x500,True
Al_board-washi,218.0,29.0,1.0,29.0,30,500,30x500,True
Al_board-washi,219.0,29.0,1.0,29.0,30,500,30x500,True
Al_board-washi,220.0,29.0,1.0,29.0,30,500,30x500,True
Al_board-washi,221.0,29.0,1.0,29.0,30,500,30x500,True
Al_board-washi,222.0,29.0,1.0,29.0,30,500,30x500,True
Al_board-washi,223.0,29.0,1.0,29.0,30,500,30x500,True
Al_board-washi,224.0,29.0,1.0,29.0,30,500,30x500,True
Al_board-washi,225.0,29.0,1.0,29.0,30,500,30x500,True
Al_board-washi,226.0,29.0,1.0,29.0,30,500,30x500,True
Al_board-washi,227.0,29.0,1.0,29.0,30,500,30x500,True
Al_board-washi,228.0,29.0,1.0,29.0,30,500,30x500,True
Al_board-washi,229.0,29.0,1.0,29.0,30,500,30x500,True
Al_board-washi,230.0,29.0,1.0,29.0,30,500,30x500,True
Al_board-washi,231.0,29.0,1.0,29.0,30,500,30x500,True
Al_board-washi,232.0,29.0,1.0,29.0,30,500,30x500,True
Al_board-washi,233.0,29.0,1.0,29.0,30,500,30x500,True
Al_board-washi,234.0,29.0,1.0,29.0,30,500,30x500,True
Al_board-washi,235.0,29.0,1.0,29.0,30,500,30x500,True
Al_board-washi,236.0,29.0,1.0,29.0,30,500,30x500,True
Al_board-washi,237.0,29.0,1.0,29.0,30,500,30x500,True
Al_board-washi,238.0,29.0,1.0,29.0,30,500,30x500,True
Al_board-washi,239.0,29.0,1.0,29.0,30,500,30x500,True
Al_board-washi,240.0,29.0,1.0,29.0,30,500,30x500,True
Al_board-washi,241.0,29.0,1.0,29.0,30,500,30x500,True
Al_board-washi,242.0,29.0,1.0,29.0,30,500,30x500,True
Al_board-washi,243.0,29.0,1.0,29.0,30,500,30x500,True
Al_board-washi,244.0,29.0,1.0,29.0,30,500,30x500,True
Al_board-washi,245.0,29.0,1.0,29.0,30,500,30x500,True
Al_board-washi,246.0,29.0,1.0,29.0,30,500,30x500,True
Al_board-washi,247.0,29.0,1.0,29.0,30,500,30x500,True
Al_board-washi,248.0,29.0,1.0,29.0,30,500,30x500,True
Al_board-washi,249.0,29.0,1.0,29.0,30,500,30x500,True
Al_board-washi,250.0,29.0,1.0,29.0,30,500,30x500,True
Al_board-washi,251.0,29.0,1.0,29.0,30,500,30x500,True
Al_board-washi,252.0,29.0,1.0,29.0,30,500,30x500,True
Al_board-washi,253.0,29.0,1.0,29.0,30,500,30x500,True
Al_board-washi,254.0,29.0,1.0,29.0,30,500,30x500,True
Al_board-washi,255.0,29.0,1.0,29.0,30,500,30x500,True
Al_board-washi,256.0,29.0,1.0,29.0,30,500,30x500,True
Al_board-washi,257.0,29.0,1.0,29.0,30,500,30x500,True
Al_board-washi,258.0,29.0,1.0,29.0,30,500,30x500,True
Al_board-washi,259.0,29.0,1.0,29.0,30,500,30x500,True
Al_board-washi,260.0,29.0,1.0,29.0,30,500,30x500,True
Al_board-washi,261.0,29.0,1.0,29.0,30,500,30x500,True
Al_board-washi,262.0,29.0,1.0,29.0,30,500,30x500,True
Al_board-washi,263.0,29.0,1.0,29.0,30,500,30x500,True
Al_board-washi,264.0,29.0,1.0,29.0,30,500,30x500,True
Al_board-washi,265.0,29.0,1.0,29.0,30,500,30x500,True
Al_board-washi,266.0,29.0,1.0,29.0,30,500,30x500,True
Al_board-washi,267.0,29.0,1.0,29.0,30,500,30x500,True
Al_board-washi,268.0,29.0,1.0,29.0,30,500,30x500,True
Al_board-washi,269.0,29.0,1.0,29.0,30,500,30x500,True
Al_board-washi,270.0,29.0,1.0,29.0,30,500,30x500,True
Al_board-washi,271.0,29.0,1.0,29.0,30,500,30x500,True
Al_board-washi,272.0,29.0,1.0,29.0,30,500,30x500,True
Al_board-washi,273.0,29.0,1.0,29.0,30,500,30x500,True
Al_board-washi,274.0,29.0,1.0,29.0,30,500,30x500,True
Al_board-washi,275.0,29.0,1.0,29.0,30,500,30x500,True
Al_board-washi,276.0,29.0,1.0,29.0,30,500,30x500,True
Al_board-washi,277.0,29.0,1.0,29.0,30,500,30x500,True
Al_board-washi,278.0,29.0,1.0,29.0,30,500,30x500,True
Al_board-washi,279.0,29.0,1.0,29.0,30,500,30x500,True
Al_board-washi,280.0,29.0,1.0,29.0,30,500,30x500,True
Al_board-washi,281.0,29.0,1.0,29.0,30,500,30x500,True
Al_board-washi,282.0,29.0,1.0,29.0,30,500,30x500,True
Al_board-washi,283.0,29.0,1.0,29.0,30,500,30x500,True
Al_board-washi,284.0,29.0,1.0,29.0,30,500,30x500,True
Al_board-washi,285.0,29.0,1.0,29.0,30,500,30x500,True
Al_board-washi,286.0,29.0,1.0,29.0,30,500,30x500,True
Al_board-washi,287.0,29.0,1.0,29.0,30,500,30x500,True
Al_board-washi,288.0,29.0,1.0,29.0,30,500,30x500,True
Al_board-washi,289.0,29.0,1.0,29.0,30,500,30x500,True
Al_board-washi,290.0,29.0,1.0,29.0,30,500,30x500,True
Al_board-washi,291.0,29.0,1.0,29.0,30,500,30x500,True
Al_board-washi,292.0,29.0,1.0,29.0,30,500,30x500,True
Al_board-washi,293.0,29.0,1.0,29.0,30,500,30x500,True
Al_board-washi,294.0,29.0,1.0,29.0,30,500,30x500,True
Al_board-washi,295.0,29.0,1.0,29.0,30,500,30x500,True
Al_board-washi,296.0,29.0,1.0,29.0,30,500,30x500,True
Al_board-washi,297.0,29.0,1.0,29.0,30,500,30x500,True
Al_board-washi,298.0,29.0,1.0,29.0,30,500,30x500,True
Al_board-washi,299.0,29.0,1.0,29.0,30,500,30x500,True
Al_board-washi,300.0,29.0,1.0,29.0,30,500,30x500,True
Al_board-washi,301.0,29.0,1.0,29.0,30,500,30x500,True
Al_board-washi,302.0,29.0,1.0,29.0,30,500,30x500,True
Al_board-washi,303.0,29.0,1.0,29.0,30,500,30x500,True
Al_board-washi,304.0,29.0,1.0,29.0,30,500,30x500,True
Al_board-washi,305.0,29.0,1.0,29.0,30,500,30x500,True
Al_board-washi,306.0,29.0,1.0,29.0,30,500,30x500,True
Al_board-washi,307.0,29.0,1.0,29.0,30,500,30x500,True
Al_board-washi,308.0,29.0,1.0,29.0,30,500,30x500,True
Al_board-washi,309.0,29.0,1.0,29.0,30,500,30x500,True
Al_board-washi,310.0,29.0,1.0,29.0,30,500,30x500,True
Al_board-washi,311.0,29.0,1.0,29.0,30,500,30x500,True
Al_board-washi,312.0,29.0,1.0,29.0,30,500,30x500,True
Al_board-washi,313.0,29.0,1.0,29.0,30,500,30x500,True
Al_board-washi,314.0,29.0,1.0,29.0,30,500,30x500,True
Al_board-washi,315.0,29.0,1.0,29.0,30,500,30x500,True
Al_board-washi,316.0,29.0,1.0,29.0,30,500,30x500,True
Al_board-washi,317.0,29.0,1.0,29.0,30,500,30x500,True
Al_board-washi,318.0,29.0,1.0,29.0,30,500,30x500,True
Al_board-washi,319.0,29.0,1.0,29.0,30,500,30x500,True
Al_board-washi,320.0,29.0,1.0,29.0,30,500,30x500,True
Al_board-washi,321.0,29.0,1.0,29.0,30,500,30x500,True
Al_board-washi,322.0,29.0,1.0,29.0,30,500,30x500,True
Al_board-washi,323.0,29.0,1.0,29.0,30,500,30x500,True
Al_board-washi,324.0,29.0,1.0,29.0,30,500,30x500,True
Al_board-washi,325.0,29.0,1.0,29.0,30,500,30x500,True
Al_board-washi,326.0,29.0,1.0,29.0,30,500,30x500,True
Al_board-washi,327.0,29.0,1.0,29.0,30,500,30x500,True
Al_board-washi,328.0,29.0,1.0,29.0,30,500,30x500,True
Al_board-washi,329.0,29.0,1.0,29.0,30,500,30x500,True
Al_board-washi,330.0,29.0,1.0,29.0,30,500,30x500,True
Al_board-washi,331.0,29.0,1.0,29.0,30,500,30x500,True
Al_board-washi,332.0,29.0,1.0,29.0,30,500,30x500,True
Al_board-washi,333.0,29.0,1.0,29.0,30,500,30x500,True
Al_board-washi,334.0,29.0,1.0,29.0,30,500,30x500,True
Al_board-washi,335.0,29.0,1.0,29.0,30,500,30x500,True
Al_board-washi,336.0,29.0,1.0,29.0,30,500,30x500,True
Al_board-washi,337.0,29.0,1.0,29.0,30,500,30x500,True
Al_board-washi,338.0,29.0,1.0,29.0,30,500,30x500,True
Al_board-washi,339.0,29.0,1.0,29.0,30,500,30x500,True
Al_board-washi,340.0,29.0,1.0,29.0,30,500,30x500,True
Al_board-washi,341.0,29.0,1.0,29.0,30,500,30x500,True
Al_board-washi,342.0,29.0,1.0,29.0,30,500,30x500,True
Al_board-washi,343.0,29.0,1.0,29.0,30,500,30x500,True
Al_board-washi,344.0,29.0,1.0,29.0,30,500,30x500,True
Al_board-washi,345.0,29.0,1.0,29.0,30,500,30x500,True
Al_board-washi,346.0,29.0,1.0,29.0,30,500,30x500,True
Al_board-washi,347.0,29.0,1.0,29.0,30,500,30x500,True
Al_board-washi,348.0,29.0,1.0,29.0,30,500,30x500,True
Al_board-washi,349.0,29.0,1.0,29.0,30,500,30x500,True
Al_board-washi,350.0,29.0,1.0,29.0,30,500,30x500,True
Al_board-washi,351.0,29.0,1.0,29.0,30,500,30x500,True
Al_board-washi,352.0,29.0,1.0,29.0,30,500,30x500,True
Al_board-washi,353.0,29.0,1.0,29.0,30,500,30x500,True
Al_board-washi,354.0,29.0,1.0,29.0,30,500,30x500,True
Al_board-washi,355.0,29.0,1.0,29.0,30,500,30x500,True
Al_board-washi,356.0,29.0,1.0,29.0,30,500,30x500,True
Al_board-washi,357.0,29.0,1.0,29.0,30,500,30x500,True
Al_board-washi,358.0,29.0,1.0,29.0,30,500,30x500,True
Al_board-washi,359.0,29.0,1.0,29.0,30,500,30x500,True
Al_board-washi,360.0,29.0,1.0,29.0,30,500,30x500,True
Al_board-washi,361.0,29.0,1.0,29.0,30,500,30x500,True
Al_board-washi,362.0,29.0,1.0,29.0,30,500,30x500,True
Al_board-washi,363.0,29.0,1.0,29.0,30,500,30x500,True
Al_board-washi,364.0,29.0,1.0,29.0,30,500,30x500,True
Al_board-washi,365.0,29.0,1.0,29.0,30,500,30x500,True
Al_board-washi,366.0,29.0,1.0,29.0,30,500,30x500,True
Al_board-washi,367.0,29.0,1.0,29.0,30,500,30x500,True
Al_board-washi,368.0,29.0,1.0,29.0,30,500,30x500,True
Al_board-washi,369.0,29.0,1.0,29.0,30,500,30x500,True
Al_board-washi,370.0,29.0,1.0,29.0,30,500,30x500,True
Al_board-washi,371.0,29.0,1.0,29.0,30,500,30x500,True
Al_board-washi,372.0,29.0,1.0,29.0,30,500,30x500,True
Al_board-washi,373.0,29.0,1.0,29.0,30,500,30x500,True
Al_board-washi,374.0,29.0,1.0,29.0,30,500,30x500,True
Al_board-washi,375.0,29.0,1.0,29.0,30,500,30x500,True
Al_board-washi,376.0,29.0,1.0,29.0,30,500,30x500,True
Al_board-washi,377.0,29.0,1.0,29.0,30,500,30x500,True
Al_board-washi,378.0,29.0,1.0,29.0,30,500,30x500,True
Al_board-washi,379.0,29.0,1.0,29.0,30,500,30x500,True
Al_board-washi,380.0,29.0,1.0,29.0,30,500,30x500,True
Al_board-washi,381.0,29.0,1.0,29.0,30,500,30x500,True
Al_board-washi,382.0,29.0,1.0,29.0,30,500,30x500,True
Al_board-washi,383.0,29.0,1.0,29.0,30,500,30x500,True
Al_board-washi,384.0,29.0,1.0,29.0,30,500,30x500,True
Al_board-washi,385.0,29.0,1.0,29.0,30,500,30x500,True
Al_board-washi,386.0,29.0,1.0,29.0,30,500,30x500,True
Al_board-washi,387.0,29.0,1.0,29.0,30,500,30x500,True
Al_board-washi,388.0,29.0,1.0,29.0,30,500,30x500,True
Al_board-washi,389.0,29.0,1.0,29.0,30,500,30x500,True
Al_board-washi,390.0,29.0,1.0,29.0,30,500,30x500,True
Al_board-washi,391.0,29.0,1.0,29.0,30,500,30x500,True
Al_board-washi,392.0,29.0,1.0,29.0,30,500,30x500,True
Al_board-washi,393.0,29.0,1.0,29.0,30,500,30x500,True
Al_board-washi,394.0,29.0,1.0,29.0,30,500,30x500,True
Al_board-washi,395.0,29.0,1.0,29.0,30,500,30x500,True
Al_board-washi,396.0,29.0,1.0,29.0,30,500,30x500,True
Al_board-washi,397.0,29.0,1.0,29.0,30,500,30x500,True
Al_board-washi,398.0,29.0,1.0,29.0,30,500,30x500,True
Al_board-washi,399.0,29.0,1.0,29.0,30,500,30x500,True
Al_board-washi,400.0,29.0,1.0,29.0,30,500,30x500,True
Al_board-washi,401.0,29.0,1.0,29.0,30,500,30x500,True
Al_board-washi,402.0,29.0,1.0,29.0,30,500,30x500,True
Al_board-washi,403.0,29.0,1.0,29.0,30,500,30x500,True
Al_board-washi,404.0,29.0,1.0,29.0,30,500,30x500,True
Al_board-washi,405.0,29.0,1.0,29.0,30,500,30x500,True
Al_board-washi,406.0,29.0,1.0,29.0,30,500,30x500,True
Al_board-washi,407.0,29.0,1.0,29.0,30,500,30x500,True
Al_board-washi,408.0,29.0,1.0,29.0,30,500,30x500,True
Al_board-washi,409.0,29.0,1.0,29.0,30,500,30x500,True
Al_board-washi,410.0,29.0,1.0,29.0,30,500,30x500,True
Al_board-washi,411.0,29.0,1.0,29.0,30,500,30x500,True
Al_board-washi,412.0,29.0,1.0,29.0,30,500,30x500,True
Al_board-washi,413.0,29.0,1.0,29.0,30,500,30x500,True
Al_board-washi,414.0,29.0,1.0,29.0,30,500,30x500,True
Al_board-washi,415.0,29.0,1.0,29.0,30,500,30x500,True
Al_board-washi,416.0,29.0,1.0,29.0,30,500,30x500,True
Al_board-washi,417.0,29.0,1.0,29.0,30,500,30x500,True
Al_board-washi,418.0,29.0,1.0,29.0,30,500,30x500,True
Al_board-washi,419.0,29.0,1.0,29.0,30,500,30x500,True
Al_board-washi,420.0,29.0,1.0,29.0,30,500,30x500,True
Al_board-washi,421.0,29.0,1.0,29.0,30,500,30x500,True
Al_board-washi,422.0,29.0,1.0,29.0,30,500,30x500,True
Al_board-washi,423.0,29.0,1.0,29.0,30,500,30x500,True
Al_board-washi,424.0,29.0,1.0,29.0,30,500,30x500,True
Al_board-washi,425.0,29.0,1.0,29.0,30,500,30x500,True
Al_board-washi,426.0,29.0,1.0,29.0,30,500,30x500,True
Al_board-washi,427.0,29.0,1.0,29.0,30,500,30x500,True
Al_board-washi,428.0,29.0,1.0,29.0,30,500,30x500,True
Al_board-washi,429.0,29.0,1.0,29.0,30,500,30x500,True
Al_board-washi,430.0,29.0,1.0,29.0,30,500,30x500,True
Al_board-washi,431.0,29.0,1.0,29.0,30,500,30x500,True
Al_board-washi,432.0,29.0,1.0,29.0,30,500,30x500,True
Al_board-washi,433.0,29.0,1.0,29.0,30,500,30x500,True
Al_board-washi,434.0,29.0,1.0,29.0,30,500,30x500,True
Al_board-washi,435.0,29.0,1.0,29.0,30,500,30x500,True
Al_board-washi,436.0,29.0,1.0,29.0,30,500,30x500,True
Al_board-washi,437.0,29.0,1.0,29.0,30,500,30x500,True
Al_board-washi,438.0,29.0,1.0,29.0,30,500,30x500,True
Al_board-washi,439.0,29.0,1.0,29.0,30,500,30x500,True
Al_board-washi,440.0,29.0,1.0,29.0,30,500,30x500,True
Al_board-washi,441.0,29.0,1.0,29.0,30,500,30x500,True
Al_board-washi,442.0,29.0,1.0,29.0,30,500,30x500,True
Al_board-washi,443.0,29.0,1.0,29.0,30,500,30x500,True
Al_board-washi,444.0,29.0,1.0,29.0,30,500,30x500,True
Al_board-washi,445.0,29.0,1.0,29.0,30,500,30x500,True
Al_board-washi,446.0,29.0,1.0,29.0,30,500,30x500,True
Al_board-washi,447.0,29.0,1.0,29.0,30,500,30x500,True
Al_board-washi,448.0,29.0,1.0,29.0,30,500,30x500,True
Al_board-washi,449.0,29.0,1.0,29.0,30,500,30x500,True
Al_board-washi,450.0,29.0,1.0,29.0,30,500,30x500,True
Al_board-washi,451.0,29.0,1.0,29.0,30,500,30x500,True
Al_board-washi,452.0,29.0,1.0,29.0,30,500,30x500,True
Al_board-washi,453.0,29.0,1.0,29.0,30,500,30x500,True
Al_board-washi,454.0,29.0,1.0,29.0,30,500,30x500,True
Al_board-washi,455.0,29.0,1.0,29.0,30,500,30x500,True
Al_board-washi,456.0,29.0,1.0,29.0,30,500,30x500,True
Al_board-washi,457.0,29.0,1.0,29.0,30,500,30x500,True
Al_board-washi,458.0,29.0,1.0,29.0,30,500,30x500,True
Al_board-washi,459.0,29.0,1.0,29.0,30,500,30x500,True
Al_board-washi,460.0,29.0,1.0,29.0,30,500,30x500,True
Al_board-washi,461.0,29.0,1.0,29.0,30,500,30x500,True
Al_board-washi,462.0,29.0,1.0,29.0,30,500,30x500,True
Al_board-washi,463.0,29.0,1.0,29.0,30,500,30x500,True
Al_board-washi,464.0,29.0,1.0,29.0,30,500,30x500,True
Al_board-washi,465.0,29.0,1.0,29.0,30,500,30x500,True
Al_board-washi,466.0,29.0,1.0,29.0,30,500,30x500,True
Al_board-washi,467.0,29.0,1.0,29.0,30,500,30x500,True
Al_board-washi,468.0,29.0,1.0,29.0,30,500,30x500,True
Al_board-washi,469.0,29.0,1.0,29.0,30,500,30x500,True
Al_board-washi,470.0,29.0,1.0,29.0,30,500,30x500,True
Al_board-washi,471.0,29.0,1.0,29.0,30,500,30x500,True
Al_board-washi,472.0,29.0,1.0,29.0,30,500,30x500,True
Al_board-washi,473.0,29.0,1.0,29.0,30,500,30x500,True
Al_board-washi,474.0,29.0,1.0,29.0,30,500,30x500,True
Al_board-washi,475.0,29.0,1.0,29.0,30,500,30x500,True
Al_board-washi,476.0,29.0,1.0,29.0,30,500,30x500,True
Al_board-washi,477.0,29.0,1.0,29.0,30,500,30x500,True
Al_board-washi,478.0,29.0,1.0,29.0,30,500,30x500,True
Al_board-washi,479.0,29.0,1.0,29.0,30,500,30x500,True
Al_board-washi,480.0,29.0,1.0,29.0,30,500,30x500,True
Al_board-washi,481.0,29.0,1.0,29.0,30,500,30x500,True
Al_board-washi,482.0,29.0,1.0,29.0,30,500,30x500,True
Al_board-washi,483.0,29.0,1.0,29.0,30,500,30x500,True
Al_board-washi,484.0,29.0,1.0,29.0,30,500,30x500,True
Al_board-washi,485.0,29.0,1.0,29.0,30,500,30x500,True
Al_board-washi,486.0,29.0,1.0,29.0,30,500,30x500,True
Al_board-washi,487.0,29.0,1.0,29.0,30,500,30x500,True
Al_board-washi,488.0,29.0,1.0,29.0,30,500,30x500,True
Al_board-washi,489.0,29.0,1.0,29.0,30,500,30x500,True
Al_board-washi,490.0,29.0,1.0,29.0,30,500,30x500,True
Al_board-washi,491.0,29.0,1.0,29.0,30,500,30x500,True
Al_board-washi,492.0,29.0,1.0,29.0,30,500,30x500,True
Al_board-washi,493.0,29.0,1.0,29.0,30,500,30x500,True
Al_board-washi,494.0,29.0,1.0,29.0,30,500,30x500,True
Al_board-washi,495.0,29.0,1.0,29.0,30,500,30x500,True
Al_board-washi,496.0,29.0,1.0,29.0,30,500,30x500,True
Al_board-washi,497.0,29.0,1.0,29.0,30,500,30x500,True
Al_board-washi,498.0,29.0,1.0,29.0,30,500,30x500,True
Al_board-washi,499.0,29.0,1.0,29.0,30,500,30x500,True
Al_board-washi,500.0,29.0,1.0,29.0,30,500,30x500,True
Al_board-rubber_board,0.0,0.0,0.0,29.0,30,500,30x500,True
Al_board-rubber_board,1.0,0.0,0.0,29.0,30,500,30x500,True
Al_board-rubber_board,2.0,0.0,0.0,29.0,30,500,30x500,True
Al_board-rubber_board,3.0,0.0,0.0,29.0,30,500,30x500,True
Al_board-rubber_board,4.0,2.0,0.06896551724137931,29.0,30,500,30x500,True
Al_board-rubber_board,5.0,3.0,0.10344827586206896,29.0,30,500,30x500,True
Al_board-rubber_board,6.0,5.0,0.1724137931034483,29.0,30,500,30x500,True
Al_board-rubber_board,7.0,7.0,0.2413793103448276,29.0,30,500,30x500,True
Al_board-rubber_board,8.0,9.0,0.3103448275862069,29.0,30,500,30x500,True
Al_board-rubber_board,9.0,12.0,0.41379310344827586,29.0,30,500,30x500,True
Al_board-rubber_board,10.0,14.0,0.4827586206896552,29.0,30,500,30x500,True
Al_board-rubber_board,11.0,16.0,0.5517241379310345,29.0,30,500,30x500,True
Al_board-rubber_board,12.0,17.0,0.5862068965517241,29.0,30,500,30x500,True
Al_board-rubber_board,13.0,17.0,0.5862068965517241,29.0,30,500,30x500,True
Al_board-rubber_board,14.0,17.0,0.5862068965517241,29.0,30,500,30x500,True
Al_board-rubber_board,15.0,17.0,0.5862068965517241,29.0,30,500,30x500,True
Al_board-rubber_board,16.0,19.0,0.6551724137931034,29.0,30,500,30x500,True
Al_board-rubber_board,17.0,19.0,0.6551724137931034,29.0,30,500,30x500,True
Al_board-rubber_board,18.0,19.0,0.6551724137931034,29.0,30,500,30x500,True
Al_board-rubber_board,19.0,20.0,0.6896551724137931,29.0,30,500,30x500,True
Al_board-rubber_board,20.0,21.0,0.7241379310344828,29.0,30,500,30x500,True
Al_board-rubber_board,21.0,20.0,0.6896551724137931,29.0,30,500,30x500,True
Al_board-rubber_board,22.0,21.0,0.7241379310344828,29.0,30,500,30x500,True
Al_board-rubber_board,23.0,21.0,0.7241379310344828,29.0,30,500,30x500,True
Al_board-rubber_board,24.0,22.0,0.7586206896551724,29.0,30,500,30x500,True
Al_board-rubber_board,25.0,23.0,0.7931034482758621,29.0,30,500,30x500,True
Al_board-rubber_board,26.0,23.0,0.7931034482758621,29.0,30,500,30x500,True
Al_board-rubber_board,27.0,24.0,0.8275862068965517,29.0,30,500,30x500,True
Al_board-rubber_board,28.0,24.0,0.8275862068965517,29.0,30,500,30x500,True
Al_board-rubber_board,29.0,24.0,0.8275862068965517,29.0,30,500,30x500,True
Al_board-rubber_board,30.0,24.0,0.8275862068965517,29.0,30,500,30x500,True
Al_board-rubber_board,31.0,24.0,0.8275862068965517,29.0,30,500,30x500,True
Al_board-rubber_board,32.0,25.0,0.8620689655172413,29.0,30,500,30x500,True
Al_board-rubber_board,33.0,25.0,0.8620689655172413,29.0,30,500,30x500,True
Al_board-rubber_board,34.0,25.0,0.8620689655172413,29.0,30,500,30x500,True
Al_board-rubber_board,35.0,26.0,0.896551724137931,29.0,30,500,30x500,True
Al_board-rubber_board,36.0,26.0,0.896551724137931,29.0,30,500,30x500,True
Al_board-rubber_board,37.0,27.0,0.9310344827586207,29.0,30,500,30x500,True
Al_board-rubber_board,38.0,27.0,0.9310344827586207,29.0,30,500,30x500,True
Al_board-rubber_board,39.0,27.0,0.9310344827586207,29.0,30,500,30x500,True
Al_board-rubber_board,40.0,27.0,0.9310344827586207,29.0,30,500,30x500,True
Al_board-rubber_board,41.0,27.0,0.9310344827586207,29.0,30,500,30x500,True
Al_board-rubber_board,42.0,27.0,0.9310344827586207,29.0,30,500,30x500,True
Al_board-rubber_board,43.0,27.0,0.9310344827586207,29.0,30,500,30x500,True
Al_board-rubber_board,44.0,28.0,0.9655172413793104,29.0,30,500,30x500,True
Al_board-rubber_board,45.0,29.0,1.0,29.0,30,500,30x500,True
Al_board-rubber_board,46.0,29.0,1.0,29.0,30,500,30x500,True
Al_board-rubber_board,47.0,29.0,1.0,29.0,30,500,30x500,True
Al_board-rubber_board,48.0,29.0,1.0,29.0,30,500,30x500,True
Al_board-rubber_board,49.0,29.0,1.0,29.0,30,500,30x500,True
Al_board-rubber_board,50.0,29.0,1.0,29.0,30,500,30x500,True
Al_board-rubber_board,51.0,29.0,1.0,29.0,30,500,30x500,True
Al_board-rubber_board,52.0,29.0,1.0,29.0,30,500,30x500,True
Al_board-rubber_board,53.0,29.0,1.0,29.0,30,500,30x500,True
Al_board-rubber_board,54.0,29.0,1.0,29.0,30,500,30x500,True
Al_board-rubber_board,55.0,29.0,1.0,29.0,30,500,30x500,True
Al_board-rubber_board,56.0,29.0,1.0,29.0,30,500,30x500,True
Al_board-rubber_board,57.0,29.0,1.0,29.0,30,500,30x500,True
Al_board-rubber_board,58.0,29.0,1.0,29.0,30,500,30x500,True
Al_board-rubber_board,59.0,29.0,1.0,29.0,30,500,30x500,True
Al_board-rubber_board,60.0,29.0,1.0,29.0,30,500,30x500,True
Al_board-rubber_board,61.0,29.0,1.0,29.0,30,500,30x500,True
Al_board-rubber_board,62.0,29.0,1.0,29.0,30,500,30x500,True
Al_board-rubber_board,63.0,29.0,1.0,29.0,30,500,30x500,True
Al_board-rubber_board,64.0,29.0,1.0,29.0,30,500,30x500,True
Al_board-rubber_board,65.0,29.0,1.0,29.0,30,500,30x500,True
Al_board-rubber_board,66.0,29.0,1.0,29.0,30,500,30x500,True
Al_board-rubber_board,67.0,29.0,1.0,29.0,30,500,30x500,True
Al_board-rubber_board,68.0,29.0,1.0,29.0,30,500,30x500,True
Al_board-rubber_board,69.0,29.0,1.0,29.0,30,500,30x500,True
Al_board-rubber_board,70.0,29.0,1.0,29.0,30,500,30x500,True
Al_board-rubber_board,71.0,29.0,1.0,29.0,30,500,30x500,True
Al_board-rubber_board,72.0,29.0,1.0,29.0,30,500,30x500,True
Al_board-rubber_board,73.0,29.0,1.0,29.0,30,500,30x500,True
Al_board-rubber_board,74.0,29.0,1.0,29.0,30,500,30x500,True
Al_board-rubber_board,75.0,29.0,1.0,29.0,30,500,30x500,True
Al_board-rubber_board,76.0,29.0,1.0,29.0,30,500,30x500,True
Al_board-rubber_board,77.0,29.0,1.0,29.0,30,500,30x500,True
Al_board-rubber_board,78.0,29.0,1.0,29.0,30,500,30x500,True
Al_board-rubber_board,79.0,29.0,1.0,29.0,30,500,30x500,True
Al_board-rubber_board,80.0,29.0,1.0,29.0,30,500,30x500,True
Al_board-rubber_board,81.0,29.0,1.0,29.0,30,500,30x500,True
Al_board-rubber_board,82.0,29.0,1.0,29.0,30,500,30x500,True
Al_board-rubber_board,83.0,29.0,1.0,29.0,30,500,30x500,True
Al_board-rubber_board,84.0,29.0,1.0,29.0,30,500,30x500,True
Al_board-rubber_board,85.0,29.0,1.0,29.0,30,500,30x500,True
Al_board-rubber_board,86.0,29.0,1.0,29.0,30,500,30x500,True
Al_board-rubber_board,87.0,29.0,1.0,29.0,30,500,30x500,True
Al_board-rubber_board,88.0,29.0,1.0,29.0,30,500,30x500,True
Al_board-rubber_board,89.0,29.0,1.0,29.0,30,500,30x500,True
Al_board-rubber_board,90.0,29.0,1.0,29.0,30,500,30x500,True
Al_board-rubber_board,91.0,29.0,1.0,29.0,30,500,30x500,True
Al_board-rubber_board,92.0,29.0,1.0,29.0,30,500,30x500,True
Al_board-rubber_board,93.0,29.0,1.0,29.0,30,500,30x500,True
Al_board-rubber_board,94.0,29.0,1.0,29.0,30,500,30x500,True
Al_board-rubber_board,95.0,29.0,1.0,29.0,30,500,30x500,True
Al_board-rubber_board,96.0,29.0,1.0,29.0,30,500,30x500,True
Al_board-rubber_board,97.0,29.0,1.0,29.0,30,500,30x500,True
Al_board-rubber_board,98.0,29.0,1.0,29.0,30,500,30x500,True
Al_board-rubber_board,99.0,29.0,1.0,29.0,30,500,30x500,True
Al_board-rubber_board,100.0,29.0,1.0,29.0,30,500,30x500,True
Al_board-rubber_board,101.0,29.0,1.0,29.0,30,500,30x500,True
Al_board-rubber_board,102.0,29.0,1.0,29.0,30,500,30x500,True
Al_board-rubber_board,103.0,29.0,1.0,29.0,30,500,30x500,True
Al_board-rubber_board,104.0,29.0,1.0,29.0,30,500,30x500,True
Al_board-rubber_board,105.0,29.0,1.0,29.0,30,500,30x500,True
Al_board-rubber_board,106.0,29.0,1.0,29.0,30,500,30x500,True
Al_board-rubber_board,107.0,29.0,1.0,29.0,30,500,30x500,True
Al_board-rubber_board,108.0,29.0,1.0,29.0,30,500,30x500,True
Al_board-rubber_board,109.0,29.0,1.0,29.0,30,500,30x500,True
Al_board-rubber_board,110.0,29.0,1.0,29.0,30,500,30x500,True
Al_board-rubber_board,111.0,29.0,1.0,29.0,30,500,30x500,True
Al_board-rubber_board,112.0,29.0,1.0,29.0,30,500,30x500,True
Al_board-rubber_board,113.0,29.0,1.0,29.0,30,500,30x500,True
Al_board-rubber_board,114.0,29.0,1.0,29.0,30,500,30x500,True
Al_board-rubber_board,115.0,29.0,1.0,29.0,30,500,30x500,True
Al_board-rubber_board,116.0,29.0,1.0,29.0,30,500,30x500,True
Al_board-rubber_board,117.0,29.0,1.0,29.0,30,500,30x500,True
Al_board-rubber_board,118.0,29.0,1.0,29.0,30,500,30x500,True
Al_board-rubber_board,119.0,29.0,1.0,29.0,30,500,30x500,True
Al_board-rubber_board,120.0,29.0,1.0,29.0,30,500,30x500,True
Al_board-rubber_board,121.0,29.0,1.0,29.0,30,500,30x500,True
Al_board-rubber_board,122.0,29.0,1.0,29.0,30,500,30x500,True
Al_board-rubber_board,123.0,29.0,1.0,29.0,30,500,30x500,True
Al_board-rubber_board,124.0,29.0,1.0,29.0,30,500,30x500,True
Al_board-rubber_board,125.0,29.0,1.0,29.0,30,500,30x500,True
Al_board-rubber_board,126.0,29.0,1.0,29.0,30,500,30x500,True
Al_board-rubber_board,127.0,29.0,1.0,29.0,30,500,30x500,True
Al_board-rubber_board,128.0,29.0,1.0,29.0,30,500,30x500,True
Al_board-rubber_board,129.0,29.0,1.0,29.0,30,500,30x500,True
Al_board-rubber_board,130.0,29.0,1.0,29.0,30,500,30x500,True
Al_board-rubber_board,131.0,29.0,1.0,29.0,30,500,30x500,True
Al_board-rubber_board,132.0,29.0,1.0,29.0,30,500,30x500,True
Al_board-rubber_board,133.0,29.0,1.0,29.0,30,500,30x500,True
Al_board-rubber_board,134.0,29.0,1.0,29.0,30,500,30x500,True
Al_board-rubber_board,135.0,29.0,1.0,29.0,30,500,30x500,True
Al_board-rubber_board,136.0,29.0,1.0,29.0,30,500,30x500,True
Al_board-rubber_board,137.0,29.0,1.0,29.0,30,500,30x500,True
Al_board-rubber_board,138.0,29.0,1.0,29.0,30,500,30x500,True
Al_board-rubber_board,139.0,29.0,1.0,29.0,30,500,30x500,True
Al_board-rubber_board,140.0,29.0,1.0,29.0,30,500,30x500,True
Al_board-rubber_board,141.0,29.0,1.0,29.0,30,500,30x500,True
Al_board-rubber_board,142.0,29.0,1.0,29.0,30,500,30x500,True
Al_board-rubber_board,143.0,29.0,1.0,29.0,30,500,30x500,True
Al_board-rubber_board,144.0,29.0,1.0,29.0,30,500,30x500,True
Al_board-rubber_board,145.0,29.0,1.0,29.0,30,500,30x500,True
Al_board-rubber_board,146.0,29.0,1.0,29.0,30,500,30x500,True
Al_board-rubber_board,147.0,29.0,1.0,29.0,30,500,30x500,True
Al_board-rubber_board,148.0,29.0,1.0,29.0,30,500,30x500,True
Al_board-rubber_board,149.0,29.0,1.0,29.0,30,500,30x500,True
Al_board-rubber_board,150.0,29.0,1.0,29.0,30,500,30x500,True
Al_board-rubber_board,151.0,29.0,1.0,29.0,30,500,30x500,True
Al_board-rubber_board,152.0,29.0,1.0,29.0,30,500,30x500,True
Al_board-rubber_board,153.0,29.0,1.0,29.0,30,500,30x500,True
Al_board-rubber_board,154.0,29.0,1.0,29.0,30,500,30x500,True
Al_board-rubber_board,155.0,29.0,1.0,29.0,30,500,30x500,True
Al_board-rubber_board,156.0,29.0,1.0,29.0,30,500,30x500,True
Al_board-rubber_board,157.0,29.0,1.0,29.0,30,500,30x500,True
Al_board-rubber_board,158.0,29.0,1.0,29.0,30,500,30x500,True
Al_board-rubber_board,159.0,29.0,1.0,29.0,30,500,30x500,True
Al_board-rubber_board,160.0,29.0,1.0,29.0,30,500,30x500,True
Al_board-rubber_board,161.0,29.0,1.0,29.0,30,500,30x500,True
Al_board-rubber_board,162.0,29.0,1.0,29.0,30,500,30x500,True
Al_board-rubber_board,163.0,29.0,1.0,29.0,30,500,30x500,True
Al_board-rubber_board,164.0,29.0,1.0,29.0,30,500,30x500,True
Al_board-rubber_board,165.0,29.0,1.0,29.0,30,500,30x500,True
Al_board-rubber_board,166.0,29.0,1.0,29.0,30,500,30x500,True
Al_board-rubber_board,167.0,29.0,1.0,29.0,30,500,30x500,True
Al_board-rubber_board,168.0,29.0,1.0,29.0,30,500,30x500,True
Al_board-rubber_board,169.0,29.0,1.0,29.0,30,500,30x500,True
Al_board-rubber_board,170.0,29.0,1.0,29.0,30,500,30x500,True
Al_board-rubber_board,171.0,29.0,1.0,29.0,30,500,30x500,True
Al_board-rubber_board,172.0,29.0,1.0,29.0,30,500,30x500,True
Al_board-rubber_board,173.0,29.0,1.0,29.0,30,500,30x500,True
Al_board-rubber_board,174.0,29.0,1.0,29.0,30,500,30x500,True
Al_board-rubber_board,175.0,29.0,1.0,29.0,30,500,30x500,True
Al_board-rubber_board,176.0,29.0,1.0,29.0,30,500,30x500,True
Al_board-rubber_board,177.0,29.0,1.0,29.0,30,500,30x500,True
Al_board-rubber_board,178.0,29.0,1.0,29.0,30,500,30x500,True
Al_board-rubber_board,179.0,29.0,1.0,29.0,30,500,30x500,True
Al_board-rubber_board,180.0,29.0,1.0,29.0,30,500,30x500,True
Al_board-rubber_board,181.0,29.0,1.0,29.0,30,500,30x500,True
Al_board-rubber_board,182.0,29.0,1.0,29.0,30,500,30x500,True
Al_board-rubber_board,183.0,29.0,1.0,29.0,30,500,30x500,True
Al_board-rubber_board,184.0,29.0,1.0,29.0,30,500,30x500,True
Al_board-rubber_board,185.0,29.0,1.0,29.0,30,500,30x500,True
Al_board-rubber_board,186.0,29.0,1.0,29.0,30,500,30x500,True
Al_board-rubber_board,187.0,29.0,1.0,29.0,30,500,30x500,True
Al_board-rubber_board,188.0,29.0,1.0,29.0,30,500,30x500,True
Al_board-rubber_board,189.0,29.0,1.0,29.0,30,500,30x500,True
Al_board-rubber_board,190.0,29.0,1.0,29.0,30,500,30x500,True
Al_board-rubber_board,191.0,29.0,1.0,29.0,30,500,30x500,True
Al_board-rubber_board,192.0,29.0,1.0,29.0,30,500,30x500,True
Al_board-rubber_board,193.0,29.0,1.0,29.0,30,500,30x500,True
Al_board-rubber_board,194.0,29.0,1.0,29.0,30,500,30x500,True
Al_board-rubber_board,195.0,29.0,1.0,29.0,30,500,30x500,True
Al_board-rubber_board,196.0,29.0,1.0,29.0,30,500,30x500,True
Al_board-rubber_board,197.0,29.0,1.0,29.0,30,500,30x500,True
Al_board-rubber_board,198.0,29.0,1.0,29.0,30,500,30x500,True
Al_board-rubber_board,199.0,29.0,1.0,29.0,30,500,30x500,True
Al_board-rubber_board,200.0,29.0,1.0,29.0,30,500,30x500,True
Al_board-rubber_board,201.0,29.0,1.0,29.0,30,500,30x500,True
Al_board-rubber_board,202.0,29.0,1.0,29.0,30,500,30x500,True
Al_board-rubber_board,203.0,29.0,1.0,29.0,30,500,30x500,True
Al_board-rubber_board,204.0,29.0,1.0,29.0,30,500,30x500,True
Al_board-rubber_board,205.0,29.0,1.0,29.0,30,500,30x500,True
Al_board-rubber_board,206.0,29.0,1.0,29.0,30,500,30x500,True
Al_board-rubber_board,207.0,29.0,1.0,29.0,30,500,30x500,True
Al_board-rubber_board,208.0,29.0,1.0,29.0,30,500,30x500,True
Al_board-rubber_board,209.0,29.0,1.0,29.0,30,500,30x500,True
Al_board-rubber_board,210.0,29.0,1.0,29.0,30,500,30x500,True
Al_board-rubber_board,211.0,29.0,1.0,29.0,30,500,30x500,True
Al_board-rubber_board,212.0,29.0,1.0,29.0,30,500,30x500,True
Al_board-rubber_board,213.0,29.0,1.0,29.0,30,500,30x500,True
Al_board-rubber_board,214.0,29.0,1.0,29.0,30,500,30x500,True
Al_board-rubber_board,215.0,29.0,1.0,29.0,30,500,30x500,True
Al_board-rubber_board,216.0,29.0,1.0,29.0,30,500,30x500,True
Al_board-rubber_board,217.0,29.0,1.0,29.0,30,500,30x500,True
Al_board-rubber_board,218.0,29.0,1.0,29.0,30,500,30x500,True
Al_board-rubber_board,219.0,29.0,1.0,29.0,30,500,30x500,True
Al_board-rubber_board,220.0,29.0,1.0,29.0,30,500,30x500,True
Al_board-rubber_board,221.0,29.0,1.0,29.0,30,500,30x500,True
Al_board-rubber_board,222.0,29.0,1.0,29.0,30,500,30x500,True
Al_board-rubber_board,223.0,29.0,1.0,29.0,30,500,30x500,True
Al_board-rubber_board,224.0,29.0,1.0,29.0,30,500,30x500,True
Al_board-rubber_board,225.0,29.0,1.0,29.0,30,500,30x500,True
Al_board-rubber_board,226.0,29.0,1.0,29.0,30,500,30x500,True
Al_board-rubber_board,227.0,29.0,1.0,29.0,30,500,30x500,True
Al_board-rubber_board,228.0,29.0,1.0,29.0,30,500,30x500,True
Al_board-rubber_board,229.0,29.0,1.0,29.0,30,500,30x500,True
Al_board-rubber_board,230.0,29.0,1.0,29.0,30,500,30x500,True
Al_board-rubber_board,231.0,29.0,1.0,29.0,30,500,30x500,True
Al_board-rubber_board,232.0,29.0,1.0,29.0,30,500,30x500,True
Al_board-rubber_board,233.0,29.0,1.0,29.0,30,500,30x500,True
Al_board-rubber_board,234.0,29.0,1.0,29.0,30,500,30x500,True
Al_board-rubber_board,235.0,29.0,1.0,29.0,30,500,30x500,True
Al_board-rubber_board,236.0,29.0,1.0,29.0,30,500,30x500,True
Al_board-rubber_board,237.0,29.0,1.0,29.0,30,500,30x500,True
Al_board-rubber_board,238.0,29.0,1.0,29.0,30,500,30x500,True
Al_board-rubber_board,239.0,29.0,1.0,29.0,30,500,30x500,True
Al_board-rubber_board,240.0,29.0,1.0,29.0,30,500,30x500,True
Al_board-rubber_board,241.0,29.0,1.0,29.0,30,500,30x500,True
Al_board-rubber_board,242.0,29.0,1.0,29.0,30,500,30x500,True
Al_board-rubber_board,243.0,29.0,1.0,29.0,30,500,30x500,True
Al_board-rubber_board,244.0,29.0,1.0,29.0,30,500,30x500,True
Al_board-rubber_board,245.0,29.0,1.0,29.0,30,500,30x500,True
Al_board-rubber_board,246.0,29.0,1.0,29.0,30,500,30x500,True
Al_board-rubber_board,247.0,29.0,1.0,29.0,30,500,30x500,True
Al_board-rubber_board,248.0,29.0,1.0,29.0,30,500,30x500,True
Al_board-rubber_board,249.0,29.0,1.0,29.0,30,500,30x500,True
Al_board-rubber_board,250.0,29.0,1.0,29.0,30,500,30x500,True
Al_board-rubber_board,251.0,29.0,1.0,29.0,30,500,30x500,True
Al_board-rubber_board,252.0,29.0,1.0,29.0,30,500,30x500,True
Al_board-rubber_board,253.0,29.0,1.0,29.0,30,500,30x500,True
Al_board-rubber_board,254.0,29.0,1.0,29.0,30,500,30x500,True
Al_board-rubber_board,255.0,29.0,1.0,29.0,30,500,30x500,True
Al_board-rubber_board,256.0,29.0,1.0,29.0,30,500,30x500,True
Al_board-rubber_board,257.0,29.0,1.0,29.0,30,500,30x500,True
Al_board-rubber_board,258.0,29.0,1.0,29.0,30,500,30x500,True
Al_board-rubber_board,259.0,29.0,1.0,29.0,30,500,30x500,True
Al_board-rubber_board,260.0,29.0,1.0,29.0,30,500,30x500,True
Al_board-rubber_board,261.0,29.0,1.0,29.0,30,500,30x500,True
Al_board-rubber_board,262.0,29.0,1.0,29.0,30,500,30x500,True
Al_board-rubber_board,263.0,29.0,1.0,29.0,30,500,30x500,True
Al_board-rubber_board,264.0,29.0,1.0,29.0,30,500,30x500,True
Al_board-rubber_board,265.0,29.0,1.0,29.0,30,500,30x500,True
Al_board-rubber_board,266.0,29.0,1.0,29.0,30,500,30x500,True
Al_board-rubber_board,267.0,29.0,1.0,29.0,30,500,30x500,True
Al_board-rubber_board,268.0,29.0,1.0,29.0,30,500,30x500,True
Al_board-rubber_board,269.0,29.0,1.0,29.0,30,500,30x500,True
Al_board-rubber_board,270.0,29.0,1.0,29.0,30,500,30x500,True
Al_board-rubber_board,271.0,29.0,1.0,29.0,30,500,30x500,True
Al_board-rubber_board,272.0,29.0,1.0,29.0,30,500,30x500,True
Al_board-rubber_board,273.0,29.0,1.0,29.0,30,500,30x500,True
Al_board-rubber_board,274.0,29.0,1.0,29.0,30,500,30x500,True
Al_board-rubber_board,275.0,29.0,1.0,29.0,30,500,30x500,True
Al_board-rubber_board,276.0,29.0,1.0,29.0,30,500,30x500,True
Al_board-rubber_board,277.0,29.0,1.0,29.0,30,500,30x500,True
Al_board-rubber_board,278.0,29.0,1.0,29.0,30,500,30x500,True
Al_board-rubber_board,279.0,29.0,1.0,29.0,30,500,30x500,True
Al_board-rubber_board,280.0,29.0,1.0,29.0,30,500,30x500,True
Al_board-rubber_board,281.0,29.0,1.0,29.0,30,500,30x500,True
Al_board-rubber_board,282.0,29.0,1.0,29.0,30,500,30x500,True
Al_board-rubber_board,283.0,29.0,1.0,29.0,30,500,30x500,True
Al_board-rubber_board,284.0,29.0,1.0,29.0,30,500,30x500,True
Al_board-rubber_board,285.0,29.0,1.0,29.0,30,500,30x500,True
Al_board-rubber_board,286.0,29.0,1.0,29.0,30,500,30x500,True
Al_board-rubber_board,287.0,29.0,1.0,29.0,30,500,30x500,True
Al_board-rubber_board,288.0,29.0,1.0,29.0,30,500,30x500,True
Al_board-rubber_board,289.0,29.0,1.0,29.0,30,500,30x500,True
Al_board-rubber_board,290.0,29.0,1.0,29.0,30,500,30x500,True
Al_board-rubber_board,291.0,29.0,1.0,29.0,30,500,30x500,True
Al_board-rubber_board,292.0,29.0,1.0,29.0,30,500,30x500,True
Al_board-rubber_board,293.0,29.0,1.0,29.0,30,500,30x500,True
Al_board-rubber_board,294.0,29.0,1.0,29.0,30,500,30x500,True
Al_board-rubber_board,295.0,29.0,1.0,29.0,30,500,30x500,True
Al_board-rubber_board,296.0,29.0,1.0,29.0,30,500,30x500,True
Al_board-rubber_board,297.0,29.0,1.0,29.0,30,500,30x500,True
Al_board-rubber_board,298.0,29.0,1.0,29.0,30,500,30x500,True
Al_board-rubber_board,299.0,29.0,1.0,29.0,30,500,30x500,True
Al_board-rubber_board,300.0,29.0,1.0,29.0,30,500,30x500,True
Al_board-rubber_board,301.0,29.0,1.0,29.0,30,500,30x500,True
Al_board-rubber_board,302.0,29.0,1.0,29.0,30,500,30x500,True
Al_board-rubber_board,303.0,29.0,1.0,29.0,30,500,30x500,True
Al_board-rubber_board,304.0,29.0,1.0,29.0,30,500,30x500,True
Al_board-rubber_board,305.0,29.0,1.0,29.0,30,500,30x500,True
Al_board-rubber_board,306.0,29.0,1.0,29.0,30,500,30x500,True
Al_board-rubber_board,307.0,29.0,1.0,29.0,30,500,30x500,True
Al_board-rubber_board,308.0,29.0,1.0,29.0,30,500,30x500,True
Al_board-rubber_board,309.0,29.0,1.0,29.0,30,500,30x500,True
Al_board-rubber_board,310.0,29.0,1.0,29.0,30,500,30x500,True
Al_board-rubber_board,311.0,29.0,1.0,29.0,30,500,30x500,True
Al_board-rubber_board,312.0,29.0,1.0,29.0,30,500,30x500,True
Al_board-rubber_board,313.0,29.0,1.0,29.0,30,500,30x500,True
Al_board-rubber_board,314.0,29.0,1.0,29.0,30,500,30x500,True
Al_board-rubber_board,315.0,29.0,1.0,29.0,30,500,30x500,True
Al_board-rubber_board,316.0,29.0,1.0,29.0,30,500,30x500,True
Al_board-rubber_board,317.0,29.0,1.0,29.0,30,500,30x500,True
Al_board-rubber_board,318.0,29.0,1.0,29.0,30,500,30x500,True
Al_board-rubber_board,319.0,29.0,1.0,29.0,30,500,30x500,True
Al_board-rubber_board,320.0,29.0,1.0,29.0,30,500,30x500,True
Al_board-rubber_board,321.0,29.0,1.0,29.0,30,500,30x500,True
Al_board-rubber_board,322.0,29.0,1.0,29.0,30,500,30x500,True
Al_board-rubber_board,323.0,29.0,1.0,29.0,30,500,30x500,True
Al_board-rubber_board,324.0,29.0,1.0,29.0,30,500,30x500,True
Al_board-rubber_board,325.0,29.0,1.0,29.0,30,500,30x500,True
Al_board-rubber_board,326.0,29.0,1.0,29.0,30,500,30x500,True
Al_board-rubber_board,327.0,29.0,1.0,29.0,30,500,30x500,True
Al_board-rubber_board,328.0,29.0,1.0,29.0,30,500,30x500,True
Al_board-rubber_board,329.0,29.0,1.0,29.0,30,500,30x500,True
Al_board-rubber_board,330.0,29.0,1.0,29.0,30,500,30x500,True
Al_board-rubber_board,331.0,29.0,1.0,29.0,30,500,30x500,True
Al_board-rubber_board,332.0,29.0,1.0,29.0,30,500,30x500,True
Al_board-rubber_board,333.0,29.0,1.0,29.0,30,500,30x500,True
Al_board-rubber_board,334.0,29.0,1.0,29.0,30,500,30x500,True
Al_board-rubber_board,335.0,29.0,1.0,29.0,30,500,30x500,True
Al_board-rubber_board,336.0,29.0,1.0,29.0,30,500,30x500,True
Al_board-rubber_board,337.0,29.0,1.0,29.0,30,500,30x500,True
Al_board-rubber_board,338.0,29.0,1.0,29.0,30,500,30x500,True
Al_board-rubber_board,339.0,29.0,1.0,29.0,30,500,30x500,True
Al_board-rubber_board,340.0,29.0,1.0,29.0,30,500,30x500,True
Al_board-rubber_board,341.0,29.0,1.0,29.0,30,500,30x500,True
Al_board-rubber_board,342.0,29.0,1.0,29.0,30,500,30x500,True
Al_board-rubber_board,343.0,29.0,1.0,29.0,30,500,30x500,True
Al_board-rubber_board,344.0,29.0,1.0,29.0,30,500,30x500,True
Al_board-rubber_board,345.0,29.0,1.0,29.0,30,500,30x500,True
Al_board-rubber_board,346.0,29.0,1.0,29.0,30,500,30x500,True
Al_board-rubber_board,347.0,29.0,1.0,29.0,30,500,30x500,True
Al_board-rubber_board,348.0,29.0,1.0,29.0,30,500,30x500,True
Al_board-rubber_board,349.0,29.0,1.0,29.0,30,500,30x500,True
Al_board-rubber_board,350.0,29.0,1.0,29.0,30,500,30x500,True
Al_board-rubber_board,351.0,29.0,1.0,29.0,30,500,30x500,True
Al_board-rubber_board,352.0,29.0,1.0,29.0,30,500,30x500,True
Al_board-rubber_board,353.0,29.0,1.0,29.0,30,500,30x500,True
Al_board-rubber_board,354.0,29.0,1.0,29.0,30,500,30x500,True
Al_board-rubber_board,355.0,29.0,1.0,29.0,30,500,30x500,True
Al_board-rubber_board,356.0,29.0,1.0,29.0,30,500,30x500,True
Al_board-rubber_board,357.0,29.0,1.0,29.0,30,500,30x500,True
Al_board-rubber_board,358.0,29.0,1.0,29.0,30,500,30x500,True
Al_board-rubber_board,359.0,29.0,1.0,29.0,30,500,30x500,True
Al_board-rubber_board,360.0,29.0,1.0,29.0,30,500,30x500,True
Al_board-rubber_board,361.0,29.0,1.0,29.0,30,500,30x500,True
Al_board-rubber_board,362.0,29.0,1.0,29.0,30,500,30x500,True
Al_board-rubber_board,363.0,29.0,1.0,29.0,30,500,30x500,True
Al_board-rubber_board,364.0,29.0,1.0,29.0,30,500,30x500,True
Al_board-rubber_board,365.0,29.0,1.0,29.0,30,500,30x500,True
Al_board-rubber_board,366.0,29.0,1.0,29.0,30,500,30x500,True
Al_board-rubber_board,367.0,29.0,1.0,29.0,30,500,30x500,True
Al_board-rubber_board,368.0,29.0,1.0,29.0,30,500,30x500,True
Al_board-rubber_board,369.0,29.0,1.0,29.0,30,500,30x500,True
Al_board-rubber_board,370.0,29.0,1.0,29.0,30,500,30x500,True
Al_board-rubber_board,371.0,29.0,1.0,29.0,30,500,30x500,True
Al_board-rubber_board,372.0,29.0,1.0,29.0,30,500,30x500,True
Al_board-rubber_board,373.0,29.0,1.0,29.0,30,500,30x500,True
Al_board-rubber_board,374.0,29.0,1.0,29.0,30,500,30x500,True
Al_board-rubber_board,375.0,29.0,1.0,29.0,30,500,30x500,True
Al_board-rubber_board,376.0,29.0,1.0,29.0,30,500,30x500,True
Al_board-rubber_board,377.0,29.0,1.0,29.0,30,500,30x500,True
Al_board-rubber_board,378.0,29.0,1.0,29.0,30,500,30x500,True
Al_board-rubber_board,379.0,29.0,1.0,29.0,30,500,30x500,True
Al_board-rubber_board,380.0,29.0,1.0,29.0,30,500,30x500,True
Al_board-rubber_board,381.0,29.0,1.0,29.0,30,500,30x500,True
Al_board-rubber_board,382.0,29.0,1.0,29.0,30,500,30x500,True
Al_board-rubber_board,383.0,29.0,1.0,29.0,30,500,30x500,True
Al_board-rubber_board,384.0,29.0,1.0,29.0,30,500,30x500,True
Al_board-rubber_board,385.0,29.0,1.0,29.0,30,500,30x500,True
Al_board-rubber_board,386.0,29.0,1.0,29.0,30,500,30x500,True
Al_board-rubber_board,387.0,29.0,1.0,29.0,30,500,30x500,True
Al_board-rubber_board,388.0,29.0,1.0,29.0,30,500,30x500,True
Al_board-rubber_board,389.0,29.0,1.0,29.0,30,500,30x500,True
Al_board-rubber_board,390.0,29.0,1.0,29.0,30,500,30x500,True
Al_board-rubber_board,391.0,29.0,1.0,29.0,30,500,30x500,True
Al_board-rubber_board,392.0,29.0,1.0,29.0,30,500,30x500,True
Al_board-rubber_board,393.0,29.0,1.0,29.0,30,500,30x500,True
Al_board-rubber_board,394.0,29.0,1.0,29.0,30,500,30x500,True
Al_board-rubber_board,395.0,29.0,1.0,29.0,30,500,30x500,True
Al_board-rubber_board,396.0,29.0,1.0,29.0,30,500,30x500,True
Al_board-rubber_board,397.0,29.0,1.0,29.0,30,500,30x500,True
Al_board-rubber_board,398.0,29.0,1.0,29.0,30,500,30x500,True
Al_board-rubber_board,399.0,29.0,1.0,29.0,30,500,30x500,True
Al_board-rubber_board,400.0,29.0,1.0,29.0,30,500,30x500,True
Al_board-rubber_board,401.0,29.0,1.0,29.0,30,500,30x500,True
Al_board-rubber_board,402.0,29.0,1.0,29.0,30,500,30x500,True
Al_board-rubber_board,403.0,29.0,1.0,29.0,30,500,30x500,True
Al_board-rubber_board,404.0,29.0,1.0,29.0,30,500,30x500,True
Al_board-rubber_board,405.0,29.0,1.0,29.0,30,500,30x500,True
Al_board-rubber_board,406.0,29.0,1.0,29.0,30,500,30x500,True
Al_board-rubber_board,407.0,29.0,1.0,29.0,30,500,30x500,True
Al_board-rubber_board,408.0,29.0,1.0,29.0,30,500,30x500,True
Al_board-rubber_board,409.0,29.0,1.0,29.0,30,500,30x500,True
Al_board-rubber_board,410.0,29.0,1.0,29.0,30,500,30x500,True
Al_board-rubber_board,411.0,29.0,1.0,29.0,30,500,30x500,True
Al_board-rubber_board,412.0,29.0,1.0,29.0,30,500,30x500,True
Al_board-rubber_board,413.0,29.0,1.0,29.0,30,500,30x500,True
Al_board-rubber_board,414.0,29.0,1.0,29.0,30,500,30x500,True
Al_board-rubber_board,415.0,29.0,1.0,29.0,30,500,30x500,True
Al_board-rubber_board,416.0,29.0,1.0,29.0,30,500,30x500,True
Al_board-rubber_board,417.0,29.0,1.0,29.0,30,500,30x500,True
Al_board-rubber_board,418.0,29.0,1.0,29.0,30,500,30x500,True
Al_board-rubber_board,419.0,29.0,1.0,29.0,30,500,30x500,True
Al_board-rubber_board,420.0,29.0,1.0,29.0,30,500,30x500,True
Al_board-rubber_board,421.0,29.0,1.0,29.0,30,500,30x500,True
Al_board-rubber_board,422.0,29.0,1.0,29.0,30,500,30x500,True
Al_board-rubber_board,423.0,29.0,1.0,29.0,30,500,30x500,True
Al_board-rubber_board,424.0,29.0,1.0,29.0,30,500,30x500,True
Al_board-rubber_board,425.0,29.0,1.0,29.0,30,500,30x500,True
Al_board-rubber_board,426.0,29.0,1.0,29.0,30,500,30x500,True
Al_board-rubber_board,427.0,29.0,1.0,29.0,30,500,30x500,True
Al_board-rubber_board,428.0,29.0,1.0,29.0,30,500,30x500,True
Al_board-rubber_board,429.0,29.0,1.0,29.0,30,500,30x500,True
Al_board-rubber_board,430.0,29.0,1.0,29.0,30,500,30x500,True
Al_board-rubber_board,431.0,29.0,1.0,29.0,30,500,30x500,True
Al_board-rubber_board,432.0,29.0,1.0,29.0,30,500,30x500,True
Al_board-rubber_board,433.0,29.0,1.0,29.0,30,500,30x500,True
Al_board-rubber_board,434.0,29.0,1.0,29.0,30,500,30x500,True
Al_board-rubber_board,435.0,29.0,1.0,29.0,30,500,30x500,True
Al_board-rubber_board,436.0,29.0,1.0,29.0,30,500,30x500,True
Al_board-rubber_board,437.0,29.0,1.0,29.0,30,500,30x500,True
Al_board-rubber_board,438.0,29.0,1.0,29.0,30,500,30x500,True
Al_board-rubber_board,439.0,29.0,1.0,29.0,30,500,30x500,True
Al_board-rubber_board,440.0,29.0,1.0,29.0,30,500,30x500,True
Al_board-rubber_board,441.0,29.0,1.0,29.0,30,500,30x500,True
Al_board-rubber_board,442.0,29.0,1.0,29.0,30,500,30x500,True
Al_board-rubber_board,443.0,29.0,1.0,29.0,30,500,30x500,True
Al_board-rubber_board,444.0,29.0,1.0,29.0,30,500,30x500,True
Al_board-rubber_board,445.0,29.0,1.0,29.0,30,500,30x500,True
Al_board-rubber_board,446.0,29.0,1.0,29.0,30,500,30x500,True
Al_board-rubber_board,447.0,29.0,1.0,29.0,30,500,30x500,True
Al_board-rubber_board,448.0,29.0,1.0,29.0,30,500,30x500,True
Al_board-rubber_board,449.0,29.0,1.0,29.0,30,500,30x500,True
Al_board-rubber_board,450.0,29.0,1.0,29.0,30,500,30x500,True
Al_board-rubber_board,451.0,29.0,1.0,29.0,30,500,30x500,True
Al_board-rubber_board,452.0,29.0,1.0,29.0,30,500,30x500,True
Al_board-rubber_board,453.0,29.0,1.0,29.0,30,500,30x500,True
Al_board-rubber_board,454.0,29.0,1.0,29.0,30,500,30x500,True
Al_board-rubber_board,455.0,29.0,1.0,29.0,30,500,30x500,True
Al_board-rubber_board,456.0,29.0,1.0,29.0,30,500,30x500,True
Al_board-rubber_board,457.0,29.0,1.0,29.0,30,500,30x500,True
Al_board-rubber_board,458.0,29.0,1.0,29.0,30,500,30x500,True
Al_board-rubber_board,459.0,29.0,1.0,29.0,30,500,30x500,True
Al_board-rubber_board,460.0,29.0,1.0,29.0,30,500,30x500,True
Al_board-rubber_board,461.0,29.0,1.0,29.0,30,500,30x500,True
Al_board-rubber_board,462.0,29.0,1.0,29.0,30,500,30x500,True
Al_board-rubber_board,463.0,29.0,1.0,29.0,30,500,30x500,True
Al_board-rubber_board,464.0,29.0,1.0,29.0,30,500,30x500,True
Al_board-rubber_board,465.0,29.0,1.0,29.0,30,500,30x500,True
Al_board-rubber_board,466.0,29.0,1.0,29.0,30,500,30x500,True
Al_board-rubber_board,467.0,29.0,1.0,29.0,30,500,30x500,True
Al_board-rubber_board,468.0,29.0,1.0,29.0,30,500,30x500,True
Al_board-rubber_board,469.0,29.0,1.0,29.0,30,500,30x500,True
Al_board-rubber_board,470.0,29.0,1.0,29.0,30,500,30x500,True
Al_board-rubber_board,471.0,29.0,1.0,29.0,30,500,30x500,True
Al_board-rubber_board,472.0,29.0,1.0,29.0,30,500,30x500,True
Al_board-rubber_board,473.0,29.0,1.0,29.0,30,500,30x500,True
Al_board-rubber_board,474.0,29.0,1.0,29.0,30,500,30x500,True
Al_board-rubber_board,475.0,29.0,1.0,29.0,30,500,30x500,True
Al_board-rubber_board,476.0,29.0,1.0,29.0,30,500,30x500,True
Al_board-rubber_board,477.0,29.0,1.0,29.0,30,500,30x500,True
Al_board-rubber_board,478.0,29.0,1.0,29.0,30,500,30x500,True
Al_board-rubber_board,479.0,29.0,1.0,29.0,30,500,30x500,True
Al_board-rubber_board,480.0,29.0,1.0,29.0,30,500,30x500,True
Al_board-rubber_board,481.0,29.0,1.0,29.0,30,500,30x500,True
Al_board-rubber_board,482.0,29.0,1.0,29.0,30,500,30x500,True
Al_board-rubber_board,483.0,29.0,1.0,29.0,30,500,30x500,True
Al_board-rubber_board,484.0,29.0,1.0,29.0,30,500,30x500,True
Al_board-rubber_board,485.0,29.0,1.0,29.0,30,500,30x500,True
Al_board-rubber_board,486.0,29.0,1.0,29.0,30,500,30x500,True
Al_board-rubber_board,487.0,29.0,1.0,29.0,30,500,30x500,True
Al_board-rubber_board,488.0,29.0,1.0,29.0,30,500,30x500,True
Al_board-rubber_board,489.0,29.0,1.0,29.0,30,500,30x500,True
Al_board-rubber_board,490.0,29.0,1.0,29.0,30,500,30x500,True
Al_board-rubber_board,491.0,29.0,1.0,29.0,30,500,30x500,True
Al_board-rubber_board,492.0,29.0,1.0,29.0,30,500,30x500,True
Al_board-rubber_board,493.0,29.0,1.0,29.0,30,500,30x500,True
Al_board-rubber_board,494.0,29.0,1.0,29.0,30,500,30x500,True
Al_board-rubber_board,495.0,29.0,1.0,29.0,30,500,30x500,True
Al_board-rubber_board,496.0,29.0,1.0,29.0,30,500,30x500,True
Al_board-rubber_board,497.0,29.0,1.0,29.0,30,500,30x500,True
Al_board-rubber_board,498.0,29.0,1.0,29.0,30,500,30x500,True
Al_board-rubber_board,499.0,29.0,1.0,29.0,30,500,30x500,True
Al_board-rubber_board,500.0,29.0,1.0,29.0,30,500,30x500,True
